date,sweep_id,arch,instance_type,clone_run_index,image,kind,probe_index,wall_seconds,exit_code,notes
2026-09-20,sweep-20260920T012411Z,arm64,r8gd.8xlarge,1,ensemblorg/ensembl-vep:release_115.2,probe,1,0.980,0,docker run --rm <image> true; no annotation; image warm from the clone's timed cells
2026-09-20,sweep-20260920T012411Z,arm64,r8gd.8xlarge,1,ensemblorg/ensembl-vep:release_115.2,probe,2,1.070,0,docker run --rm <image> true; no annotation; image warm from the clone's timed cells
2026-09-20,sweep-20260920T012411Z,arm64,r8gd.8xlarge,1,ensemblorg/ensembl-vep:release_115.2,probe,3,1.000,0,docker run --rm <image> true; no annotation; image warm from the clone's timed cells
2026-09-20,sweep-20260920T012411Z,arm64,r8gd.8xlarge,1,ensemblorg/ensembl-vep:release_115.2,probe,4,1.090,0,docker run --rm <image> true; no annotation; image warm from the clone's timed cells
2026-09-20,sweep-20260920T012411Z,arm64,r8gd.8xlarge,1,ensemblorg/ensembl-vep:release_115.2,probe,5,1.070,0,docker run --rm <image> true; no annotation; image warm from the clone's timed cells
2026-09-20,sweep-20260920T012411Z,arm64,r8gd.8xlarge,1,ensemblorg/ensembl-vep:release_115.2,probe,6,1.140,0,docker run --rm <image> true; no annotation; image warm from the clone's timed cells
2026-09-20,sweep-20260920T012411Z,arm64,r8gd.8xlarge,1,ensemblorg/ensembl-vep:release_115.2,probe,7,1.020,0,docker run --rm <image> true; no annotation; image warm from the clone's timed cells
2026-09-20,sweep-20260920T012411Z,arm64,r8gd.8xlarge,1,ensemblorg/ensembl-vep:release_115.2,probe,8,0.980,0,docker run --rm <image> true; no annotation; image warm from the clone's timed cells
2026-09-20,sweep-20260920T012411Z,arm64,r8gd.8xlarge,1,ensemblorg/ensembl-vep:release_115.2,probe,9,1.090,0,docker run --rm <image> true; no annotation; image warm from the clone's timed cells
2026-09-20,sweep-20260920T012411Z,arm64,r8gd.8xlarge,1,ensemblorg/ensembl-vep:release_115.2,probe,10,1.020,0,docker run --rm <image> true; no annotation; image warm from the clone's timed cells
2026-09-20,sweep-20260920T012411Z,arm64,r8gd.8xlarge,1,ensemblorg/ensembl-vep:release_115.2,probe,11,1.120,0,docker run --rm <image> true; no annotation; image warm from the clone's timed cells
2026-09-20,sweep-20260920T012411Z,arm64,r8gd.8xlarge,1,ensemblorg/ensembl-vep:release_115.2,probe,12,1.100,0,docker run --rm <image> true; no annotation; image warm from the clone's timed cells
2026-09-20,sweep-20260920T012411Z,arm64,r8gd.8xlarge,1,ensemblorg/ensembl-vep:release_115.2,probe,13,1.050,0,docker run --rm <image> true; no annotation; image warm from the clone's timed cells
2026-09-20,sweep-20260920T012411Z,arm64,r8gd.8xlarge,1,ensemblorg/ensembl-vep:release_115.2,probe,14,0.960,0,docker run --rm <image> true; no annotation; image warm from the clone's timed cells
2026-09-20,sweep-20260920T012411Z,arm64,r8gd.8xlarge,1,ensemblorg/ensembl-vep:release_115.2,probe,15,0.990,0,docker run --rm <image> true; no annotation; image warm from the clone's timed cells
2026-09-20,sweep-20260920T012411Z,arm64,r8gd.8xlarge,1,ensemblorg/ensembl-vep:release_115.2,probe,16,1.020,0,docker run --rm <image> true; no annotation; image warm from the clone's timed cells
2026-09-20,sweep-20260920T012411Z,arm64,r8gd.8xlarge,1,ensemblorg/ensembl-vep:release_115.2,probe,17,1.010,0,docker run --rm <image> true; no annotation; image warm from the clone's timed cells
2026-09-20,sweep-20260920T012411Z,arm64,r8gd.8xlarge,1,ensemblorg/ensembl-vep:release_115.2,probe,18,1.030,0,docker run --rm <image> true; no annotation; image warm from the clone's timed cells
2026-09-20,sweep-20260920T012411Z,arm64,r8gd.8xlarge,1,ensemblorg/ensembl-vep:release_115.2,probe,19,1.180,0,docker run --rm <image> true; no annotation; image warm from the clone's timed cells
2026-09-20,sweep-20260920T012411Z,arm64,r8gd.8xlarge,1,ensemblorg/ensembl-vep:release_115.2,probe,20,1.020,0,docker run --rm <image> true; no annotation; image warm from the clone's timed cells
2026-09-20,sweep-20260920T012411Z,arm64,r8gd.8xlarge,10,ensemblorg/ensembl-vep:release_115.2,probe,1,0.920,0,docker run --rm <image> true; no annotation; image warm from the clone's timed cells
2026-09-20,sweep-20260920T012411Z,arm64,r8gd.8xlarge,10,ensemblorg/ensembl-vep:release_115.2,probe,2,1.070,0,docker run --rm <image> true; no annotation; image warm from the clone's timed cells
2026-09-20,sweep-20260920T012411Z,arm64,r8gd.8xlarge,10,ensemblorg/ensembl-vep:release_115.2,probe,3,0.940,0,docker run --rm <image> true; no annotation; image warm from the clone's timed cells
2026-09-20,sweep-20260920T012411Z,arm64,r8gd.8xlarge,10,ensemblorg/ensembl-vep:release_115.2,probe,4,1.030,0,docker run --rm <image> true; no annotation; image warm from the clone's timed cells
2026-09-20,sweep-20260920T012411Z,arm64,r8gd.8xlarge,10,ensemblorg/ensembl-vep:release_115.2,probe,5,0.930,0,docker run --rm <image> true; no annotation; image warm from the clone's timed cells
2026-09-20,sweep-20260920T012411Z,arm64,r8gd.8xlarge,10,ensemblorg/ensembl-vep:release_115.2,probe,6,1.100,0,docker run --rm <image> true; no annotation; image warm from the clone's timed cells
2026-09-20,sweep-20260920T012411Z,arm64,r8gd.8xlarge,10,ensemblorg/ensembl-vep:release_115.2,probe,7,1.160,0,docker run --rm <image> true; no annotation; image warm from the clone's timed cells
2026-09-20,sweep-20260920T012411Z,arm64,r8gd.8xlarge,10,ensemblorg/ensembl-vep:release_115.2,probe,8,0.990,0,docker run --rm <image> true; no annotation; image warm from the clone's timed cells
2026-09-20,sweep-20260920T012411Z,arm64,r8gd.8xlarge,10,ensemblorg/ensembl-vep:release_115.2,probe,9,0.800,0,docker run --rm <image> true; no annotation; image warm from the clone's timed cells
2026-09-20,sweep-20260920T012411Z,arm64,r8gd.8xlarge,10,ensemblorg/ensembl-vep:release_115.2,probe,10,0.920,0,docker run --rm <image> true; no annotation; image warm from the clone's timed cells
2026-09-20,sweep-20260920T012411Z,arm64,r8gd.8xlarge,10,ensemblorg/ensembl-vep:release_115.2,probe,11,1.120,0,docker run --rm <image> true; no annotation; image warm from the clone's timed cells
2026-09-20,sweep-20260920T012411Z,arm64,r8gd.8xlarge,10,ensemblorg/ensembl-vep:release_115.2,probe,12,1.130,0,docker run --rm <image> true; no annotation; image warm from the clone's timed cells
2026-09-20,sweep-20260920T012411Z,arm64,r8gd.8xlarge,10,ensemblorg/ensembl-vep:release_115.2,probe,13,0.940,0,docker run --rm <image> true; no annotation; image warm from the clone's timed cells
2026-09-20,sweep-20260920T012411Z,arm64,r8gd.8xlarge,10,ensemblorg/ensembl-vep:release_115.2,probe,14,0.990,0,docker run --rm <image> true; no annotation; image warm from the clone's timed cells
2026-09-20,sweep-20260920T012411Z,arm64,r8gd.8xlarge,10,ensemblorg/ensembl-vep:release_115.2,probe,15,1.080,0,docker run --rm <image> true; no annotation; image warm from the clone's timed cells
2026-09-20,sweep-20260920T012411Z,arm64,r8gd.8xlarge,10,ensemblorg/ensembl-vep:release_115.2,probe,16,0.880,0,docker run --rm <image> true; no annotation; image warm from the clone's timed cells
2026-09-20,sweep-20260920T012411Z,arm64,r8gd.8xlarge,10,ensemblorg/ensembl-vep:release_115.2,probe,17,0.970,0,docker run --rm <image> true; no annotation; image warm from the clone's timed cells
2026-09-20,sweep-20260920T012411Z,arm64,r8gd.8xlarge,10,ensemblorg/ensembl-vep:release_115.2,probe,18,1.150,0,docker run --rm <image> true; no annotation; image warm from the clone's timed cells
2026-09-20,sweep-20260920T012411Z,arm64,r8gd.8xlarge,10,ensemblorg/ensembl-vep:release_115.2,probe,19,1.080,0,docker run --rm <image> true; no annotation; image warm from the clone's timed cells
2026-09-20,sweep-20260920T012411Z,arm64,r8gd.8xlarge,10,ensemblorg/ensembl-vep:release_115.2,probe,20,1.220,0,docker run --rm <image> true; no annotation; image warm from the clone's timed cells
2026-09-20,sweep-20260920T012411Z,arm64,r8gd.8xlarge,11,ensemblorg/ensembl-vep:release_115.2,probe,1,0.900,0,docker run --rm <image> true; no annotation; image warm from the clone's timed cells
2026-09-20,sweep-20260920T012411Z,arm64,r8gd.8xlarge,11,ensemblorg/ensembl-vep:release_115.2,probe,2,0.900,0,docker run --rm <image> true; no annotation; image warm from the clone's timed cells
2026-09-20,sweep-20260920T012411Z,arm64,r8gd.8xlarge,11,ensemblorg/ensembl-vep:release_115.2,probe,3,0.990,0,docker run --rm <image> true; no annotation; image warm from the clone's timed cells
2026-09-20,sweep-20260920T012411Z,arm64,r8gd.8xlarge,11,ensemblorg/ensembl-vep:release_115.2,probe,4,1.020,0,docker run --rm <image> true; no annotation; image warm from the clone's timed cells
2026-09-20,sweep-20260920T012411Z,arm64,r8gd.8xlarge,11,ensemblorg/ensembl-vep:release_115.2,probe,5,0.920,0,docker run --rm <image> true; no annotation; image warm from the clone's timed cells
2026-09-20,sweep-20260920T012411Z,arm64,r8gd.8xlarge,11,ensemblorg/ensembl-vep:release_115.2,probe,6,1.110,0,docker run --rm <image> true; no annotation; image warm from the clone's timed cells
2026-09-20,sweep-20260920T012411Z,arm64,r8gd.8xlarge,11,ensemblorg/ensembl-vep:release_115.2,probe,7,0.990,0,docker run --rm <image> true; no annotation; image warm from the clone's timed cells
2026-09-20,sweep-20260920T012411Z,arm64,r8gd.8xlarge,11,ensemblorg/ensembl-vep:release_115.2,probe,8,1.010,0,docker run --rm <image> true; no annotation; image warm from the clone's timed cells
2026-09-20,sweep-20260920T012411Z,arm64,r8gd.8xlarge,11,ensemblorg/ensembl-vep:release_115.2,probe,9,1.010,0,docker run --rm <image> true; no annotation; image warm from the clone's timed cells
2026-09-20,sweep-20260920T012411Z,arm64,r8gd.8xlarge,11,ensemblorg/ensembl-vep:release_115.2,probe,10,0.890,0,docker run --rm <image> true; no annotation; image warm from the clone's timed cells
2026-09-20,sweep-20260920T012411Z,arm64,r8gd.8xlarge,11,ensemblorg/ensembl-vep:release_115.2,probe,11,0.940,0,docker run --rm <image> true; no annotation; image warm from the clone's timed cells
2026-09-20,sweep-20260920T012411Z,arm64,r8gd.8xlarge,11,ensemblorg/ensembl-vep:release_115.2,probe,12,1.000,0,docker run --rm <image> true; no annotation; image warm from the clone's timed cells
2026-09-20,sweep-20260920T012411Z,arm64,r8gd.8xlarge,11,ensemblorg/ensembl-vep:release_115.2,probe,13,1.130,0,docker run --rm <image> true; no annotation; image warm from the clone's timed cells
2026-09-20,sweep-20260920T012411Z,arm64,r8gd.8xlarge,11,ensemblorg/ensembl-vep:release_115.2,probe,14,1.030,0,docker run --rm <image> true; no annotation; image warm from the clone's timed cells
2026-09-20,sweep-20260920T012411Z,arm64,r8gd.8xlarge,11,ensemblorg/ensembl-vep:release_115.2,probe,15,1.060,0,docker run --rm <image> true; no annotation; image warm from the clone's timed cells
2026-09-20,sweep-20260920T012411Z,arm64,r8gd.8xlarge,11,ensemblorg/ensembl-vep:release_115.2,probe,16,1.000,0,docker run --rm <image> true; no annotation; image warm from the clone's timed cells
2026-09-20,sweep-20260920T012411Z,arm64,r8gd.8xlarge,11,ensemblorg/ensembl-vep:release_115.2,probe,17,1.110,0,docker run --rm <image> true; no annotation; image warm from the clone's timed cells
2026-09-20,sweep-20260920T012411Z,arm64,r8gd.8xlarge,11,ensemblorg/ensembl-vep:release_115.2,probe,18,1.010,0,docker run --rm <image> true; no annotation; image warm from the clone's timed cells
2026-09-20,sweep-20260920T012411Z,arm64,r8gd.8xlarge,11,ensemblorg/ensembl-vep:release_115.2,probe,19,1.010,0,docker run --rm <image> true; no annotation; image warm from the clone's timed cells
2026-09-20,sweep-20260920T012411Z,arm64,r8gd.8xlarge,11,ensemblorg/ensembl-vep:release_115.2,probe,20,0.910,0,docker run --rm <image> true; no annotation; image warm from the clone's timed cells
2026-09-20,sweep-20260920T012411Z,arm64,r8gd.8xlarge,12,ensemblorg/ensembl-vep:release_115.2,probe,1,0.930,0,docker run --rm <image> true; no annotation; image warm from the clone's timed cells
2026-09-20,sweep-20260920T012411Z,arm64,r8gd.8xlarge,12,ensemblorg/ensembl-vep:release_115.2,probe,2,0.980,0,docker run --rm <image> true; no annotation; image warm from the clone's timed cells
2026-09-20,sweep-20260920T012411Z,arm64,r8gd.8xlarge,12,ensemblorg/ensembl-vep:release_115.2,probe,3,1.150,0,docker run --rm <image> true; no annotation; image warm from the clone's timed cells
2026-09-20,sweep-20260920T012411Z,arm64,r8gd.8xlarge,12,ensemblorg/ensembl-vep:release_115.2,probe,4,0.940,0,docker run --rm <image> true; no annotation; image warm from the clone's timed cells
2026-09-20,sweep-20260920T012411Z,arm64,r8gd.8xlarge,12,ensemblorg/ensembl-vep:release_115.2,probe,5,0.900,0,docker run --rm <image> true; no annotation; image warm from the clone's timed cells
2026-09-20,sweep-20260920T012411Z,arm64,r8gd.8xlarge,12,ensemblorg/ensembl-vep:release_115.2,probe,6,0.970,0,docker run --rm <image> true; no annotation; image warm from the clone's timed cells
2026-09-20,sweep-20260920T012411Z,arm64,r8gd.8xlarge,12,ensemblorg/ensembl-vep:release_115.2,probe,7,1.080,0,docker run --rm <image> true; no annotation; image warm from the clone's timed cells
2026-09-20,sweep-20260920T012411Z,arm64,r8gd.8xlarge,12,ensemblorg/ensembl-vep:release_115.2,probe,8,0.940,0,docker run --rm <image> true; no annotation; image warm from the clone's timed cells
2026-09-20,sweep-20260920T012411Z,arm64,r8gd.8xlarge,12,ensemblorg/ensembl-vep:release_115.2,probe,9,0.890,0,docker run --rm <image> true; no annotation; image warm from the clone's timed cells
2026-09-20,sweep-20260920T012411Z,arm64,r8gd.8xlarge,12,ensemblorg/ensembl-vep:release_115.2,probe,10,1.020,0,docker run --rm <image> true; no annotation; image warm from the clone's timed cells
2026-09-20,sweep-20260920T012411Z,arm64,r8gd.8xlarge,12,ensemblorg/ensembl-vep:release_115.2,probe,11,1.160,0,docker run --rm <image> true; no annotation; image warm from the clone's timed cells
2026-09-20,sweep-20260920T012411Z,arm64,r8gd.8xlarge,12,ensemblorg/ensembl-vep:release_115.2,probe,12,0.990,0,docker run --rm <image> true; no annotation; image warm from the clone's timed cells
2026-09-20,sweep-20260920T012411Z,arm64,r8gd.8xlarge,12,ensemblorg/ensembl-vep:release_115.2,probe,13,1.070,0,docker run --rm <image> true; no annotation; image warm from the clone's timed cells
2026-09-20,sweep-20260920T012411Z,arm64,r8gd.8xlarge,12,ensemblorg/ensembl-vep:release_115.2,probe,14,0.890,0,docker run --rm <image> true; no annotation; image warm from the clone's timed cells
2026-09-20,sweep-20260920T012411Z,arm64,r8gd.8xlarge,12,ensemblorg/ensembl-vep:release_115.2,probe,15,1.000,0,docker run --rm <image> true; no annotation; image warm from the clone's timed cells
2026-09-20,sweep-20260920T012411Z,arm64,r8gd.8xlarge,12,ensemblorg/ensembl-vep:release_115.2,probe,16,0.960,0,docker run --rm <image> true; no annotation; image warm from the clone's timed cells
2026-09-20,sweep-20260920T012411Z,arm64,r8gd.8xlarge,12,ensemblorg/ensembl-vep:release_115.2,probe,17,1.010,0,docker run --rm <image> true; no annotation; image warm from the clone's timed cells
2026-09-20,sweep-20260920T012411Z,arm64,r8gd.8xlarge,12,ensemblorg/ensembl-vep:release_115.2,probe,18,1.060,0,docker run --rm <image> true; no annotation; image warm from the clone's timed cells
2026-09-20,sweep-20260920T012411Z,arm64,r8gd.8xlarge,12,ensemblorg/ensembl-vep:release_115.2,probe,19,0.910,0,docker run --rm <image> true; no annotation; image warm from the clone's timed cells
2026-09-20,sweep-20260920T012411Z,arm64,r8gd.8xlarge,12,ensemblorg/ensembl-vep:release_115.2,probe,20,1.070,0,docker run --rm <image> true; no annotation; image warm from the clone's timed cells
2026-09-20,sweep-20260920T012411Z,arm64,r8gd.8xlarge,13,ensemblorg/ensembl-vep:release_115.2,probe,1,1.150,0,docker run --rm <image> true; no annotation; image warm from the clone's timed cells
2026-09-20,sweep-20260920T012411Z,arm64,r8gd.8xlarge,13,ensemblorg/ensembl-vep:release_115.2,probe,2,1.080,0,docker run --rm <image> true; no annotation; image warm from the clone's timed cells
2026-09-20,sweep-20260920T012411Z,arm64,r8gd.8xlarge,13,ensemblorg/ensembl-vep:release_115.2,probe,3,0.930,0,docker run --rm <image> true; no annotation; image warm from the clone's timed cells
2026-09-20,sweep-20260920T012411Z,arm64,r8gd.8xlarge,13,ensemblorg/ensembl-vep:release_115.2,probe,4,1.050,0,docker run --rm <image> true; no annotation; image warm from the clone's timed cells
2026-09-20,sweep-20260920T012411Z,arm64,r8gd.8xlarge,13,ensemblorg/ensembl-vep:release_115.2,probe,5,1.130,0,docker run --rm <image> true; no annotation; image warm from the clone's timed cells
2026-09-20,sweep-20260920T012411Z,arm64,r8gd.8xlarge,13,ensemblorg/ensembl-vep:release_115.2,probe,6,1.110,0,docker run --rm <image> true; no annotation; image warm from the clone's timed cells
2026-09-20,sweep-20260920T012411Z,arm64,r8gd.8xlarge,13,ensemblorg/ensembl-vep:release_115.2,probe,7,1.080,0,docker run --rm <image> true; no annotation; image warm from the clone's timed cells
2026-09-20,sweep-20260920T012411Z,arm64,r8gd.8xlarge,13,ensemblorg/ensembl-vep:release_115.2,probe,8,1.120,0,docker run --rm <image> true; no annotation; image warm from the clone's timed cells
2026-09-20,sweep-20260920T012411Z,arm64,r8gd.8xlarge,13,ensemblorg/ensembl-vep:release_115.2,probe,9,1.070,0,docker run --rm <image> true; no annotation; image warm from the clone's timed cells
2026-09-20,sweep-20260920T012411Z,arm64,r8gd.8xlarge,13,ensemblorg/ensembl-vep:release_115.2,probe,10,1.000,0,docker run --rm <image> true; no annotation; image warm from the clone's timed cells
2026-09-20,sweep-20260920T012411Z,arm64,r8gd.8xlarge,13,ensemblorg/ensembl-vep:release_115.2,probe,11,1.150,0,docker run --rm <image> true; no annotation; image warm from the clone's timed cells
2026-09-20,sweep-20260920T012411Z,arm64,r8gd.8xlarge,13,ensemblorg/ensembl-vep:release_115.2,probe,12,1.070,0,docker run --rm <image> true; no annotation; image warm from the clone's timed cells
2026-09-20,sweep-20260920T012411Z,arm64,r8gd.8xlarge,13,ensemblorg/ensembl-vep:release_115.2,probe,13,1.090,0,docker run --rm <image> true; no annotation; image warm from the clone's timed cells
2026-09-20,sweep-20260920T012411Z,arm64,r8gd.8xlarge,13,ensemblorg/ensembl-vep:release_115.2,probe,14,0.990,0,docker run --rm <image> true; no annotation; image warm from the clone's timed cells
2026-09-20,sweep-20260920T012411Z,arm64,r8gd.8xlarge,13,ensemblorg/ensembl-vep:release_115.2,probe,15,1.000,0,docker run --rm <image> true; no annotation; image warm from the clone's timed cells
2026-09-20,sweep-20260920T012411Z,arm64,r8gd.8xlarge,13,ensemblorg/ensembl-vep:release_115.2,probe,16,1.050,0,docker run --rm <image> true; no annotation; image warm from the clone's timed cells
2026-09-20,sweep-20260920T012411Z,arm64,r8gd.8xlarge,13,ensemblorg/ensembl-vep:release_115.2,probe,17,0.990,0,docker run --rm <image> true; no annotation; image warm from the clone's timed cells
2026-09-20,sweep-20260920T012411Z,arm64,r8gd.8xlarge,13,ensemblorg/ensembl-vep:release_115.2,probe,18,1.020,0,docker run --rm <image> true; no annotation; image warm from the clone's timed cells
2026-09-20,sweep-20260920T012411Z,arm64,r8gd.8xlarge,13,ensemblorg/ensembl-vep:release_115.2,probe,19,1.020,0,docker run --rm <image> true; no annotation; image warm from the clone's timed cells
2026-09-20,sweep-20260920T012411Z,arm64,r8gd.8xlarge,13,ensemblorg/ensembl-vep:release_115.2,probe,20,1.100,0,docker run --rm <image> true; no annotation; image warm from the clone's timed cells
2026-09-20,sweep-20260920T012411Z,arm64,r8gd.8xlarge,14,ensemblorg/ensembl-vep:release_115.2,probe,1,1.130,0,docker run --rm <image> true; no annotation; image warm from the clone's timed cells
2026-09-20,sweep-20260920T012411Z,arm64,r8gd.8xlarge,14,ensemblorg/ensembl-vep:release_115.2,probe,2,0.970,0,docker run --rm <image> true; no annotation; image warm from the clone's timed cells
2026-09-20,sweep-20260920T012411Z,arm64,r8gd.8xlarge,14,ensemblorg/ensembl-vep:release_115.2,probe,3,1.020,0,docker run --rm <image> true; no annotation; image warm from the clone's timed cells
2026-09-20,sweep-20260920T012411Z,arm64,r8gd.8xlarge,14,ensemblorg/ensembl-vep:release_115.2,probe,4,0.960,0,docker run --rm <image> true; no annotation; image warm from the clone's timed cells
2026-09-20,sweep-20260920T012411Z,arm64,r8gd.8xlarge,14,ensemblorg/ensembl-vep:release_115.2,probe,5,1.030,0,docker run --rm <image> true; no annotation; image warm from the clone's timed cells
2026-09-20,sweep-20260920T012411Z,arm64,r8gd.8xlarge,14,ensemblorg/ensembl-vep:release_115.2,probe,6,0.960,0,docker run --rm <image> true; no annotation; image warm from the clone's timed cells
2026-09-20,sweep-20260920T012411Z,arm64,r8gd.8xlarge,14,ensemblorg/ensembl-vep:release_115.2,probe,7,1.040,0,docker run --rm <image> true; no annotation; image warm from the clone's timed cells
2026-09-20,sweep-20260920T012411Z,arm64,r8gd.8xlarge,14,ensemblorg/ensembl-vep:release_115.2,probe,8,1.010,0,docker run --rm <image> true; no annotation; image warm from the clone's timed cells
2026-09-20,sweep-20260920T012411Z,arm64,r8gd.8xlarge,14,ensemblorg/ensembl-vep:release_115.2,probe,9,1.060,0,docker run --rm <image> true; no annotation; image warm from the clone's timed cells
2026-09-20,sweep-20260920T012411Z,arm64,r8gd.8xlarge,14,ensemblorg/ensembl-vep:release_115.2,probe,10,0.890,0,docker run --rm <image> true; no annotation; image warm from the clone's timed cells
2026-09-20,sweep-20260920T012411Z,arm64,r8gd.8xlarge,14,ensemblorg/ensembl-vep:release_115.2,probe,11,0.950,0,docker run --rm <image> true; no annotation; image warm from the clone's timed cells
2026-09-20,sweep-20260920T012411Z,arm64,r8gd.8xlarge,14,ensemblorg/ensembl-vep:release_115.2,probe,12,0.980,0,docker run --rm <image> true; no annotation; image warm from the clone's timed cells
2026-09-20,sweep-20260920T012411Z,arm64,r8gd.8xlarge,14,ensemblorg/ensembl-vep:release_115.2,probe,13,1.040,0,docker run --rm <image> true; no annotation; image warm from the clone's timed cells
2026-09-20,sweep-20260920T012411Z,arm64,r8gd.8xlarge,14,ensemblorg/ensembl-vep:release_115.2,probe,14,1.050,0,docker run --rm <image> true; no annotation; image warm from the clone's timed cells
2026-09-20,sweep-20260920T012411Z,arm64,r8gd.8xlarge,14,ensemblorg/ensembl-vep:release_115.2,probe,15,1.060,0,docker run --rm <image> true; no annotation; image warm from the clone's timed cells
2026-09-20,sweep-20260920T012411Z,arm64,r8gd.8xlarge,14,ensemblorg/ensembl-vep:release_115.2,probe,16,0.860,0,docker run --rm <image> true; no annotation; image warm from the clone's timed cells
2026-09-20,sweep-20260920T012411Z,arm64,r8gd.8xlarge,14,ensemblorg/ensembl-vep:release_115.2,probe,17,1.080,0,docker run --rm <image> true; no annotation; image warm from the clone's timed cells
2026-09-20,sweep-20260920T012411Z,arm64,r8gd.8xlarge,14,ensemblorg/ensembl-vep:release_115.2,probe,18,0.860,0,docker run --rm <image> true; no annotation; image warm from the clone's timed cells
2026-09-20,sweep-20260920T012411Z,arm64,r8gd.8xlarge,14,ensemblorg/ensembl-vep:release_115.2,probe,19,1.020,0,docker run --rm <image> true; no annotation; image warm from the clone's timed cells
2026-09-20,sweep-20260920T012411Z,arm64,r8gd.8xlarge,14,ensemblorg/ensembl-vep:release_115.2,probe,20,0.970,0,docker run --rm <image> true; no annotation; image warm from the clone's timed cells
2026-09-20,sweep-20260920T012411Z,arm64,r8gd.8xlarge,15,ensemblorg/ensembl-vep:release_115.2,probe,1,0.940,0,docker run --rm <image> true; no annotation; image warm from the clone's timed cells
2026-09-20,sweep-20260920T012411Z,arm64,r8gd.8xlarge,15,ensemblorg/ensembl-vep:release_115.2,probe,2,0.940,0,docker run --rm <image> true; no annotation; image warm from the clone's timed cells
2026-09-20,sweep-20260920T012411Z,arm64,r8gd.8xlarge,15,ensemblorg/ensembl-vep:release_115.2,probe,3,1.080,0,docker run --rm <image> true; no annotation; image warm from the clone's timed cells
2026-09-20,sweep-20260920T012411Z,arm64,r8gd.8xlarge,15,ensemblorg/ensembl-vep:release_115.2,probe,4,1.030,0,docker run --rm <image> true; no annotation; image warm from the clone's timed cells
2026-09-20,sweep-20260920T012411Z,arm64,r8gd.8xlarge,15,ensemblorg/ensembl-vep:release_115.2,probe,5,1.040,0,docker run --rm <image> true; no annotation; image warm from the clone's timed cells
2026-09-20,sweep-20260920T012411Z,arm64,r8gd.8xlarge,15,ensemblorg/ensembl-vep:release_115.2,probe,6,0.970,0,docker run --rm <image> true; no annotation; image warm from the clone's timed cells
2026-09-20,sweep-20260920T012411Z,arm64,r8gd.8xlarge,15,ensemblorg/ensembl-vep:release_115.2,probe,7,0.950,0,docker run --rm <image> true; no annotation; image warm from the clone's timed cells
2026-09-20,sweep-20260920T012411Z,arm64,r8gd.8xlarge,15,ensemblorg/ensembl-vep:release_115.2,probe,8,1.010,0,docker run --rm <image> true; no annotation; image warm from the clone's timed cells
2026-09-20,sweep-20260920T012411Z,arm64,r8gd.8xlarge,15,ensemblorg/ensembl-vep:release_115.2,probe,9,0.900,0,docker run --rm <image> true; no annotation; image warm from the clone's timed cells
2026-09-20,sweep-20260920T012411Z,arm64,r8gd.8xlarge,15,ensemblorg/ensembl-vep:release_115.2,probe,10,0.980,0,docker run --rm <image> true; no annotation; image warm from the clone's timed cells
2026-09-20,sweep-20260920T012411Z,arm64,r8gd.8xlarge,15,ensemblorg/ensembl-vep:release_115.2,probe,11,1.130,0,docker run --rm <image> true; no annotation; image warm from the clone's timed cells
2026-09-20,sweep-20260920T012411Z,arm64,r8gd.8xlarge,15,ensemblorg/ensembl-vep:release_115.2,probe,12,0.900,0,docker run --rm <image> true; no annotation; image warm from the clone's timed cells
2026-09-20,sweep-20260920T012411Z,arm64,r8gd.8xlarge,15,ensemblorg/ensembl-vep:release_115.2,probe,13,0.980,0,docker run --rm <image> true; no annotation; image warm from the clone's timed cells
2026-09-20,sweep-20260920T012411Z,arm64,r8gd.8xlarge,15,ensemblorg/ensembl-vep:release_115.2,probe,14,1.040,0,docker run --rm <image> true; no annotation; image warm from the clone's timed cells
2026-09-20,sweep-20260920T012411Z,arm64,r8gd.8xlarge,15,ensemblorg/ensembl-vep:release_115.2,probe,15,1.040,0,docker run --rm <image> true; no annotation; image warm from the clone's timed cells
2026-09-20,sweep-20260920T012411Z,arm64,r8gd.8xlarge,15,ensemblorg/ensembl-vep:release_115.2,probe,16,1.020,0,docker run --rm <image> true; no annotation; image warm from the clone's timed cells
2026-09-20,sweep-20260920T012411Z,arm64,r8gd.8xlarge,15,ensemblorg/ensembl-vep:release_115.2,probe,17,1.060,0,docker run --rm <image> true; no annotation; image warm from the clone's timed cells
2026-09-20,sweep-20260920T012411Z,arm64,r8gd.8xlarge,15,ensemblorg/ensembl-vep:release_115.2,probe,18,1.050,0,docker run --rm <image> true; no annotation; image warm from the clone's timed cells
2026-09-20,sweep-20260920T012411Z,arm64,r8gd.8xlarge,15,ensemblorg/ensembl-vep:release_115.2,probe,19,1.000,0,docker run --rm <image> true; no annotation; image warm from the clone's timed cells
2026-09-20,sweep-20260920T012411Z,arm64,r8gd.8xlarge,15,ensemblorg/ensembl-vep:release_115.2,probe,20,1.160,0,docker run --rm <image> true; no annotation; image warm from the clone's timed cells
2026-09-20,sweep-20260920T012411Z,arm64,r8gd.8xlarge,16,ensemblorg/ensembl-vep:release_115.2,probe,1,0.920,0,docker run --rm <image> true; no annotation; image warm from the clone's timed cells
2026-09-20,sweep-20260920T012411Z,arm64,r8gd.8xlarge,16,ensemblorg/ensembl-vep:release_115.2,probe,2,0.930,0,docker run --rm <image> true; no annotation; image warm from the clone's timed cells
2026-09-20,sweep-20260920T012411Z,arm64,r8gd.8xlarge,16,ensemblorg/ensembl-vep:release_115.2,probe,3,0.960,0,docker run --rm <image> true; no annotation; image warm from the clone's timed cells
2026-09-20,sweep-20260920T012411Z,arm64,r8gd.8xlarge,16,ensemblorg/ensembl-vep:release_115.2,probe,4,0.970,0,docker run --rm <image> true; no annotation; image warm from the clone's timed cells
2026-09-20,sweep-20260920T012411Z,arm64,r8gd.8xlarge,16,ensemblorg/ensembl-vep:release_115.2,probe,5,1.110,0,docker run --rm <image> true; no annotation; image warm from the clone's timed cells
2026-09-20,sweep-20260920T012411Z,arm64,r8gd.8xlarge,16,ensemblorg/ensembl-vep:release_115.2,probe,6,1.080,0,docker run --rm <image> true; no annotation; image warm from the clone's timed cells
2026-09-20,sweep-20260920T012411Z,arm64,r8gd.8xlarge,16,ensemblorg/ensembl-vep:release_115.2,probe,7,1.100,0,docker run --rm <image> true; no annotation; image warm from the clone's timed cells
2026-09-20,sweep-20260920T012411Z,arm64,r8gd.8xlarge,16,ensemblorg/ensembl-vep:release_115.2,probe,8,1.040,0,docker run --rm <image> true; no annotation; image warm from the clone's timed cells
2026-09-20,sweep-20260920T012411Z,arm64,r8gd.8xlarge,16,ensemblorg/ensembl-vep:release_115.2,probe,9,1.010,0,docker run --rm <image> true; no annotation; image warm from the clone's timed cells
2026-09-20,sweep-20260920T012411Z,arm64,r8gd.8xlarge,16,ensemblorg/ensembl-vep:release_115.2,probe,10,1.060,0,docker run --rm <image> true; no annotation; image warm from the clone's timed cells
2026-09-20,sweep-20260920T012411Z,arm64,r8gd.8xlarge,16,ensemblorg/ensembl-vep:release_115.2,probe,11,1.070,0,docker run --rm <image> true; no annotation; image warm from the clone's timed cells
2026-09-20,sweep-20260920T012411Z,arm64,r8gd.8xlarge,16,ensemblorg/ensembl-vep:release_115.2,probe,12,0.930,0,docker run --rm <image> true; no annotation; image warm from the clone's timed cells
2026-09-20,sweep-20260920T012411Z,arm64,r8gd.8xlarge,16,ensemblorg/ensembl-vep:release_115.2,probe,13,0.960,0,docker run --rm <image> true; no annotation; image warm from the clone's timed cells
2026-09-20,sweep-20260920T012411Z,arm64,r8gd.8xlarge,16,ensemblorg/ensembl-vep:release_115.2,probe,14,0.970,0,docker run --rm <image> true; no annotation; image warm from the clone's timed cells
2026-09-20,sweep-20260920T012411Z,arm64,r8gd.8xlarge,16,ensemblorg/ensembl-vep:release_115.2,probe,15,0.980,0,docker run --rm <image> true; no annotation; image warm from the clone's timed cells
2026-09-20,sweep-20260920T012411Z,arm64,r8gd.8xlarge,16,ensemblorg/ensembl-vep:release_115.2,probe,16,1.080,0,docker run --rm <image> true; no annotation; image warm from the clone's timed cells
2026-09-20,sweep-20260920T012411Z,arm64,r8gd.8xlarge,16,ensemblorg/ensembl-vep:release_115.2,probe,17,0.960,0,docker run --rm <image> true; no annotation; image warm from the clone's timed cells
2026-09-20,sweep-20260920T012411Z,arm64,r8gd.8xlarge,16,ensemblorg/ensembl-vep:release_115.2,probe,18,1.000,0,docker run --rm <image> true; no annotation; image warm from the clone's timed cells
2026-09-20,sweep-20260920T012411Z,arm64,r8gd.8xlarge,16,ensemblorg/ensembl-vep:release_115.2,probe,19,0.990,0,docker run --rm <image> true; no annotation; image warm from the clone's timed cells
2026-09-20,sweep-20260920T012411Z,arm64,r8gd.8xlarge,16,ensemblorg/ensembl-vep:release_115.2,probe,20,1.120,0,docker run --rm <image> true; no annotation; image warm from the clone's timed cells
2026-09-20,sweep-20260920T012411Z,arm64,r8gd.8xlarge,17,ensemblorg/ensembl-vep:release_115.2,probe,1,1.030,0,docker run --rm <image> true; no annotation; image warm from the clone's timed cells
2026-09-20,sweep-20260920T012411Z,arm64,r8gd.8xlarge,17,ensemblorg/ensembl-vep:release_115.2,probe,2,1.010,0,docker run --rm <image> true; no annotation; image warm from the clone's timed cells
2026-09-20,sweep-20260920T012411Z,arm64,r8gd.8xlarge,17,ensemblorg/ensembl-vep:release_115.2,probe,3,1.080,0,docker run --rm <image> true; no annotation; image warm from the clone's timed cells
2026-09-20,sweep-20260920T012411Z,arm64,r8gd.8xlarge,17,ensemblorg/ensembl-vep:release_115.2,probe,4,1.020,0,docker run --rm <image> true; no annotation; image warm from the clone's timed cells
2026-09-20,sweep-20260920T012411Z,arm64,r8gd.8xlarge,17,ensemblorg/ensembl-vep:release_115.2,probe,5,1.020,0,docker run --rm <image> true; no annotation; image warm from the clone's timed cells
2026-09-20,sweep-20260920T012411Z,arm64,r8gd.8xlarge,17,ensemblorg/ensembl-vep:release_115.2,probe,6,1.040,0,docker run --rm <image> true; no annotation; image warm from the clone's timed cells
2026-09-20,sweep-20260920T012411Z,arm64,r8gd.8xlarge,17,ensemblorg/ensembl-vep:release_115.2,probe,7,1.010,0,docker run --rm <image> true; no annotation; image warm from the clone's timed cells
2026-09-20,sweep-20260920T012411Z,arm64,r8gd.8xlarge,17,ensemblorg/ensembl-vep:release_115.2,probe,8,1.030,0,docker run --rm <image> true; no annotation; image warm from the clone's timed cells
2026-09-20,sweep-20260920T012411Z,arm64,r8gd.8xlarge,17,ensemblorg/ensembl-vep:release_115.2,probe,9,1.020,0,docker run --rm <image> true; no annotation; image warm from the clone's timed cells
2026-09-20,sweep-20260920T012411Z,arm64,r8gd.8xlarge,17,ensemblorg/ensembl-vep:release_115.2,probe,10,1.040,0,docker run --rm <image> true; no annotation; image warm from the clone's timed cells
2026-09-20,sweep-20260920T012411Z,arm64,r8gd.8xlarge,17,ensemblorg/ensembl-vep:release_115.2,probe,11,0.990,0,docker run --rm <image> true; no annotation; image warm from the clone's timed cells
2026-09-20,sweep-20260920T012411Z,arm64,r8gd.8xlarge,17,ensemblorg/ensembl-vep:release_115.2,probe,12,0.980,0,docker run --rm <image> true; no annotation; image warm from the clone's timed cells
2026-09-20,sweep-20260920T012411Z,arm64,r8gd.8xlarge,17,ensemblorg/ensembl-vep:release_115.2,probe,13,1.110,0,docker run --rm <image> true; no annotation; image warm from the clone's timed cells
2026-09-20,sweep-20260920T012411Z,arm64,r8gd.8xlarge,17,ensemblorg/ensembl-vep:release_115.2,probe,14,0.900,0,docker run --rm <image> true; no annotation; image warm from the clone's timed cells
2026-09-20,sweep-20260920T012411Z,arm64,r8gd.8xlarge,17,ensemblorg/ensembl-vep:release_115.2,probe,15,1.030,0,docker run --rm <image> true; no annotation; image warm from the clone's timed cells
2026-09-20,sweep-20260920T012411Z,arm64,r8gd.8xlarge,17,ensemblorg/ensembl-vep:release_115.2,probe,16,0.840,0,docker run --rm <image> true; no annotation; image warm from the clone's timed cells
2026-09-20,sweep-20260920T012411Z,arm64,r8gd.8xlarge,17,ensemblorg/ensembl-vep:release_115.2,probe,17,0.980,0,docker run --rm <image> true; no annotation; image warm from the clone's timed cells
2026-09-20,sweep-20260920T012411Z,arm64,r8gd.8xlarge,17,ensemblorg/ensembl-vep:release_115.2,probe,18,1.000,0,docker run --rm <image> true; no annotation; image warm from the clone's timed cells
2026-09-20,sweep-20260920T012411Z,arm64,r8gd.8xlarge,17,ensemblorg/ensembl-vep:release_115.2,probe,19,1.110,0,docker run --rm <image> true; no annotation; image warm from the clone's timed cells
2026-09-20,sweep-20260920T012411Z,arm64,r8gd.8xlarge,17,ensemblorg/ensembl-vep:release_115.2,probe,20,0.900,0,docker run --rm <image> true; no annotation; image warm from the clone's timed cells
2026-09-20,sweep-20260920T012411Z,arm64,r8gd.8xlarge,18,ensemblorg/ensembl-vep:release_115.2,probe,1,0.960,0,docker run --rm <image> true; no annotation; image warm from the clone's timed cells
2026-09-20,sweep-20260920T012411Z,arm64,r8gd.8xlarge,18,ensemblorg/ensembl-vep:release_115.2,probe,2,1.040,0,docker run --rm <image> true; no annotation; image warm from the clone's timed cells
2026-09-20,sweep-20260920T012411Z,arm64,r8gd.8xlarge,18,ensemblorg/ensembl-vep:release_115.2,probe,3,1.060,0,docker run --rm <image> true; no annotation; image warm from the clone's timed cells
2026-09-20,sweep-20260920T012411Z,arm64,r8gd.8xlarge,18,ensemblorg/ensembl-vep:release_115.2,probe,4,1.080,0,docker run --rm <image> true; no annotation; image warm from the clone's timed cells
2026-09-20,sweep-20260920T012411Z,arm64,r8gd.8xlarge,18,ensemblorg/ensembl-vep:release_115.2,probe,5,1.010,0,docker run --rm <image> true; no annotation; image warm from the clone's timed cells
2026-09-20,sweep-20260920T012411Z,arm64,r8gd.8xlarge,18,ensemblorg/ensembl-vep:release_115.2,probe,6,1.020,0,docker run --rm <image> true; no annotation; image warm from the clone's timed cells
2026-09-20,sweep-20260920T012411Z,arm64,r8gd.8xlarge,18,ensemblorg/ensembl-vep:release_115.2,probe,7,1.050,0,docker run --rm <image> true; no annotation; image warm from the clone's timed cells
2026-09-20,sweep-20260920T012411Z,arm64,r8gd.8xlarge,18,ensemblorg/ensembl-vep:release_115.2,probe,8,1.260,0,docker run --rm <image> true; no annotation; image warm from the clone's timed cells
2026-09-20,sweep-20260920T012411Z,arm64,r8gd.8xlarge,18,ensemblorg/ensembl-vep:release_115.2,probe,9,1.070,0,docker run --rm <image> true; no annotation; image warm from the clone's timed cells
2026-09-20,sweep-20260920T012411Z,arm64,r8gd.8xlarge,18,ensemblorg/ensembl-vep:release_115.2,probe,10,1.130,0,docker run --rm <image> true; no annotation; image warm from the clone's timed cells
2026-09-20,sweep-20260920T012411Z,arm64,r8gd.8xlarge,18,ensemblorg/ensembl-vep:release_115.2,probe,11,0.990,0,docker run --rm <image> true; no annotation; image warm from the clone's timed cells
2026-09-20,sweep-20260920T012411Z,arm64,r8gd.8xlarge,18,ensemblorg/ensembl-vep:release_115.2,probe,12,1.110,0,docker run --rm <image> true; no annotation; image warm from the clone's timed cells
2026-09-20,sweep-20260920T012411Z,arm64,r8gd.8xlarge,18,ensemblorg/ensembl-vep:release_115.2,probe,13,0.990,0,docker run --rm <image> true; no annotation; image warm from the clone's timed cells
2026-09-20,sweep-20260920T012411Z,arm64,r8gd.8xlarge,18,ensemblorg/ensembl-vep:release_115.2,probe,14,0.840,0,docker run --rm <image> true; no annotation; image warm from the clone's timed cells
2026-09-20,sweep-20260920T012411Z,arm64,r8gd.8xlarge,18,ensemblorg/ensembl-vep:release_115.2,probe,15,0.980,0,docker run --rm <image> true; no annotation; image warm from the clone's timed cells
2026-09-20,sweep-20260920T012411Z,arm64,r8gd.8xlarge,18,ensemblorg/ensembl-vep:release_115.2,probe,16,0.930,0,docker run --rm <image> true; no annotation; image warm from the clone's timed cells
2026-09-20,sweep-20260920T012411Z,arm64,r8gd.8xlarge,18,ensemblorg/ensembl-vep:release_115.2,probe,17,0.960,0,docker run --rm <image> true; no annotation; image warm from the clone's timed cells
2026-09-20,sweep-20260920T012411Z,arm64,r8gd.8xlarge,18,ensemblorg/ensembl-vep:release_115.2,probe,18,1.040,0,docker run --rm <image> true; no annotation; image warm from the clone's timed cells
2026-09-20,sweep-20260920T012411Z,arm64,r8gd.8xlarge,18,ensemblorg/ensembl-vep:release_115.2,probe,19,0.970,0,docker run --rm <image> true; no annotation; image warm from the clone's timed cells
2026-09-20,sweep-20260920T012411Z,arm64,r8gd.8xlarge,18,ensemblorg/ensembl-vep:release_115.2,probe,20,0.970,0,docker run --rm <image> true; no annotation; image warm from the clone's timed cells
2026-09-20,sweep-20260920T012411Z,arm64,r8gd.8xlarge,19,ensemblorg/ensembl-vep:release_115.2,probe,1,1.060,0,docker run --rm <image> true; no annotation; image warm from the clone's timed cells
2026-09-20,sweep-20260920T012411Z,arm64,r8gd.8xlarge,19,ensemblorg/ensembl-vep:release_115.2,probe,2,1.030,0,docker run --rm <image> true; no annotation; image warm from the clone's timed cells
2026-09-20,sweep-20260920T012411Z,arm64,r8gd.8xlarge,19,ensemblorg/ensembl-vep:release_115.2,probe,3,0.990,0,docker run --rm <image> true; no annotation; image warm from the clone's timed cells
2026-09-20,sweep-20260920T012411Z,arm64,r8gd.8xlarge,19,ensemblorg/ensembl-vep:release_115.2,probe,4,0.980,0,docker run --rm <image> true; no annotation; image warm from the clone's timed cells
2026-09-20,sweep-20260920T012411Z,arm64,r8gd.8xlarge,19,ensemblorg/ensembl-vep:release_115.2,probe,5,0.930,0,docker run --rm <image> true; no annotation; image warm from the clone's timed cells
2026-09-20,sweep-20260920T012411Z,arm64,r8gd.8xlarge,19,ensemblorg/ensembl-vep:release_115.2,probe,6,1.160,0,docker run --rm <image> true; no annotation; image warm from the clone's timed cells
2026-09-20,sweep-20260920T012411Z,arm64,r8gd.8xlarge,19,ensemblorg/ensembl-vep:release_115.2,probe,7,1.040,0,docker run --rm <image> true; no annotation; image warm from the clone's timed cells
2026-09-20,sweep-20260920T012411Z,arm64,r8gd.8xlarge,19,ensemblorg/ensembl-vep:release_115.2,probe,8,1.060,0,docker run --rm <image> true; no annotation; image warm from the clone's timed cells
2026-09-20,sweep-20260920T012411Z,arm64,r8gd.8xlarge,19,ensemblorg/ensembl-vep:release_115.2,probe,9,0.950,0,docker run --rm <image> true; no annotation; image warm from the clone's timed cells
2026-09-20,sweep-20260920T012411Z,arm64,r8gd.8xlarge,19,ensemblorg/ensembl-vep:release_115.2,probe,10,0.940,0,docker run --rm <image> true; no annotation; image warm from the clone's timed cells
2026-09-20,sweep-20260920T012411Z,arm64,r8gd.8xlarge,19,ensemblorg/ensembl-vep:release_115.2,probe,11,0.840,0,docker run --rm <image> true; no annotation; image warm from the clone's timed cells
2026-09-20,sweep-20260920T012411Z,arm64,r8gd.8xlarge,19,ensemblorg/ensembl-vep:release_115.2,probe,12,0.940,0,docker run --rm <image> true; no annotation; image warm from the clone's timed cells
2026-09-20,sweep-20260920T012411Z,arm64,r8gd.8xlarge,19,ensemblorg/ensembl-vep:release_115.2,probe,13,1.060,0,docker run --rm <image> true; no annotation; image warm from the clone's timed cells
2026-09-20,sweep-20260920T012411Z,arm64,r8gd.8xlarge,19,ensemblorg/ensembl-vep:release_115.2,probe,14,1.090,0,docker run --rm <image> true; no annotation; image warm from the clone's timed cells
2026-09-20,sweep-20260920T012411Z,arm64,r8gd.8xlarge,19,ensemblorg/ensembl-vep:release_115.2,probe,15,1.080,0,docker run --rm <image> true; no annotation; image warm from the clone's timed cells
2026-09-20,sweep-20260920T012411Z,arm64,r8gd.8xlarge,19,ensemblorg/ensembl-vep:release_115.2,probe,16,1.130,0,docker run --rm <image> true; no annotation; image warm from the clone's timed cells
2026-09-20,sweep-20260920T012411Z,arm64,r8gd.8xlarge,19,ensemblorg/ensembl-vep:release_115.2,probe,17,1.100,0,docker run --rm <image> true; no annotation; image warm from the clone's timed cells
2026-09-20,sweep-20260920T012411Z,arm64,r8gd.8xlarge,19,ensemblorg/ensembl-vep:release_115.2,probe,18,1.000,0,docker run --rm <image> true; no annotation; image warm from the clone's timed cells
2026-09-20,sweep-20260920T012411Z,arm64,r8gd.8xlarge,19,ensemblorg/ensembl-vep:release_115.2,probe,19,1.070,0,docker run --rm <image> true; no annotation; image warm from the clone's timed cells
2026-09-20,sweep-20260920T012411Z,arm64,r8gd.8xlarge,19,ensemblorg/ensembl-vep:release_115.2,probe,20,1.140,0,docker run --rm <image> true; no annotation; image warm from the clone's timed cells
2026-09-20,sweep-20260920T012411Z,arm64,r8gd.8xlarge,2,ensemblorg/ensembl-vep:release_115.2,probe,1,1.210,0,docker run --rm <image> true; no annotation; image warm from the clone's timed cells
2026-09-20,sweep-20260920T012411Z,arm64,r8gd.8xlarge,2,ensemblorg/ensembl-vep:release_115.2,probe,2,0.890,0,docker run --rm <image> true; no annotation; image warm from the clone's timed cells
2026-09-20,sweep-20260920T012411Z,arm64,r8gd.8xlarge,2,ensemblorg/ensembl-vep:release_115.2,probe,3,0.940,0,docker run --rm <image> true; no annotation; image warm from the clone's timed cells
2026-09-20,sweep-20260920T012411Z,arm64,r8gd.8xlarge,2,ensemblorg/ensembl-vep:release_115.2,probe,4,1.060,0,docker run --rm <image> true; no annotation; image warm from the clone's timed cells
2026-09-20,sweep-20260920T012411Z,arm64,r8gd.8xlarge,2,ensemblorg/ensembl-vep:release_115.2,probe,5,1.200,0,docker run --rm <image> true; no annotation; image warm from the clone's timed cells
2026-09-20,sweep-20260920T012411Z,arm64,r8gd.8xlarge,2,ensemblorg/ensembl-vep:release_115.2,probe,6,0.930,0,docker run --rm <image> true; no annotation; image warm from the clone's timed cells
2026-09-20,sweep-20260920T012411Z,arm64,r8gd.8xlarge,2,ensemblorg/ensembl-vep:release_115.2,probe,7,1.010,0,docker run --rm <image> true; no annotation; image warm from the clone's timed cells
2026-09-20,sweep-20260920T012411Z,arm64,r8gd.8xlarge,2,ensemblorg/ensembl-vep:release_115.2,probe,8,0.960,0,docker run --rm <image> true; no annotation; image warm from the clone's timed cells
2026-09-20,sweep-20260920T012411Z,arm64,r8gd.8xlarge,2,ensemblorg/ensembl-vep:release_115.2,probe,9,1.170,0,docker run --rm <image> true; no annotation; image warm from the clone's timed cells
2026-09-20,sweep-20260920T012411Z,arm64,r8gd.8xlarge,2,ensemblorg/ensembl-vep:release_115.2,probe,10,1.100,0,docker run --rm <image> true; no annotation; image warm from the clone's timed cells
2026-09-20,sweep-20260920T012411Z,arm64,r8gd.8xlarge,2,ensemblorg/ensembl-vep:release_115.2,probe,11,0.910,0,docker run --rm <image> true; no annotation; image warm from the clone's timed cells
2026-09-20,sweep-20260920T012411Z,arm64,r8gd.8xlarge,2,ensemblorg/ensembl-vep:release_115.2,probe,12,1.050,0,docker run --rm <image> true; no annotation; image warm from the clone's timed cells
2026-09-20,sweep-20260920T012411Z,arm64,r8gd.8xlarge,2,ensemblorg/ensembl-vep:release_115.2,probe,13,1.040,0,docker run --rm <image> true; no annotation; image warm from the clone's timed cells
2026-09-20,sweep-20260920T012411Z,arm64,r8gd.8xlarge,2,ensemblorg/ensembl-vep:release_115.2,probe,14,1.070,0,docker run --rm <image> true; no annotation; image warm from the clone's timed cells
2026-09-20,sweep-20260920T012411Z,arm64,r8gd.8xlarge,2,ensemblorg/ensembl-vep:release_115.2,probe,15,0.990,0,docker run --rm <image> true; no annotation; image warm from the clone's timed cells
2026-09-20,sweep-20260920T012411Z,arm64,r8gd.8xlarge,2,ensemblorg/ensembl-vep:release_115.2,probe,16,1.180,0,docker run --rm <image> true; no annotation; image warm from the clone's timed cells
2026-09-20,sweep-20260920T012411Z,arm64,r8gd.8xlarge,2,ensemblorg/ensembl-vep:release_115.2,probe,17,1.150,0,docker run --rm <image> true; no annotation; image warm from the clone's timed cells
2026-09-20,sweep-20260920T012411Z,arm64,r8gd.8xlarge,2,ensemblorg/ensembl-vep:release_115.2,probe,18,1.000,0,docker run --rm <image> true; no annotation; image warm from the clone's timed cells
2026-09-20,sweep-20260920T012411Z,arm64,r8gd.8xlarge,2,ensemblorg/ensembl-vep:release_115.2,probe,19,1.050,0,docker run --rm <image> true; no annotation; image warm from the clone's timed cells
2026-09-20,sweep-20260920T012411Z,arm64,r8gd.8xlarge,2,ensemblorg/ensembl-vep:release_115.2,probe,20,1.040,0,docker run --rm <image> true; no annotation; image warm from the clone's timed cells
2026-09-20,sweep-20260920T012411Z,arm64,r8gd.8xlarge,20,ensemblorg/ensembl-vep:release_115.2,probe,1,0.960,0,docker run --rm <image> true; no annotation; image warm from the clone's timed cells
2026-09-20,sweep-20260920T012411Z,arm64,r8gd.8xlarge,20,ensemblorg/ensembl-vep:release_115.2,probe,2,1.140,0,docker run --rm <image> true; no annotation; image warm from the clone's timed cells
2026-09-20,sweep-20260920T012411Z,arm64,r8gd.8xlarge,20,ensemblorg/ensembl-vep:release_115.2,probe,3,1.030,0,docker run --rm <image> true; no annotation; image warm from the clone's timed cells
2026-09-20,sweep-20260920T012411Z,arm64,r8gd.8xlarge,20,ensemblorg/ensembl-vep:release_115.2,probe,4,1.030,0,docker run --rm <image> true; no annotation; image warm from the clone's timed cells
2026-09-20,sweep-20260920T012411Z,arm64,r8gd.8xlarge,20,ensemblorg/ensembl-vep:release_115.2,probe,5,1.100,0,docker run --rm <image> true; no annotation; image warm from the clone's timed cells
2026-09-20,sweep-20260920T012411Z,arm64,r8gd.8xlarge,20,ensemblorg/ensembl-vep:release_115.2,probe,6,0.960,0,docker run --rm <image> true; no annotation; image warm from the clone's timed cells
2026-09-20,sweep-20260920T012411Z,arm64,r8gd.8xlarge,20,ensemblorg/ensembl-vep:release_115.2,probe,7,0.880,0,docker run --rm <image> true; no annotation; image warm from the clone's timed cells
2026-09-20,sweep-20260920T012411Z,arm64,r8gd.8xlarge,20,ensemblorg/ensembl-vep:release_115.2,probe,8,1.000,0,docker run --rm <image> true; no annotation; image warm from the clone's timed cells
2026-09-20,sweep-20260920T012411Z,arm64,r8gd.8xlarge,20,ensemblorg/ensembl-vep:release_115.2,probe,9,0.930,0,docker run --rm <image> true; no annotation; image warm from the clone's timed cells
2026-09-20,sweep-20260920T012411Z,arm64,r8gd.8xlarge,20,ensemblorg/ensembl-vep:release_115.2,probe,10,1.070,0,docker run --rm <image> true; no annotation; image warm from the clone's timed cells
2026-09-20,sweep-20260920T012411Z,arm64,r8gd.8xlarge,20,ensemblorg/ensembl-vep:release_115.2,probe,11,1.150,0,docker run --rm <image> true; no annotation; image warm from the clone's timed cells
2026-09-20,sweep-20260920T012411Z,arm64,r8gd.8xlarge,20,ensemblorg/ensembl-vep:release_115.2,probe,12,1.000,0,docker run --rm <image> true; no annotation; image warm from the clone's timed cells
2026-09-20,sweep-20260920T012411Z,arm64,r8gd.8xlarge,20,ensemblorg/ensembl-vep:release_115.2,probe,13,1.090,0,docker run --rm <image> true; no annotation; image warm from the clone's timed cells
2026-09-20,sweep-20260920T012411Z,arm64,r8gd.8xlarge,20,ensemblorg/ensembl-vep:release_115.2,probe,14,1.160,0,docker run --rm <image> true; no annotation; image warm from the clone's timed cells
2026-09-20,sweep-20260920T012411Z,arm64,r8gd.8xlarge,20,ensemblorg/ensembl-vep:release_115.2,probe,15,1.000,0,docker run --rm <image> true; no annotation; image warm from the clone's timed cells
2026-09-20,sweep-20260920T012411Z,arm64,r8gd.8xlarge,20,ensemblorg/ensembl-vep:release_115.2,probe,16,1.000,0,docker run --rm <image> true; no annotation; image warm from the clone's timed cells
2026-09-20,sweep-20260920T012411Z,arm64,r8gd.8xlarge,20,ensemblorg/ensembl-vep:release_115.2,probe,17,1.010,0,docker run --rm <image> true; no annotation; image warm from the clone's timed cells
2026-09-20,sweep-20260920T012411Z,arm64,r8gd.8xlarge,20,ensemblorg/ensembl-vep:release_115.2,probe,18,1.020,0,docker run --rm <image> true; no annotation; image warm from the clone's timed cells
2026-09-20,sweep-20260920T012411Z,arm64,r8gd.8xlarge,20,ensemblorg/ensembl-vep:release_115.2,probe,19,1.010,0,docker run --rm <image> true; no annotation; image warm from the clone's timed cells
2026-09-20,sweep-20260920T012411Z,arm64,r8gd.8xlarge,20,ensemblorg/ensembl-vep:release_115.2,probe,20,0.970,0,docker run --rm <image> true; no annotation; image warm from the clone's timed cells
2026-09-20,sweep-20260920T012411Z,arm64,r8gd.8xlarge,3,ensemblorg/ensembl-vep:release_115.2,probe,1,1.030,0,docker run --rm <image> true; no annotation; image warm from the clone's timed cells
2026-09-20,sweep-20260920T012411Z,arm64,r8gd.8xlarge,3,ensemblorg/ensembl-vep:release_115.2,probe,2,1.030,0,docker run --rm <image> true; no annotation; image warm from the clone's timed cells
2026-09-20,sweep-20260920T012411Z,arm64,r8gd.8xlarge,3,ensemblorg/ensembl-vep:release_115.2,probe,3,0.960,0,docker run --rm <image> true; no annotation; image warm from the clone's timed cells
2026-09-20,sweep-20260920T012411Z,arm64,r8gd.8xlarge,3,ensemblorg/ensembl-vep:release_115.2,probe,4,0.960,0,docker run --rm <image> true; no annotation; image warm from the clone's timed cells
2026-09-20,sweep-20260920T012411Z,arm64,r8gd.8xlarge,3,ensemblorg/ensembl-vep:release_115.2,probe,5,1.070,0,docker run --rm <image> true; no annotation; image warm from the clone's timed cells
2026-09-20,sweep-20260920T012411Z,arm64,r8gd.8xlarge,3,ensemblorg/ensembl-vep:release_115.2,probe,6,1.120,0,docker run --rm <image> true; no annotation; image warm from the clone's timed cells
2026-09-20,sweep-20260920T012411Z,arm64,r8gd.8xlarge,3,ensemblorg/ensembl-vep:release_115.2,probe,7,0.970,0,docker run --rm <image> true; no annotation; image warm from the clone's timed cells
2026-09-20,sweep-20260920T012411Z,arm64,r8gd.8xlarge,3,ensemblorg/ensembl-vep:release_115.2,probe,8,0.920,0,docker run --rm <image> true; no annotation; image warm from the clone's timed cells
2026-09-20,sweep-20260920T012411Z,arm64,r8gd.8xlarge,3,ensemblorg/ensembl-vep:release_115.2,probe,9,1.220,0,docker run --rm <image> true; no annotation; image warm from the clone's timed cells
2026-09-20,sweep-20260920T012411Z,arm64,r8gd.8xlarge,3,ensemblorg/ensembl-vep:release_115.2,probe,10,1.140,0,docker run --rm <image> true; no annotation; image warm from the clone's timed cells
2026-09-20,sweep-20260920T012411Z,arm64,r8gd.8xlarge,3,ensemblorg/ensembl-vep:release_115.2,probe,11,1.030,0,docker run --rm <image> true; no annotation; image warm from the clone's timed cells
2026-09-20,sweep-20260920T012411Z,arm64,r8gd.8xlarge,3,ensemblorg/ensembl-vep:release_115.2,probe,12,1.020,0,docker run --rm <image> true; no annotation; image warm from the clone's timed cells
2026-09-20,sweep-20260920T012411Z,arm64,r8gd.8xlarge,3,ensemblorg/ensembl-vep:release_115.2,probe,13,1.060,0,docker run --rm <image> true; no annotation; image warm from the clone's timed cells
2026-09-20,sweep-20260920T012411Z,arm64,r8gd.8xlarge,3,ensemblorg/ensembl-vep:release_115.2,probe,14,1.000,0,docker run --rm <image> true; no annotation; image warm from the clone's timed cells
2026-09-20,sweep-20260920T012411Z,arm64,r8gd.8xlarge,3,ensemblorg/ensembl-vep:release_115.2,probe,15,1.120,0,docker run --rm <image> true; no annotation; image warm from the clone's timed cells
2026-09-20,sweep-20260920T012411Z,arm64,r8gd.8xlarge,3,ensemblorg/ensembl-vep:release_115.2,probe,16,1.140,0,docker run --rm <image> true; no annotation; image warm from the clone's timed cells
2026-09-20,sweep-20260920T012411Z,arm64,r8gd.8xlarge,3,ensemblorg/ensembl-vep:release_115.2,probe,17,0.900,0,docker run --rm <image> true; no annotation; image warm from the clone's timed cells
2026-09-20,sweep-20260920T012411Z,arm64,r8gd.8xlarge,3,ensemblorg/ensembl-vep:release_115.2,probe,18,0.930,0,docker run --rm <image> true; no annotation; image warm from the clone's timed cells
2026-09-20,sweep-20260920T012411Z,arm64,r8gd.8xlarge,3,ensemblorg/ensembl-vep:release_115.2,probe,19,1.220,0,docker run --rm <image> true; no annotation; image warm from the clone's timed cells
2026-09-20,sweep-20260920T012411Z,arm64,r8gd.8xlarge,3,ensemblorg/ensembl-vep:release_115.2,probe,20,1.000,0,docker run --rm <image> true; no annotation; image warm from the clone's timed cells
2026-09-20,sweep-20260920T012411Z,arm64,r8gd.8xlarge,4,ensemblorg/ensembl-vep:release_115.2,probe,1,0.860,0,docker run --rm <image> true; no annotation; image warm from the clone's timed cells
2026-09-20,sweep-20260920T012411Z,arm64,r8gd.8xlarge,4,ensemblorg/ensembl-vep:release_115.2,probe,2,1.040,0,docker run --rm <image> true; no annotation; image warm from the clone's timed cells
2026-09-20,sweep-20260920T012411Z,arm64,r8gd.8xlarge,4,ensemblorg/ensembl-vep:release_115.2,probe,3,1.120,0,docker run --rm <image> true; no annotation; image warm from the clone's timed cells
2026-09-20,sweep-20260920T012411Z,arm64,r8gd.8xlarge,4,ensemblorg/ensembl-vep:release_115.2,probe,4,0.950,0,docker run --rm <image> true; no annotation; image warm from the clone's timed cells
2026-09-20,sweep-20260920T012411Z,arm64,r8gd.8xlarge,4,ensemblorg/ensembl-vep:release_115.2,probe,5,1.120,0,docker run --rm <image> true; no annotation; image warm from the clone's timed cells
2026-09-20,sweep-20260920T012411Z,arm64,r8gd.8xlarge,4,ensemblorg/ensembl-vep:release_115.2,probe,6,1.190,0,docker run --rm <image> true; no annotation; image warm from the clone's timed cells
2026-09-20,sweep-20260920T012411Z,arm64,r8gd.8xlarge,4,ensemblorg/ensembl-vep:release_115.2,probe,7,1.030,0,docker run --rm <image> true; no annotation; image warm from the clone's timed cells
2026-09-20,sweep-20260920T012411Z,arm64,r8gd.8xlarge,4,ensemblorg/ensembl-vep:release_115.2,probe,8,1.030,0,docker run --rm <image> true; no annotation; image warm from the clone's timed cells
2026-09-20,sweep-20260920T012411Z,arm64,r8gd.8xlarge,4,ensemblorg/ensembl-vep:release_115.2,probe,9,1.050,0,docker run --rm <image> true; no annotation; image warm from the clone's timed cells
2026-09-20,sweep-20260920T012411Z,arm64,r8gd.8xlarge,4,ensemblorg/ensembl-vep:release_115.2,probe,10,0.980,0,docker run --rm <image> true; no annotation; image warm from the clone's timed cells
2026-09-20,sweep-20260920T012411Z,arm64,r8gd.8xlarge,4,ensemblorg/ensembl-vep:release_115.2,probe,11,0.970,0,docker run --rm <image> true; no annotation; image warm from the clone's timed cells
2026-09-20,sweep-20260920T012411Z,arm64,r8gd.8xlarge,4,ensemblorg/ensembl-vep:release_115.2,probe,12,1.010,0,docker run --rm <image> true; no annotation; image warm from the clone's timed cells
2026-09-20,sweep-20260920T012411Z,arm64,r8gd.8xlarge,4,ensemblorg/ensembl-vep:release_115.2,probe,13,1.060,0,docker run --rm <image> true; no annotation; image warm from the clone's timed cells
2026-09-20,sweep-20260920T012411Z,arm64,r8gd.8xlarge,4,ensemblorg/ensembl-vep:release_115.2,probe,14,0.980,0,docker run --rm <image> true; no annotation; image warm from the clone's timed cells
2026-09-20,sweep-20260920T012411Z,arm64,r8gd.8xlarge,4,ensemblorg/ensembl-vep:release_115.2,probe,15,1.000,0,docker run --rm <image> true; no annotation; image warm from the clone's timed cells
2026-09-20,sweep-20260920T012411Z,arm64,r8gd.8xlarge,4,ensemblorg/ensembl-vep:release_115.2,probe,16,0.980,0,docker run --rm <image> true; no annotation; image warm from the clone's timed cells
2026-09-20,sweep-20260920T012411Z,arm64,r8gd.8xlarge,4,ensemblorg/ensembl-vep:release_115.2,probe,17,1.000,0,docker run --rm <image> true; no annotation; image warm from the clone's timed cells
2026-09-20,sweep-20260920T012411Z,arm64,r8gd.8xlarge,4,ensemblorg/ensembl-vep:release_115.2,probe,18,0.960,0,docker run --rm <image> true; no annotation; image warm from the clone's timed cells
2026-09-20,sweep-20260920T012411Z,arm64,r8gd.8xlarge,4,ensemblorg/ensembl-vep:release_115.2,probe,19,0.960,0,docker run --rm <image> true; no annotation; image warm from the clone's timed cells
2026-09-20,sweep-20260920T012411Z,arm64,r8gd.8xlarge,4,ensemblorg/ensembl-vep:release_115.2,probe,20,1.020,0,docker run --rm <image> true; no annotation; image warm from the clone's timed cells
2026-09-20,sweep-20260920T012411Z,arm64,r8gd.8xlarge,5,ensemblorg/ensembl-vep:release_115.2,probe,1,0.970,0,docker run --rm <image> true; no annotation; image warm from the clone's timed cells
2026-09-20,sweep-20260920T012411Z,arm64,r8gd.8xlarge,5,ensemblorg/ensembl-vep:release_115.2,probe,2,0.920,0,docker run --rm <image> true; no annotation; image warm from the clone's timed cells
2026-09-20,sweep-20260920T012411Z,arm64,r8gd.8xlarge,5,ensemblorg/ensembl-vep:release_115.2,probe,3,0.920,0,docker run --rm <image> true; no annotation; image warm from the clone's timed cells
2026-09-20,sweep-20260920T012411Z,arm64,r8gd.8xlarge,5,ensemblorg/ensembl-vep:release_115.2,probe,4,1.080,0,docker run --rm <image> true; no annotation; image warm from the clone's timed cells
2026-09-20,sweep-20260920T012411Z,arm64,r8gd.8xlarge,5,ensemblorg/ensembl-vep:release_115.2,probe,5,1.000,0,docker run --rm <image> true; no annotation; image warm from the clone's timed cells
2026-09-20,sweep-20260920T012411Z,arm64,r8gd.8xlarge,5,ensemblorg/ensembl-vep:release_115.2,probe,6,0.910,0,docker run --rm <image> true; no annotation; image warm from the clone's timed cells
2026-09-20,sweep-20260920T012411Z,arm64,r8gd.8xlarge,5,ensemblorg/ensembl-vep:release_115.2,probe,7,0.960,0,docker run --rm <image> true; no annotation; image warm from the clone's timed cells
2026-09-20,sweep-20260920T012411Z,arm64,r8gd.8xlarge,5,ensemblorg/ensembl-vep:release_115.2,probe,8,1.080,0,docker run --rm <image> true; no annotation; image warm from the clone's timed cells
2026-09-20,sweep-20260920T012411Z,arm64,r8gd.8xlarge,5,ensemblorg/ensembl-vep:release_115.2,probe,9,1.010,0,docker run --rm <image> true; no annotation; image warm from the clone's timed cells
2026-09-20,sweep-20260920T012411Z,arm64,r8gd.8xlarge,5,ensemblorg/ensembl-vep:release_115.2,probe,10,0.850,0,docker run --rm <image> true; no annotation; image warm from the clone's timed cells
2026-09-20,sweep-20260920T012411Z,arm64,r8gd.8xlarge,5,ensemblorg/ensembl-vep:release_115.2,probe,11,0.960,0,docker run --rm <image> true; no annotation; image warm from the clone's timed cells
2026-09-20,sweep-20260920T012411Z,arm64,r8gd.8xlarge,5,ensemblorg/ensembl-vep:release_115.2,probe,12,1.020,0,docker run --rm <image> true; no annotation; image warm from the clone's timed cells
2026-09-20,sweep-20260920T012411Z,arm64,r8gd.8xlarge,5,ensemblorg/ensembl-vep:release_115.2,probe,13,1.150,0,docker run --rm <image> true; no annotation; image warm from the clone's timed cells
2026-09-20,sweep-20260920T012411Z,arm64,r8gd.8xlarge,5,ensemblorg/ensembl-vep:release_115.2,probe,14,0.980,0,docker run --rm <image> true; no annotation; image warm from the clone's timed cells
2026-09-20,sweep-20260920T012411Z,arm64,r8gd.8xlarge,5,ensemblorg/ensembl-vep:release_115.2,probe,15,0.990,0,docker run --rm <image> true; no annotation; image warm from the clone's timed cells
2026-09-20,sweep-20260920T012411Z,arm64,r8gd.8xlarge,5,ensemblorg/ensembl-vep:release_115.2,probe,16,1.040,0,docker run --rm <image> true; no annotation; image warm from the clone's timed cells
2026-09-20,sweep-20260920T012411Z,arm64,r8gd.8xlarge,5,ensemblorg/ensembl-vep:release_115.2,probe,17,0.930,0,docker run --rm <image> true; no annotation; image warm from the clone's timed cells
2026-09-20,sweep-20260920T012411Z,arm64,r8gd.8xlarge,5,ensemblorg/ensembl-vep:release_115.2,probe,18,0.980,0,docker run --rm <image> true; no annotation; image warm from the clone's timed cells
2026-09-20,sweep-20260920T012411Z,arm64,r8gd.8xlarge,5,ensemblorg/ensembl-vep:release_115.2,probe,19,0.870,0,docker run --rm <image> true; no annotation; image warm from the clone's timed cells
2026-09-20,sweep-20260920T012411Z,arm64,r8gd.8xlarge,5,ensemblorg/ensembl-vep:release_115.2,probe,20,0.800,0,docker run --rm <image> true; no annotation; image warm from the clone's timed cells
2026-09-20,sweep-20260920T012411Z,arm64,r8gd.8xlarge,6,ensemblorg/ensembl-vep:release_115.2,probe,1,0.940,0,docker run --rm <image> true; no annotation; image warm from the clone's timed cells
2026-09-20,sweep-20260920T012411Z,arm64,r8gd.8xlarge,6,ensemblorg/ensembl-vep:release_115.2,probe,2,1.080,0,docker run --rm <image> true; no annotation; image warm from the clone's timed cells
2026-09-20,sweep-20260920T012411Z,arm64,r8gd.8xlarge,6,ensemblorg/ensembl-vep:release_115.2,probe,3,1.070,0,docker run --rm <image> true; no annotation; image warm from the clone's timed cells
2026-09-20,sweep-20260920T012411Z,arm64,r8gd.8xlarge,6,ensemblorg/ensembl-vep:release_115.2,probe,4,0.990,0,docker run --rm <image> true; no annotation; image warm from the clone's timed cells
2026-09-20,sweep-20260920T012411Z,arm64,r8gd.8xlarge,6,ensemblorg/ensembl-vep:release_115.2,probe,5,0.900,0,docker run --rm <image> true; no annotation; image warm from the clone's timed cells
2026-09-20,sweep-20260920T012411Z,arm64,r8gd.8xlarge,6,ensemblorg/ensembl-vep:release_115.2,probe,6,1.030,0,docker run --rm <image> true; no annotation; image warm from the clone's timed cells
2026-09-20,sweep-20260920T012411Z,arm64,r8gd.8xlarge,6,ensemblorg/ensembl-vep:release_115.2,probe,7,1.120,0,docker run --rm <image> true; no annotation; image warm from the clone's timed cells
2026-09-20,sweep-20260920T012411Z,arm64,r8gd.8xlarge,6,ensemblorg/ensembl-vep:release_115.2,probe,8,0.970,0,docker run --rm <image> true; no annotation; image warm from the clone's timed cells
2026-09-20,sweep-20260920T012411Z,arm64,r8gd.8xlarge,6,ensemblorg/ensembl-vep:release_115.2,probe,9,1.150,0,docker run --rm <image> true; no annotation; image warm from the clone's timed cells
2026-09-20,sweep-20260920T012411Z,arm64,r8gd.8xlarge,6,ensemblorg/ensembl-vep:release_115.2,probe,10,1.050,0,docker run --rm <image> true; no annotation; image warm from the clone's timed cells
2026-09-20,sweep-20260920T012411Z,arm64,r8gd.8xlarge,6,ensemblorg/ensembl-vep:release_115.2,probe,11,1.130,0,docker run --rm <image> true; no annotation; image warm from the clone's timed cells
2026-09-20,sweep-20260920T012411Z,arm64,r8gd.8xlarge,6,ensemblorg/ensembl-vep:release_115.2,probe,12,1.110,0,docker run --rm <image> true; no annotation; image warm from the clone's timed cells
2026-09-20,sweep-20260920T012411Z,arm64,r8gd.8xlarge,6,ensemblorg/ensembl-vep:release_115.2,probe,13,1.180,0,docker run --rm <image> true; no annotation; image warm from the clone's timed cells
2026-09-20,sweep-20260920T012411Z,arm64,r8gd.8xlarge,6,ensemblorg/ensembl-vep:release_115.2,probe,14,1.190,0,docker run --rm <image> true; no annotation; image warm from the clone's timed cells
2026-09-20,sweep-20260920T012411Z,arm64,r8gd.8xlarge,6,ensemblorg/ensembl-vep:release_115.2,probe,15,1.110,0,docker run --rm <image> true; no annotation; image warm from the clone's timed cells
2026-09-20,sweep-20260920T012411Z,arm64,r8gd.8xlarge,6,ensemblorg/ensembl-vep:release_115.2,probe,16,1.040,0,docker run --rm <image> true; no annotation; image warm from the clone's timed cells
2026-09-20,sweep-20260920T012411Z,arm64,r8gd.8xlarge,6,ensemblorg/ensembl-vep:release_115.2,probe,17,1.100,0,docker run --rm <image> true; no annotation; image warm from the clone's timed cells
2026-09-20,sweep-20260920T012411Z,arm64,r8gd.8xlarge,6,ensemblorg/ensembl-vep:release_115.2,probe,18,1.040,0,docker run --rm <image> true; no annotation; image warm from the clone's timed cells
2026-09-20,sweep-20260920T012411Z,arm64,r8gd.8xlarge,6,ensemblorg/ensembl-vep:release_115.2,probe,19,0.970,0,docker run --rm <image> true; no annotation; image warm from the clone's timed cells
2026-09-20,sweep-20260920T012411Z,arm64,r8gd.8xlarge,6,ensemblorg/ensembl-vep:release_115.2,probe,20,1.120,0,docker run --rm <image> true; no annotation; image warm from the clone's timed cells
2026-09-20,sweep-20260920T012411Z,arm64,r8gd.8xlarge,7,ensemblorg/ensembl-vep:release_115.2,probe,1,1.020,0,docker run --rm <image> true; no annotation; image warm from the clone's timed cells
2026-09-20,sweep-20260920T012411Z,arm64,r8gd.8xlarge,7,ensemblorg/ensembl-vep:release_115.2,probe,2,0.970,0,docker run --rm <image> true; no annotation; image warm from the clone's timed cells
2026-09-20,sweep-20260920T012411Z,arm64,r8gd.8xlarge,7,ensemblorg/ensembl-vep:release_115.2,probe,3,1.230,0,docker run --rm <image> true; no annotation; image warm from the clone's timed cells
2026-09-20,sweep-20260920T012411Z,arm64,r8gd.8xlarge,7,ensemblorg/ensembl-vep:release_115.2,probe,4,0.900,0,docker run --rm <image> true; no annotation; image warm from the clone's timed cells
2026-09-20,sweep-20260920T012411Z,arm64,r8gd.8xlarge,7,ensemblorg/ensembl-vep:release_115.2,probe,5,0.930,0,docker run --rm <image> true; no annotation; image warm from the clone's timed cells
2026-09-20,sweep-20260920T012411Z,arm64,r8gd.8xlarge,7,ensemblorg/ensembl-vep:release_115.2,probe,6,0.960,0,docker run --rm <image> true; no annotation; image warm from the clone's timed cells
2026-09-20,sweep-20260920T012411Z,arm64,r8gd.8xlarge,7,ensemblorg/ensembl-vep:release_115.2,probe,7,0.970,0,docker run --rm <image> true; no annotation; image warm from the clone's timed cells
2026-09-20,sweep-20260920T012411Z,arm64,r8gd.8xlarge,7,ensemblorg/ensembl-vep:release_115.2,probe,8,1.180,0,docker run --rm <image> true; no annotation; image warm from the clone's timed cells
2026-09-20,sweep-20260920T012411Z,arm64,r8gd.8xlarge,7,ensemblorg/ensembl-vep:release_115.2,probe,9,1.010,0,docker run --rm <image> true; no annotation; image warm from the clone's timed cells
2026-09-20,sweep-20260920T012411Z,arm64,r8gd.8xlarge,7,ensemblorg/ensembl-vep:release_115.2,probe,10,0.850,0,docker run --rm <image> true; no annotation; image warm from the clone's timed cells
2026-09-20,sweep-20260920T012411Z,arm64,r8gd.8xlarge,7,ensemblorg/ensembl-vep:release_115.2,probe,11,0.890,0,docker run --rm <image> true; no annotation; image warm from the clone's timed cells
2026-09-20,sweep-20260920T012411Z,arm64,r8gd.8xlarge,7,ensemblorg/ensembl-vep:release_115.2,probe,12,0.960,0,docker run --rm <image> true; no annotation; image warm from the clone's timed cells
2026-09-20,sweep-20260920T012411Z,arm64,r8gd.8xlarge,7,ensemblorg/ensembl-vep:release_115.2,probe,13,1.140,0,docker run --rm <image> true; no annotation; image warm from the clone's timed cells
2026-09-20,sweep-20260920T012411Z,arm64,r8gd.8xlarge,7,ensemblorg/ensembl-vep:release_115.2,probe,14,1.060,0,docker run --rm <image> true; no annotation; image warm from the clone's timed cells
2026-09-20,sweep-20260920T012411Z,arm64,r8gd.8xlarge,7,ensemblorg/ensembl-vep:release_115.2,probe,15,1.020,0,docker run --rm <image> true; no annotation; image warm from the clone's timed cells
2026-09-20,sweep-20260920T012411Z,arm64,r8gd.8xlarge,7,ensemblorg/ensembl-vep:release_115.2,probe,16,1.070,0,docker run --rm <image> true; no annotation; image warm from the clone's timed cells
2026-09-20,sweep-20260920T012411Z,arm64,r8gd.8xlarge,7,ensemblorg/ensembl-vep:release_115.2,probe,17,0.950,0,docker run --rm <image> true; no annotation; image warm from the clone's timed cells
2026-09-20,sweep-20260920T012411Z,arm64,r8gd.8xlarge,7,ensemblorg/ensembl-vep:release_115.2,probe,18,1.110,0,docker run --rm <image> true; no annotation; image warm from the clone's timed cells
2026-09-20,sweep-20260920T012411Z,arm64,r8gd.8xlarge,7,ensemblorg/ensembl-vep:release_115.2,probe,19,1.020,0,docker run --rm <image> true; no annotation; image warm from the clone's timed cells
2026-09-20,sweep-20260920T012411Z,arm64,r8gd.8xlarge,7,ensemblorg/ensembl-vep:release_115.2,probe,20,1.000,0,docker run --rm <image> true; no annotation; image warm from the clone's timed cells
2026-09-20,sweep-20260920T012411Z,arm64,r8gd.8xlarge,8,ensemblorg/ensembl-vep:release_115.2,probe,1,1.070,0,docker run --rm <image> true; no annotation; image warm from the clone's timed cells
2026-09-20,sweep-20260920T012411Z,arm64,r8gd.8xlarge,8,ensemblorg/ensembl-vep:release_115.2,probe,2,1.070,0,docker run --rm <image> true; no annotation; image warm from the clone's timed cells
2026-09-20,sweep-20260920T012411Z,arm64,r8gd.8xlarge,8,ensemblorg/ensembl-vep:release_115.2,probe,3,1.120,0,docker run --rm <image> true; no annotation; image warm from the clone's timed cells
2026-09-20,sweep-20260920T012411Z,arm64,r8gd.8xlarge,8,ensemblorg/ensembl-vep:release_115.2,probe,4,0.970,0,docker run --rm <image> true; no annotation; image warm from the clone's timed cells
2026-09-20,sweep-20260920T012411Z,arm64,r8gd.8xlarge,8,ensemblorg/ensembl-vep:release_115.2,probe,5,0.940,0,docker run --rm <image> true; no annotation; image warm from the clone's timed cells
2026-09-20,sweep-20260920T012411Z,arm64,r8gd.8xlarge,8,ensemblorg/ensembl-vep:release_115.2,probe,6,0.910,0,docker run --rm <image> true; no annotation; image warm from the clone's timed cells
2026-09-20,sweep-20260920T012411Z,arm64,r8gd.8xlarge,8,ensemblorg/ensembl-vep:release_115.2,probe,7,0.930,0,docker run --rm <image> true; no annotation; image warm from the clone's timed cells
2026-09-20,sweep-20260920T012411Z,arm64,r8gd.8xlarge,8,ensemblorg/ensembl-vep:release_115.2,probe,8,1.070,0,docker run --rm <image> true; no annotation; image warm from the clone's timed cells
2026-09-20,sweep-20260920T012411Z,arm64,r8gd.8xlarge,8,ensemblorg/ensembl-vep:release_115.2,probe,9,1.040,0,docker run --rm <image> true; no annotation; image warm from the clone's timed cells
2026-09-20,sweep-20260920T012411Z,arm64,r8gd.8xlarge,8,ensemblorg/ensembl-vep:release_115.2,probe,10,1.080,0,docker run --rm <image> true; no annotation; image warm from the clone's timed cells
2026-09-20,sweep-20260920T012411Z,arm64,r8gd.8xlarge,8,ensemblorg/ensembl-vep:release_115.2,probe,11,0.920,0,docker run --rm <image> true; no annotation; image warm from the clone's timed cells
2026-09-20,sweep-20260920T012411Z,arm64,r8gd.8xlarge,8,ensemblorg/ensembl-vep:release_115.2,probe,12,1.060,0,docker run --rm <image> true; no annotation; image warm from the clone's timed cells
2026-09-20,sweep-20260920T012411Z,arm64,r8gd.8xlarge,8,ensemblorg/ensembl-vep:release_115.2,probe,13,0.890,0,docker run --rm <image> true; no annotation; image warm from the clone's timed cells
2026-09-20,sweep-20260920T012411Z,arm64,r8gd.8xlarge,8,ensemblorg/ensembl-vep:release_115.2,probe,14,1.030,0,docker run --rm <image> true; no annotation; image warm from the clone's timed cells
2026-09-20,sweep-20260920T012411Z,arm64,r8gd.8xlarge,8,ensemblorg/ensembl-vep:release_115.2,probe,15,1.080,0,docker run --rm <image> true; no annotation; image warm from the clone's timed cells
2026-09-20,sweep-20260920T012411Z,arm64,r8gd.8xlarge,8,ensemblorg/ensembl-vep:release_115.2,probe,16,1.160,0,docker run --rm <image> true; no annotation; image warm from the clone's timed cells
2026-09-20,sweep-20260920T012411Z,arm64,r8gd.8xlarge,8,ensemblorg/ensembl-vep:release_115.2,probe,17,1.060,0,docker run --rm <image> true; no annotation; image warm from the clone's timed cells
2026-09-20,sweep-20260920T012411Z,arm64,r8gd.8xlarge,8,ensemblorg/ensembl-vep:release_115.2,probe,18,0.950,0,docker run --rm <image> true; no annotation; image warm from the clone's timed cells
2026-09-20,sweep-20260920T012411Z,arm64,r8gd.8xlarge,8,ensemblorg/ensembl-vep:release_115.2,probe,19,1.120,0,docker run --rm <image> true; no annotation; image warm from the clone's timed cells
2026-09-20,sweep-20260920T012411Z,arm64,r8gd.8xlarge,8,ensemblorg/ensembl-vep:release_115.2,probe,20,0.920,0,docker run --rm <image> true; no annotation; image warm from the clone's timed cells
2026-09-20,sweep-20260920T012411Z,arm64,r8gd.8xlarge,9,ensemblorg/ensembl-vep:release_115.2,probe,1,1.020,0,docker run --rm <image> true; no annotation; image warm from the clone's timed cells
2026-09-20,sweep-20260920T012411Z,arm64,r8gd.8xlarge,9,ensemblorg/ensembl-vep:release_115.2,probe,2,0.970,0,docker run --rm <image> true; no annotation; image warm from the clone's timed cells
2026-09-20,sweep-20260920T012411Z,arm64,r8gd.8xlarge,9,ensemblorg/ensembl-vep:release_115.2,probe,3,1.080,0,docker run --rm <image> true; no annotation; image warm from the clone's timed cells
2026-09-20,sweep-20260920T012411Z,arm64,r8gd.8xlarge,9,ensemblorg/ensembl-vep:release_115.2,probe,4,0.960,0,docker run --rm <image> true; no annotation; image warm from the clone's timed cells
2026-09-20,sweep-20260920T012411Z,arm64,r8gd.8xlarge,9,ensemblorg/ensembl-vep:release_115.2,probe,5,1.030,0,docker run --rm <image> true; no annotation; image warm from the clone's timed cells
2026-09-20,sweep-20260920T012411Z,arm64,r8gd.8xlarge,9,ensemblorg/ensembl-vep:release_115.2,probe,6,1.100,0,docker run --rm <image> true; no annotation; image warm from the clone's timed cells
2026-09-20,sweep-20260920T012411Z,arm64,r8gd.8xlarge,9,ensemblorg/ensembl-vep:release_115.2,probe,7,1.030,0,docker run --rm <image> true; no annotation; image warm from the clone's timed cells
2026-09-20,sweep-20260920T012411Z,arm64,r8gd.8xlarge,9,ensemblorg/ensembl-vep:release_115.2,probe,8,1.040,0,docker run --rm <image> true; no annotation; image warm from the clone's timed cells
2026-09-20,sweep-20260920T012411Z,arm64,r8gd.8xlarge,9,ensemblorg/ensembl-vep:release_115.2,probe,9,0.930,0,docker run --rm <image> true; no annotation; image warm from the clone's timed cells
2026-09-20,sweep-20260920T012411Z,arm64,r8gd.8xlarge,9,ensemblorg/ensembl-vep:release_115.2,probe,10,1.170,0,docker run --rm <image> true; no annotation; image warm from the clone's timed cells
2026-09-20,sweep-20260920T012411Z,arm64,r8gd.8xlarge,9,ensemblorg/ensembl-vep:release_115.2,probe,11,1.120,0,docker run --rm <image> true; no annotation; image warm from the clone's timed cells
2026-09-20,sweep-20260920T012411Z,arm64,r8gd.8xlarge,9,ensemblorg/ensembl-vep:release_115.2,probe,12,1.030,0,docker run --rm <image> true; no annotation; image warm from the clone's timed cells
2026-09-20,sweep-20260920T012411Z,arm64,r8gd.8xlarge,9,ensemblorg/ensembl-vep:release_115.2,probe,13,1.040,0,docker run --rm <image> true; no annotation; image warm from the clone's timed cells
2026-09-20,sweep-20260920T012411Z,arm64,r8gd.8xlarge,9,ensemblorg/ensembl-vep:release_115.2,probe,14,1.120,0,docker run --rm <image> true; no annotation; image warm from the clone's timed cells
2026-09-20,sweep-20260920T012411Z,arm64,r8gd.8xlarge,9,ensemblorg/ensembl-vep:release_115.2,probe,15,0.970,0,docker run --rm <image> true; no annotation; image warm from the clone's timed cells
2026-09-20,sweep-20260920T012411Z,arm64,r8gd.8xlarge,9,ensemblorg/ensembl-vep:release_115.2,probe,16,1.110,0,docker run --rm <image> true; no annotation; image warm from the clone's timed cells
2026-09-20,sweep-20260920T012411Z,arm64,r8gd.8xlarge,9,ensemblorg/ensembl-vep:release_115.2,probe,17,1.050,0,docker run --rm <image> true; no annotation; image warm from the clone's timed cells
2026-09-20,sweep-20260920T012411Z,arm64,r8gd.8xlarge,9,ensemblorg/ensembl-vep:release_115.2,probe,18,1.070,0,docker run --rm <image> true; no annotation; image warm from the clone's timed cells
2026-09-20,sweep-20260920T012411Z,arm64,r8gd.8xlarge,9,ensemblorg/ensembl-vep:release_115.2,probe,19,1.120,0,docker run --rm <image> true; no annotation; image warm from the clone's timed cells
2026-09-20,sweep-20260920T012411Z,arm64,r8gd.8xlarge,9,ensemblorg/ensembl-vep:release_115.2,probe,20,1.040,0,docker run --rm <image> true; no annotation; image warm from the clone's timed cells
2026-09-20,sweep-20260920T012411Z,x86_64,r8id.8xlarge,1,ensemblorg/ensembl-vep:release_115.2,probe,1,1.000,0,docker run --rm <image> true; no annotation; image warm from the clone's timed cells
2026-09-20,sweep-20260920T012411Z,x86_64,r8id.8xlarge,1,ensemblorg/ensembl-vep:release_115.2,probe,2,0.810,0,docker run --rm <image> true; no annotation; image warm from the clone's timed cells
2026-09-20,sweep-20260920T012411Z,x86_64,r8id.8xlarge,1,ensemblorg/ensembl-vep:release_115.2,probe,3,0.870,0,docker run --rm <image> true; no annotation; image warm from the clone's timed cells
2026-09-20,sweep-20260920T012411Z,x86_64,r8id.8xlarge,1,ensemblorg/ensembl-vep:release_115.2,probe,4,0.900,0,docker run --rm <image> true; no annotation; image warm from the clone's timed cells
2026-09-20,sweep-20260920T012411Z,x86_64,r8id.8xlarge,1,ensemblorg/ensembl-vep:release_115.2,probe,5,0.920,0,docker run --rm <image> true; no annotation; image warm from the clone's timed cells
2026-09-20,sweep-20260920T012411Z,x86_64,r8id.8xlarge,1,ensemblorg/ensembl-vep:release_115.2,probe,6,0.950,0,docker run --rm <image> true; no annotation; image warm from the clone's timed cells
2026-09-20,sweep-20260920T012411Z,x86_64,r8id.8xlarge,1,ensemblorg/ensembl-vep:release_115.2,probe,7,0.960,0,docker run --rm <image> true; no annotation; image warm from the clone's timed cells
2026-09-20,sweep-20260920T012411Z,x86_64,r8id.8xlarge,1,ensemblorg/ensembl-vep:release_115.2,probe,8,0.960,0,docker run --rm <image> true; no annotation; image warm from the clone's timed cells
2026-09-20,sweep-20260920T012411Z,x86_64,r8id.8xlarge,1,ensemblorg/ensembl-vep:release_115.2,probe,9,1.030,0,docker run --rm <image> true; no annotation; image warm from the clone's timed cells
2026-09-20,sweep-20260920T012411Z,x86_64,r8id.8xlarge,1,ensemblorg/ensembl-vep:release_115.2,probe,10,0.920,0,docker run --rm <image> true; no annotation; image warm from the clone's timed cells
2026-09-20,sweep-20260920T012411Z,x86_64,r8id.8xlarge,1,ensemblorg/ensembl-vep:release_115.2,probe,11,1.000,0,docker run --rm <image> true; no annotation; image warm from the clone's timed cells
2026-09-20,sweep-20260920T012411Z,x86_64,r8id.8xlarge,1,ensemblorg/ensembl-vep:release_115.2,probe,12,0.980,0,docker run --rm <image> true; no annotation; image warm from the clone's timed cells
2026-09-20,sweep-20260920T012411Z,x86_64,r8id.8xlarge,1,ensemblorg/ensembl-vep:release_115.2,probe,13,0.920,0,docker run --rm <image> true; no annotation; image warm from the clone's timed cells
2026-09-20,sweep-20260920T012411Z,x86_64,r8id.8xlarge,1,ensemblorg/ensembl-vep:release_115.2,probe,14,0.950,0,docker run --rm <image> true; no annotation; image warm from the clone's timed cells
2026-09-20,sweep-20260920T012411Z,x86_64,r8id.8xlarge,1,ensemblorg/ensembl-vep:release_115.2,probe,15,0.970,0,docker run --rm <image> true; no annotation; image warm from the clone's timed cells
2026-09-20,sweep-20260920T012411Z,x86_64,r8id.8xlarge,1,ensemblorg/ensembl-vep:release_115.2,probe,16,0.900,0,docker run --rm <image> true; no annotation; image warm from the clone's timed cells
2026-09-20,sweep-20260920T012411Z,x86_64,r8id.8xlarge,1,ensemblorg/ensembl-vep:release_115.2,probe,17,0.940,0,docker run --rm <image> true; no annotation; image warm from the clone's timed cells
2026-09-20,sweep-20260920T012411Z,x86_64,r8id.8xlarge,1,ensemblorg/ensembl-vep:release_115.2,probe,18,1.040,0,docker run --rm <image> true; no annotation; image warm from the clone's timed cells
2026-09-20,sweep-20260920T012411Z,x86_64,r8id.8xlarge,1,ensemblorg/ensembl-vep:release_115.2,probe,19,0.950,0,docker run --rm <image> true; no annotation; image warm from the clone's timed cells
2026-09-20,sweep-20260920T012411Z,x86_64,r8id.8xlarge,1,ensemblorg/ensembl-vep:release_115.2,probe,20,1.000,0,docker run --rm <image> true; no annotation; image warm from the clone's timed cells
2026-09-20,sweep-20260920T012411Z,x86_64,r8id.8xlarge,10,ensemblorg/ensembl-vep:release_115.2,probe,1,0.990,0,docker run --rm <image> true; no annotation; image warm from the clone's timed cells
2026-09-20,sweep-20260920T012411Z,x86_64,r8id.8xlarge,10,ensemblorg/ensembl-vep:release_115.2,probe,2,0.890,0,docker run --rm <image> true; no annotation; image warm from the clone's timed cells
2026-09-20,sweep-20260920T012411Z,x86_64,r8id.8xlarge,10,ensemblorg/ensembl-vep:release_115.2,probe,3,0.910,0,docker run --rm <image> true; no annotation; image warm from the clone's timed cells
2026-09-20,sweep-20260920T012411Z,x86_64,r8id.8xlarge,10,ensemblorg/ensembl-vep:release_115.2,probe,4,0.940,0,docker run --rm <image> true; no annotation; image warm from the clone's timed cells
2026-09-20,sweep-20260920T012411Z,x86_64,r8id.8xlarge,10,ensemblorg/ensembl-vep:release_115.2,probe,5,1.000,0,docker run --rm <image> true; no annotation; image warm from the clone's timed cells
2026-09-20,sweep-20260920T012411Z,x86_64,r8id.8xlarge,10,ensemblorg/ensembl-vep:release_115.2,probe,6,1.070,0,docker run --rm <image> true; no annotation; image warm from the clone's timed cells
2026-09-20,sweep-20260920T012411Z,x86_64,r8id.8xlarge,10,ensemblorg/ensembl-vep:release_115.2,probe,7,1.000,0,docker run --rm <image> true; no annotation; image warm from the clone's timed cells
2026-09-20,sweep-20260920T012411Z,x86_64,r8id.8xlarge,10,ensemblorg/ensembl-vep:release_115.2,probe,8,0.900,0,docker run --rm <image> true; no annotation; image warm from the clone's timed cells
2026-09-20,sweep-20260920T012411Z,x86_64,r8id.8xlarge,10,ensemblorg/ensembl-vep:release_115.2,probe,9,1.050,0,docker run --rm <image> true; no annotation; image warm from the clone's timed cells
2026-09-20,sweep-20260920T012411Z,x86_64,r8id.8xlarge,10,ensemblorg/ensembl-vep:release_115.2,probe,10,0.950,0,docker run --rm <image> true; no annotation; image warm from the clone's timed cells
2026-09-20,sweep-20260920T012411Z,x86_64,r8id.8xlarge,10,ensemblorg/ensembl-vep:release_115.2,probe,11,0.840,0,docker run --rm <image> true; no annotation; image warm from the clone's timed cells
2026-09-20,sweep-20260920T012411Z,x86_64,r8id.8xlarge,10,ensemblorg/ensembl-vep:release_115.2,probe,12,1.050,0,docker run --rm <image> true; no annotation; image warm from the clone's timed cells
2026-09-20,sweep-20260920T012411Z,x86_64,r8id.8xlarge,10,ensemblorg/ensembl-vep:release_115.2,probe,13,1.000,0,docker run --rm <image> true; no annotation; image warm from the clone's timed cells
2026-09-20,sweep-20260920T012411Z,x86_64,r8id.8xlarge,10,ensemblorg/ensembl-vep:release_115.2,probe,14,0.950,0,docker run --rm <image> true; no annotation; image warm from the clone's timed cells
2026-09-20,sweep-20260920T012411Z,x86_64,r8id.8xlarge,10,ensemblorg/ensembl-vep:release_115.2,probe,15,1.000,0,docker run --rm <image> true; no annotation; image warm from the clone's timed cells
2026-09-20,sweep-20260920T012411Z,x86_64,r8id.8xlarge,10,ensemblorg/ensembl-vep:release_115.2,probe,16,0.980,0,docker run --rm <image> true; no annotation; image warm from the clone's timed cells
2026-09-20,sweep-20260920T012411Z,x86_64,r8id.8xlarge,10,ensemblorg/ensembl-vep:release_115.2,probe,17,0.980,0,docker run --rm <image> true; no annotation; image warm from the clone's timed cells
2026-09-20,sweep-20260920T012411Z,x86_64,r8id.8xlarge,10,ensemblorg/ensembl-vep:release_115.2,probe,18,1.030,0,docker run --rm <image> true; no annotation; image warm from the clone's timed cells
2026-09-20,sweep-20260920T012411Z,x86_64,r8id.8xlarge,10,ensemblorg/ensembl-vep:release_115.2,probe,19,0.940,0,docker run --rm <image> true; no annotation; image warm from the clone's timed cells
2026-09-20,sweep-20260920T012411Z,x86_64,r8id.8xlarge,10,ensemblorg/ensembl-vep:release_115.2,probe,20,1.040,0,docker run --rm <image> true; no annotation; image warm from the clone's timed cells
2026-09-20,sweep-20260920T012411Z,x86_64,r8id.8xlarge,11,ensemblorg/ensembl-vep:release_115.2,probe,1,0.960,0,docker run --rm <image> true; no annotation; image warm from the clone's timed cells
2026-09-20,sweep-20260920T012411Z,x86_64,r8id.8xlarge,11,ensemblorg/ensembl-vep:release_115.2,probe,2,0.980,0,docker run --rm <image> true; no annotation; image warm from the clone's timed cells
2026-09-20,sweep-20260920T012411Z,x86_64,r8id.8xlarge,11,ensemblorg/ensembl-vep:release_115.2,probe,3,0.950,0,docker run --rm <image> true; no annotation; image warm from the clone's timed cells
2026-09-20,sweep-20260920T012411Z,x86_64,r8id.8xlarge,11,ensemblorg/ensembl-vep:release_115.2,probe,4,0.900,0,docker run --rm <image> true; no annotation; image warm from the clone's timed cells
2026-09-20,sweep-20260920T012411Z,x86_64,r8id.8xlarge,11,ensemblorg/ensembl-vep:release_115.2,probe,5,0.830,0,docker run --rm <image> true; no annotation; image warm from the clone's timed cells
2026-09-20,sweep-20260920T012411Z,x86_64,r8id.8xlarge,11,ensemblorg/ensembl-vep:release_115.2,probe,6,0.870,0,docker run --rm <image> true; no annotation; image warm from the clone's timed cells
2026-09-20,sweep-20260920T012411Z,x86_64,r8id.8xlarge,11,ensemblorg/ensembl-vep:release_115.2,probe,7,0.940,0,docker run --rm <image> true; no annotation; image warm from the clone's timed cells
2026-09-20,sweep-20260920T012411Z,x86_64,r8id.8xlarge,11,ensemblorg/ensembl-vep:release_115.2,probe,8,0.940,0,docker run --rm <image> true; no annotation; image warm from the clone's timed cells
2026-09-20,sweep-20260920T012411Z,x86_64,r8id.8xlarge,11,ensemblorg/ensembl-vep:release_115.2,probe,9,1.080,0,docker run --rm <image> true; no annotation; image warm from the clone's timed cells
2026-09-20,sweep-20260920T012411Z,x86_64,r8id.8xlarge,11,ensemblorg/ensembl-vep:release_115.2,probe,10,0.970,0,docker run --rm <image> true; no annotation; image warm from the clone's timed cells
2026-09-20,sweep-20260920T012411Z,x86_64,r8id.8xlarge,11,ensemblorg/ensembl-vep:release_115.2,probe,11,0.790,0,docker run --rm <image> true; no annotation; image warm from the clone's timed cells
2026-09-20,sweep-20260920T012411Z,x86_64,r8id.8xlarge,11,ensemblorg/ensembl-vep:release_115.2,probe,12,1.010,0,docker run --rm <image> true; no annotation; image warm from the clone's timed cells
2026-09-20,sweep-20260920T012411Z,x86_64,r8id.8xlarge,11,ensemblorg/ensembl-vep:release_115.2,probe,13,0.910,0,docker run --rm <image> true; no annotation; image warm from the clone's timed cells
2026-09-20,sweep-20260920T012411Z,x86_64,r8id.8xlarge,11,ensemblorg/ensembl-vep:release_115.2,probe,14,0.940,0,docker run --rm <image> true; no annotation; image warm from the clone's timed cells
2026-09-20,sweep-20260920T012411Z,x86_64,r8id.8xlarge,11,ensemblorg/ensembl-vep:release_115.2,probe,15,0.910,0,docker run --rm <image> true; no annotation; image warm from the clone's timed cells
2026-09-20,sweep-20260920T012411Z,x86_64,r8id.8xlarge,11,ensemblorg/ensembl-vep:release_115.2,probe,16,1.010,0,docker run --rm <image> true; no annotation; image warm from the clone's timed cells
2026-09-20,sweep-20260920T012411Z,x86_64,r8id.8xlarge,11,ensemblorg/ensembl-vep:release_115.2,probe,17,0.910,0,docker run --rm <image> true; no annotation; image warm from the clone's timed cells
2026-09-20,sweep-20260920T012411Z,x86_64,r8id.8xlarge,11,ensemblorg/ensembl-vep:release_115.2,probe,18,1.030,0,docker run --rm <image> true; no annotation; image warm from the clone's timed cells
2026-09-20,sweep-20260920T012411Z,x86_64,r8id.8xlarge,11,ensemblorg/ensembl-vep:release_115.2,probe,19,0.930,0,docker run --rm <image> true; no annotation; image warm from the clone's timed cells
2026-09-20,sweep-20260920T012411Z,x86_64,r8id.8xlarge,11,ensemblorg/ensembl-vep:release_115.2,probe,20,0.870,0,docker run --rm <image> true; no annotation; image warm from the clone's timed cells
2026-09-20,sweep-20260920T012411Z,x86_64,r8id.8xlarge,12,ensemblorg/ensembl-vep:release_115.2,probe,1,0.990,0,docker run --rm <image> true; no annotation; image warm from the clone's timed cells
2026-09-20,sweep-20260920T012411Z,x86_64,r8id.8xlarge,12,ensemblorg/ensembl-vep:release_115.2,probe,2,1.110,0,docker run --rm <image> true; no annotation; image warm from the clone's timed cells
2026-09-20,sweep-20260920T012411Z,x86_64,r8id.8xlarge,12,ensemblorg/ensembl-vep:release_115.2,probe,3,1.010,0,docker run --rm <image> true; no annotation; image warm from the clone's timed cells
2026-09-20,sweep-20260920T012411Z,x86_64,r8id.8xlarge,12,ensemblorg/ensembl-vep:release_115.2,probe,4,0.980,0,docker run --rm <image> true; no annotation; image warm from the clone's timed cells
2026-09-20,sweep-20260920T012411Z,x86_64,r8id.8xlarge,12,ensemblorg/ensembl-vep:release_115.2,probe,5,0.850,0,docker run --rm <image> true; no annotation; image warm from the clone's timed cells
2026-09-20,sweep-20260920T012411Z,x86_64,r8id.8xlarge,12,ensemblorg/ensembl-vep:release_115.2,probe,6,0.840,0,docker run --rm <image> true; no annotation; image warm from the clone's timed cells
2026-09-20,sweep-20260920T012411Z,x86_64,r8id.8xlarge,12,ensemblorg/ensembl-vep:release_115.2,probe,7,0.990,0,docker run --rm <image> true; no annotation; image warm from the clone's timed cells
2026-09-20,sweep-20260920T012411Z,x86_64,r8id.8xlarge,12,ensemblorg/ensembl-vep:release_115.2,probe,8,0.940,0,docker run --rm <image> true; no annotation; image warm from the clone's timed cells
2026-09-20,sweep-20260920T012411Z,x86_64,r8id.8xlarge,12,ensemblorg/ensembl-vep:release_115.2,probe,9,0.950,0,docker run --rm <image> true; no annotation; image warm from the clone's timed cells
2026-09-20,sweep-20260920T012411Z,x86_64,r8id.8xlarge,12,ensemblorg/ensembl-vep:release_115.2,probe,10,0.840,0,docker run --rm <image> true; no annotation; image warm from the clone's timed cells
2026-09-20,sweep-20260920T012411Z,x86_64,r8id.8xlarge,12,ensemblorg/ensembl-vep:release_115.2,probe,11,0.890,0,docker run --rm <image> true; no annotation; image warm from the clone's timed cells
2026-09-20,sweep-20260920T012411Z,x86_64,r8id.8xlarge,12,ensemblorg/ensembl-vep:release_115.2,probe,12,0.800,0,docker run --rm <image> true; no annotation; image warm from the clone's timed cells
2026-09-20,sweep-20260920T012411Z,x86_64,r8id.8xlarge,12,ensemblorg/ensembl-vep:release_115.2,probe,13,0.820,0,docker run --rm <image> true; no annotation; image warm from the clone's timed cells
2026-09-20,sweep-20260920T012411Z,x86_64,r8id.8xlarge,12,ensemblorg/ensembl-vep:release_115.2,probe,14,1.020,0,docker run --rm <image> true; no annotation; image warm from the clone's timed cells
2026-09-20,sweep-20260920T012411Z,x86_64,r8id.8xlarge,12,ensemblorg/ensembl-vep:release_115.2,probe,15,1.140,0,docker run --rm <image> true; no annotation; image warm from the clone's timed cells
2026-09-20,sweep-20260920T012411Z,x86_64,r8id.8xlarge,12,ensemblorg/ensembl-vep:release_115.2,probe,16,0.880,0,docker run --rm <image> true; no annotation; image warm from the clone's timed cells
2026-09-20,sweep-20260920T012411Z,x86_64,r8id.8xlarge,12,ensemblorg/ensembl-vep:release_115.2,probe,17,1.020,0,docker run --rm <image> true; no annotation; image warm from the clone's timed cells
2026-09-20,sweep-20260920T012411Z,x86_64,r8id.8xlarge,12,ensemblorg/ensembl-vep:release_115.2,probe,18,0.790,0,docker run --rm <image> true; no annotation; image warm from the clone's timed cells
2026-09-20,sweep-20260920T012411Z,x86_64,r8id.8xlarge,12,ensemblorg/ensembl-vep:release_115.2,probe,19,0.910,0,docker run --rm <image> true; no annotation; image warm from the clone's timed cells
2026-09-20,sweep-20260920T012411Z,x86_64,r8id.8xlarge,12,ensemblorg/ensembl-vep:release_115.2,probe,20,0.900,0,docker run --rm <image> true; no annotation; image warm from the clone's timed cells
2026-09-20,sweep-20260920T012411Z,x86_64,r8id.8xlarge,13,ensemblorg/ensembl-vep:release_115.2,probe,1,0.960,0,docker run --rm <image> true; no annotation; image warm from the clone's timed cells
2026-09-20,sweep-20260920T012411Z,x86_64,r8id.8xlarge,13,ensemblorg/ensembl-vep:release_115.2,probe,2,0.920,0,docker run --rm <image> true; no annotation; image warm from the clone's timed cells
2026-09-20,sweep-20260920T012411Z,x86_64,r8id.8xlarge,13,ensemblorg/ensembl-vep:release_115.2,probe,3,0.960,0,docker run --rm <image> true; no annotation; image warm from the clone's timed cells
2026-09-20,sweep-20260920T012411Z,x86_64,r8id.8xlarge,13,ensemblorg/ensembl-vep:release_115.2,probe,4,0.770,0,docker run --rm <image> true; no annotation; image warm from the clone's timed cells
2026-09-20,sweep-20260920T012411Z,x86_64,r8id.8xlarge,13,ensemblorg/ensembl-vep:release_115.2,probe,5,0.770,0,docker run --rm <image> true; no annotation; image warm from the clone's timed cells
2026-09-20,sweep-20260920T012411Z,x86_64,r8id.8xlarge,13,ensemblorg/ensembl-vep:release_115.2,probe,6,0.800,0,docker run --rm <image> true; no annotation; image warm from the clone's timed cells
2026-09-20,sweep-20260920T012411Z,x86_64,r8id.8xlarge,13,ensemblorg/ensembl-vep:release_115.2,probe,7,0.940,0,docker run --rm <image> true; no annotation; image warm from the clone's timed cells
2026-09-20,sweep-20260920T012411Z,x86_64,r8id.8xlarge,13,ensemblorg/ensembl-vep:release_115.2,probe,8,0.870,0,docker run --rm <image> true; no annotation; image warm from the clone's timed cells
2026-09-20,sweep-20260920T012411Z,x86_64,r8id.8xlarge,13,ensemblorg/ensembl-vep:release_115.2,probe,9,0.930,0,docker run --rm <image> true; no annotation; image warm from the clone's timed cells
2026-09-20,sweep-20260920T012411Z,x86_64,r8id.8xlarge,13,ensemblorg/ensembl-vep:release_115.2,probe,10,0.910,0,docker run --rm <image> true; no annotation; image warm from the clone's timed cells
2026-09-20,sweep-20260920T012411Z,x86_64,r8id.8xlarge,13,ensemblorg/ensembl-vep:release_115.2,probe,11,0.970,0,docker run --rm <image> true; no annotation; image warm from the clone's timed cells
2026-09-20,sweep-20260920T012411Z,x86_64,r8id.8xlarge,13,ensemblorg/ensembl-vep:release_115.2,probe,12,0.910,0,docker run --rm <image> true; no annotation; image warm from the clone's timed cells
2026-09-20,sweep-20260920T012411Z,x86_64,r8id.8xlarge,13,ensemblorg/ensembl-vep:release_115.2,probe,13,0.880,0,docker run --rm <image> true; no annotation; image warm from the clone's timed cells
2026-09-20,sweep-20260920T012411Z,x86_64,r8id.8xlarge,13,ensemblorg/ensembl-vep:release_115.2,probe,14,0.880,0,docker run --rm <image> true; no annotation; image warm from the clone's timed cells
2026-09-20,sweep-20260920T012411Z,x86_64,r8id.8xlarge,13,ensemblorg/ensembl-vep:release_115.2,probe,15,1.030,0,docker run --rm <image> true; no annotation; image warm from the clone's timed cells
2026-09-20,sweep-20260920T012411Z,x86_64,r8id.8xlarge,13,ensemblorg/ensembl-vep:release_115.2,probe,16,0.860,0,docker run --rm <image> true; no annotation; image warm from the clone's timed cells
2026-09-20,sweep-20260920T012411Z,x86_64,r8id.8xlarge,13,ensemblorg/ensembl-vep:release_115.2,probe,17,1.000,0,docker run --rm <image> true; no annotation; image warm from the clone's timed cells
2026-09-20,sweep-20260920T012411Z,x86_64,r8id.8xlarge,13,ensemblorg/ensembl-vep:release_115.2,probe,18,0.900,0,docker run --rm <image> true; no annotation; image warm from the clone's timed cells
2026-09-20,sweep-20260920T012411Z,x86_64,r8id.8xlarge,13,ensemblorg/ensembl-vep:release_115.2,probe,19,0.930,0,docker run --rm <image> true; no annotation; image warm from the clone's timed cells
2026-09-20,sweep-20260920T012411Z,x86_64,r8id.8xlarge,13,ensemblorg/ensembl-vep:release_115.2,probe,20,0.970,0,docker run --rm <image> true; no annotation; image warm from the clone's timed cells
2026-09-20,sweep-20260920T012411Z,x86_64,r8id.8xlarge,14,ensemblorg/ensembl-vep:release_115.2,probe,1,0.880,0,docker run --rm <image> true; no annotation; image warm from the clone's timed cells
2026-09-20,sweep-20260920T012411Z,x86_64,r8id.8xlarge,14,ensemblorg/ensembl-vep:release_115.2,probe,2,0.910,0,docker run --rm <image> true; no annotation; image warm from the clone's timed cells
2026-09-20,sweep-20260920T012411Z,x86_64,r8id.8xlarge,14,ensemblorg/ensembl-vep:release_115.2,probe,3,1.120,0,docker run --rm <image> true; no annotation; image warm from the clone's timed cells
2026-09-20,sweep-20260920T012411Z,x86_64,r8id.8xlarge,14,ensemblorg/ensembl-vep:release_115.2,probe,4,0.840,0,docker run --rm <image> true; no annotation; image warm from the clone's timed cells
2026-09-20,sweep-20260920T012411Z,x86_64,r8id.8xlarge,14,ensemblorg/ensembl-vep:release_115.2,probe,5,0.980,0,docker run --rm <image> true; no annotation; image warm from the clone's timed cells
2026-09-20,sweep-20260920T012411Z,x86_64,r8id.8xlarge,14,ensemblorg/ensembl-vep:release_115.2,probe,6,1.000,0,docker run --rm <image> true; no annotation; image warm from the clone's timed cells
2026-09-20,sweep-20260920T012411Z,x86_64,r8id.8xlarge,14,ensemblorg/ensembl-vep:release_115.2,probe,7,0.980,0,docker run --rm <image> true; no annotation; image warm from the clone's timed cells
2026-09-20,sweep-20260920T012411Z,x86_64,r8id.8xlarge,14,ensemblorg/ensembl-vep:release_115.2,probe,8,0.910,0,docker run --rm <image> true; no annotation; image warm from the clone's timed cells
2026-09-20,sweep-20260920T012411Z,x86_64,r8id.8xlarge,14,ensemblorg/ensembl-vep:release_115.2,probe,9,0.920,0,docker run --rm <image> true; no annotation; image warm from the clone's timed cells
2026-09-20,sweep-20260920T012411Z,x86_64,r8id.8xlarge,14,ensemblorg/ensembl-vep:release_115.2,probe,10,0.960,0,docker run --rm <image> true; no annotation; image warm from the clone's timed cells
2026-09-20,sweep-20260920T012411Z,x86_64,r8id.8xlarge,14,ensemblorg/ensembl-vep:release_115.2,probe,11,1.000,0,docker run --rm <image> true; no annotation; image warm from the clone's timed cells
2026-09-20,sweep-20260920T012411Z,x86_64,r8id.8xlarge,14,ensemblorg/ensembl-vep:release_115.2,probe,12,0.990,0,docker run --rm <image> true; no annotation; image warm from the clone's timed cells
2026-09-20,sweep-20260920T012411Z,x86_64,r8id.8xlarge,14,ensemblorg/ensembl-vep:release_115.2,probe,13,0.960,0,docker run --rm <image> true; no annotation; image warm from the clone's timed cells
2026-09-20,sweep-20260920T012411Z,x86_64,r8id.8xlarge,14,ensemblorg/ensembl-vep:release_115.2,probe,14,0.930,0,docker run --rm <image> true; no annotation; image warm from the clone's timed cells
2026-09-20,sweep-20260920T012411Z,x86_64,r8id.8xlarge,14,ensemblorg/ensembl-vep:release_115.2,probe,15,0.940,0,docker run --rm <image> true; no annotation; image warm from the clone's timed cells
2026-09-20,sweep-20260920T012411Z,x86_64,r8id.8xlarge,14,ensemblorg/ensembl-vep:release_115.2,probe,16,1.030,0,docker run --rm <image> true; no annotation; image warm from the clone's timed cells
2026-09-20,sweep-20260920T012411Z,x86_64,r8id.8xlarge,14,ensemblorg/ensembl-vep:release_115.2,probe,17,0.960,0,docker run --rm <image> true; no annotation; image warm from the clone's timed cells
2026-09-20,sweep-20260920T012411Z,x86_64,r8id.8xlarge,14,ensemblorg/ensembl-vep:release_115.2,probe,18,1.000,0,docker run --rm <image> true; no annotation; image warm from the clone's timed cells
2026-09-20,sweep-20260920T012411Z,x86_64,r8id.8xlarge,14,ensemblorg/ensembl-vep:release_115.2,probe,19,0.920,0,docker run --rm <image> true; no annotation; image warm from the clone's timed cells
2026-09-20,sweep-20260920T012411Z,x86_64,r8id.8xlarge,14,ensemblorg/ensembl-vep:release_115.2,probe,20,1.000,0,docker run --rm <image> true; no annotation; image warm from the clone's timed cells
2026-09-20,sweep-20260920T012411Z,x86_64,r8id.8xlarge,15,ensemblorg/ensembl-vep:release_115.2,probe,1,0.940,0,docker run --rm <image> true; no annotation; image warm from the clone's timed cells
2026-09-20,sweep-20260920T012411Z,x86_64,r8id.8xlarge,15,ensemblorg/ensembl-vep:release_115.2,probe,2,1.030,0,docker run --rm <image> true; no annotation; image warm from the clone's timed cells
2026-09-20,sweep-20260920T012411Z,x86_64,r8id.8xlarge,15,ensemblorg/ensembl-vep:release_115.2,probe,3,0.940,0,docker run --rm <image> true; no annotation; image warm from the clone's timed cells
2026-09-20,sweep-20260920T012411Z,x86_64,r8id.8xlarge,15,ensemblorg/ensembl-vep:release_115.2,probe,4,0.860,0,docker run --rm <image> true; no annotation; image warm from the clone's timed cells
2026-09-20,sweep-20260920T012411Z,x86_64,r8id.8xlarge,15,ensemblorg/ensembl-vep:release_115.2,probe,5,0.910,0,docker run --rm <image> true; no annotation; image warm from the clone's timed cells
2026-09-20,sweep-20260920T012411Z,x86_64,r8id.8xlarge,15,ensemblorg/ensembl-vep:release_115.2,probe,6,0.920,0,docker run --rm <image> true; no annotation; image warm from the clone's timed cells
2026-09-20,sweep-20260920T012411Z,x86_64,r8id.8xlarge,15,ensemblorg/ensembl-vep:release_115.2,probe,7,0.960,0,docker run --rm <image> true; no annotation; image warm from the clone's timed cells
2026-09-20,sweep-20260920T012411Z,x86_64,r8id.8xlarge,15,ensemblorg/ensembl-vep:release_115.2,probe,8,0.940,0,docker run --rm <image> true; no annotation; image warm from the clone's timed cells
2026-09-20,sweep-20260920T012411Z,x86_64,r8id.8xlarge,15,ensemblorg/ensembl-vep:release_115.2,probe,9,0.970,0,docker run --rm <image> true; no annotation; image warm from the clone's timed cells
2026-09-20,sweep-20260920T012411Z,x86_64,r8id.8xlarge,15,ensemblorg/ensembl-vep:release_115.2,probe,10,1.010,0,docker run --rm <image> true; no annotation; image warm from the clone's timed cells
2026-09-20,sweep-20260920T012411Z,x86_64,r8id.8xlarge,15,ensemblorg/ensembl-vep:release_115.2,probe,11,0.970,0,docker run --rm <image> true; no annotation; image warm from the clone's timed cells
2026-09-20,sweep-20260920T012411Z,x86_64,r8id.8xlarge,15,ensemblorg/ensembl-vep:release_115.2,probe,12,0.940,0,docker run --rm <image> true; no annotation; image warm from the clone's timed cells
2026-09-20,sweep-20260920T012411Z,x86_64,r8id.8xlarge,15,ensemblorg/ensembl-vep:release_115.2,probe,13,0.920,0,docker run --rm <image> true; no annotation; image warm from the clone's timed cells
2026-09-20,sweep-20260920T012411Z,x86_64,r8id.8xlarge,15,ensemblorg/ensembl-vep:release_115.2,probe,14,0.880,0,docker run --rm <image> true; no annotation; image warm from the clone's timed cells
2026-09-20,sweep-20260920T012411Z,x86_64,r8id.8xlarge,15,ensemblorg/ensembl-vep:release_115.2,probe,15,0.900,0,docker run --rm <image> true; no annotation; image warm from the clone's timed cells
2026-09-20,sweep-20260920T012411Z,x86_64,r8id.8xlarge,15,ensemblorg/ensembl-vep:release_115.2,probe,16,1.010,0,docker run --rm <image> true; no annotation; image warm from the clone's timed cells
2026-09-20,sweep-20260920T012411Z,x86_64,r8id.8xlarge,15,ensemblorg/ensembl-vep:release_115.2,probe,17,0.890,0,docker run --rm <image> true; no annotation; image warm from the clone's timed cells
2026-09-20,sweep-20260920T012411Z,x86_64,r8id.8xlarge,15,ensemblorg/ensembl-vep:release_115.2,probe,18,0.820,0,docker run --rm <image> true; no annotation; image warm from the clone's timed cells
2026-09-20,sweep-20260920T012411Z,x86_64,r8id.8xlarge,15,ensemblorg/ensembl-vep:release_115.2,probe,19,0.910,0,docker run --rm <image> true; no annotation; image warm from the clone's timed cells
2026-09-20,sweep-20260920T012411Z,x86_64,r8id.8xlarge,15,ensemblorg/ensembl-vep:release_115.2,probe,20,0.990,0,docker run --rm <image> true; no annotation; image warm from the clone's timed cells
2026-09-20,sweep-20260920T012411Z,x86_64,r8id.8xlarge,16,ensemblorg/ensembl-vep:release_115.2,probe,1,0.900,0,docker run --rm <image> true; no annotation; image warm from the clone's timed cells
2026-09-20,sweep-20260920T012411Z,x86_64,r8id.8xlarge,16,ensemblorg/ensembl-vep:release_115.2,probe,2,1.040,0,docker run --rm <image> true; no annotation; image warm from the clone's timed cells
2026-09-20,sweep-20260920T012411Z,x86_64,r8id.8xlarge,16,ensemblorg/ensembl-vep:release_115.2,probe,3,0.950,0,docker run --rm <image> true; no annotation; image warm from the clone's timed cells
2026-09-20,sweep-20260920T012411Z,x86_64,r8id.8xlarge,16,ensemblorg/ensembl-vep:release_115.2,probe,4,1.070,0,docker run --rm <image> true; no annotation; image warm from the clone's timed cells
2026-09-20,sweep-20260920T012411Z,x86_64,r8id.8xlarge,16,ensemblorg/ensembl-vep:release_115.2,probe,5,0.960,0,docker run --rm <image> true; no annotation; image warm from the clone's timed cells
2026-09-20,sweep-20260920T012411Z,x86_64,r8id.8xlarge,16,ensemblorg/ensembl-vep:release_115.2,probe,6,0.840,0,docker run --rm <image> true; no annotation; image warm from the clone's timed cells
2026-09-20,sweep-20260920T012411Z,x86_64,r8id.8xlarge,16,ensemblorg/ensembl-vep:release_115.2,probe,7,1.040,0,docker run --rm <image> true; no annotation; image warm from the clone's timed cells
2026-09-20,sweep-20260920T012411Z,x86_64,r8id.8xlarge,16,ensemblorg/ensembl-vep:release_115.2,probe,8,0.980,0,docker run --rm <image> true; no annotation; image warm from the clone's timed cells
2026-09-20,sweep-20260920T012411Z,x86_64,r8id.8xlarge,16,ensemblorg/ensembl-vep:release_115.2,probe,9,0.910,0,docker run --rm <image> true; no annotation; image warm from the clone's timed cells
2026-09-20,sweep-20260920T012411Z,x86_64,r8id.8xlarge,16,ensemblorg/ensembl-vep:release_115.2,probe,10,0.840,0,docker run --rm <image> true; no annotation; image warm from the clone's timed cells
2026-09-20,sweep-20260920T012411Z,x86_64,r8id.8xlarge,16,ensemblorg/ensembl-vep:release_115.2,probe,11,0.990,0,docker run --rm <image> true; no annotation; image warm from the clone's timed cells
2026-09-20,sweep-20260920T012411Z,x86_64,r8id.8xlarge,16,ensemblorg/ensembl-vep:release_115.2,probe,12,0.900,0,docker run --rm <image> true; no annotation; image warm from the clone's timed cells
2026-09-20,sweep-20260920T012411Z,x86_64,r8id.8xlarge,16,ensemblorg/ensembl-vep:release_115.2,probe,13,0.960,0,docker run --rm <image> true; no annotation; image warm from the clone's timed cells
2026-09-20,sweep-20260920T012411Z,x86_64,r8id.8xlarge,16,ensemblorg/ensembl-vep:release_115.2,probe,14,1.100,0,docker run --rm <image> true; no annotation; image warm from the clone's timed cells
2026-09-20,sweep-20260920T012411Z,x86_64,r8id.8xlarge,16,ensemblorg/ensembl-vep:release_115.2,probe,15,0.920,0,docker run --rm <image> true; no annotation; image warm from the clone's timed cells
2026-09-20,sweep-20260920T012411Z,x86_64,r8id.8xlarge,16,ensemblorg/ensembl-vep:release_115.2,probe,16,0.960,0,docker run --rm <image> true; no annotation; image warm from the clone's timed cells
2026-09-20,sweep-20260920T012411Z,x86_64,r8id.8xlarge,16,ensemblorg/ensembl-vep:release_115.2,probe,17,0.920,0,docker run --rm <image> true; no annotation; image warm from the clone's timed cells
2026-09-20,sweep-20260920T012411Z,x86_64,r8id.8xlarge,16,ensemblorg/ensembl-vep:release_115.2,probe,18,0.940,0,docker run --rm <image> true; no annotation; image warm from the clone's timed cells
2026-09-20,sweep-20260920T012411Z,x86_64,r8id.8xlarge,16,ensemblorg/ensembl-vep:release_115.2,probe,19,0.890,0,docker run --rm <image> true; no annotation; image warm from the clone's timed cells
2026-09-20,sweep-20260920T012411Z,x86_64,r8id.8xlarge,16,ensemblorg/ensembl-vep:release_115.2,probe,20,0.890,0,docker run --rm <image> true; no annotation; image warm from the clone's timed cells
2026-09-20,sweep-20260920T012411Z,x86_64,r8id.8xlarge,17,ensemblorg/ensembl-vep:release_115.2,probe,1,0.900,0,docker run --rm <image> true; no annotation; image warm from the clone's timed cells
2026-09-20,sweep-20260920T012411Z,x86_64,r8id.8xlarge,17,ensemblorg/ensembl-vep:release_115.2,probe,2,1.030,0,docker run --rm <image> true; no annotation; image warm from the clone's timed cells
2026-09-20,sweep-20260920T012411Z,x86_64,r8id.8xlarge,17,ensemblorg/ensembl-vep:release_115.2,probe,3,1.040,0,docker run --rm <image> true; no annotation; image warm from the clone's timed cells
2026-09-20,sweep-20260920T012411Z,x86_64,r8id.8xlarge,17,ensemblorg/ensembl-vep:release_115.2,probe,4,0.840,0,docker run --rm <image> true; no annotation; image warm from the clone's timed cells
2026-09-20,sweep-20260920T012411Z,x86_64,r8id.8xlarge,17,ensemblorg/ensembl-vep:release_115.2,probe,5,0.990,0,docker run --rm <image> true; no annotation; image warm from the clone's timed cells
2026-09-20,sweep-20260920T012411Z,x86_64,r8id.8xlarge,17,ensemblorg/ensembl-vep:release_115.2,probe,6,0.890,0,docker run --rm <image> true; no annotation; image warm from the clone's timed cells
2026-09-20,sweep-20260920T012411Z,x86_64,r8id.8xlarge,17,ensemblorg/ensembl-vep:release_115.2,probe,7,0.970,0,docker run --rm <image> true; no annotation; image warm from the clone's timed cells
2026-09-20,sweep-20260920T012411Z,x86_64,r8id.8xlarge,17,ensemblorg/ensembl-vep:release_115.2,probe,8,0.940,0,docker run --rm <image> true; no annotation; image warm from the clone's timed cells
2026-09-20,sweep-20260920T012411Z,x86_64,r8id.8xlarge,17,ensemblorg/ensembl-vep:release_115.2,probe,9,0.920,0,docker run --rm <image> true; no annotation; image warm from the clone's timed cells
2026-09-20,sweep-20260920T012411Z,x86_64,r8id.8xlarge,17,ensemblorg/ensembl-vep:release_115.2,probe,10,0.850,0,docker run --rm <image> true; no annotation; image warm from the clone's timed cells
2026-09-20,sweep-20260920T012411Z,x86_64,r8id.8xlarge,17,ensemblorg/ensembl-vep:release_115.2,probe,11,1.030,0,docker run --rm <image> true; no annotation; image warm from the clone's timed cells
2026-09-20,sweep-20260920T012411Z,x86_64,r8id.8xlarge,17,ensemblorg/ensembl-vep:release_115.2,probe,12,0.940,0,docker run --rm <image> true; no annotation; image warm from the clone's timed cells
2026-09-20,sweep-20260920T012411Z,x86_64,r8id.8xlarge,17,ensemblorg/ensembl-vep:release_115.2,probe,13,0.940,0,docker run --rm <image> true; no annotation; image warm from the clone's timed cells
2026-09-20,sweep-20260920T012411Z,x86_64,r8id.8xlarge,17,ensemblorg/ensembl-vep:release_115.2,probe,14,0.930,0,docker run --rm <image> true; no annotation; image warm from the clone's timed cells
2026-09-20,sweep-20260920T012411Z,x86_64,r8id.8xlarge,17,ensemblorg/ensembl-vep:release_115.2,probe,15,0.900,0,docker run --rm <image> true; no annotation; image warm from the clone's timed cells
2026-09-20,sweep-20260920T012411Z,x86_64,r8id.8xlarge,17,ensemblorg/ensembl-vep:release_115.2,probe,16,0.850,0,docker run --rm <image> true; no annotation; image warm from the clone's timed cells
2026-09-20,sweep-20260920T012411Z,x86_64,r8id.8xlarge,17,ensemblorg/ensembl-vep:release_115.2,probe,17,1.010,0,docker run --rm <image> true; no annotation; image warm from the clone's timed cells
2026-09-20,sweep-20260920T012411Z,x86_64,r8id.8xlarge,17,ensemblorg/ensembl-vep:release_115.2,probe,18,0.910,0,docker run --rm <image> true; no annotation; image warm from the clone's timed cells
2026-09-20,sweep-20260920T012411Z,x86_64,r8id.8xlarge,17,ensemblorg/ensembl-vep:release_115.2,probe,19,0.900,0,docker run --rm <image> true; no annotation; image warm from the clone's timed cells
2026-09-20,sweep-20260920T012411Z,x86_64,r8id.8xlarge,17,ensemblorg/ensembl-vep:release_115.2,probe,20,0.790,0,docker run --rm <image> true; no annotation; image warm from the clone's timed cells
2026-09-20,sweep-20260920T012411Z,x86_64,r8id.8xlarge,18,ensemblorg/ensembl-vep:release_115.2,probe,1,0.980,0,docker run --rm <image> true; no annotation; image warm from the clone's timed cells
2026-09-20,sweep-20260920T012411Z,x86_64,r8id.8xlarge,18,ensemblorg/ensembl-vep:release_115.2,probe,2,1.170,0,docker run --rm <image> true; no annotation; image warm from the clone's timed cells
2026-09-20,sweep-20260920T012411Z,x86_64,r8id.8xlarge,18,ensemblorg/ensembl-vep:release_115.2,probe,3,1.060,0,docker run --rm <image> true; no annotation; image warm from the clone's timed cells
2026-09-20,sweep-20260920T012411Z,x86_64,r8id.8xlarge,18,ensemblorg/ensembl-vep:release_115.2,probe,4,0.930,0,docker run --rm <image> true; no annotation; image warm from the clone's timed cells
2026-09-20,sweep-20260920T012411Z,x86_64,r8id.8xlarge,18,ensemblorg/ensembl-vep:release_115.2,probe,5,1.010,0,docker run --rm <image> true; no annotation; image warm from the clone's timed cells
2026-09-20,sweep-20260920T012411Z,x86_64,r8id.8xlarge,18,ensemblorg/ensembl-vep:release_115.2,probe,6,1.030,0,docker run --rm <image> true; no annotation; image warm from the clone's timed cells
2026-09-20,sweep-20260920T012411Z,x86_64,r8id.8xlarge,18,ensemblorg/ensembl-vep:release_115.2,probe,7,1.020,0,docker run --rm <image> true; no annotation; image warm from the clone's timed cells
2026-09-20,sweep-20260920T012411Z,x86_64,r8id.8xlarge,18,ensemblorg/ensembl-vep:release_115.2,probe,8,0.970,0,docker run --rm <image> true; no annotation; image warm from the clone's timed cells
2026-09-20,sweep-20260920T012411Z,x86_64,r8id.8xlarge,18,ensemblorg/ensembl-vep:release_115.2,probe,9,0.980,0,docker run --rm <image> true; no annotation; image warm from the clone's timed cells
2026-09-20,sweep-20260920T012411Z,x86_64,r8id.8xlarge,18,ensemblorg/ensembl-vep:release_115.2,probe,10,0.980,0,docker run --rm <image> true; no annotation; image warm from the clone's timed cells
2026-09-20,sweep-20260920T012411Z,x86_64,r8id.8xlarge,18,ensemblorg/ensembl-vep:release_115.2,probe,11,0.960,0,docker run --rm <image> true; no annotation; image warm from the clone's timed cells
2026-09-20,sweep-20260920T012411Z,x86_64,r8id.8xlarge,18,ensemblorg/ensembl-vep:release_115.2,probe,12,1.090,0,docker run --rm <image> true; no annotation; image warm from the clone's timed cells
2026-09-20,sweep-20260920T012411Z,x86_64,r8id.8xlarge,18,ensemblorg/ensembl-vep:release_115.2,probe,13,0.900,0,docker run --rm <image> true; no annotation; image warm from the clone's timed cells
2026-09-20,sweep-20260920T012411Z,x86_64,r8id.8xlarge,18,ensemblorg/ensembl-vep:release_115.2,probe,14,1.070,0,docker run --rm <image> true; no annotation; image warm from the clone's timed cells
2026-09-20,sweep-20260920T012411Z,x86_64,r8id.8xlarge,18,ensemblorg/ensembl-vep:release_115.2,probe,15,0.980,0,docker run --rm <image> true; no annotation; image warm from the clone's timed cells
2026-09-20,sweep-20260920T012411Z,x86_64,r8id.8xlarge,18,ensemblorg/ensembl-vep:release_115.2,probe,16,0.890,0,docker run --rm <image> true; no annotation; image warm from the clone's timed cells
2026-09-20,sweep-20260920T012411Z,x86_64,r8id.8xlarge,18,ensemblorg/ensembl-vep:release_115.2,probe,17,0.950,0,docker run --rm <image> true; no annotation; image warm from the clone's timed cells
2026-09-20,sweep-20260920T012411Z,x86_64,r8id.8xlarge,18,ensemblorg/ensembl-vep:release_115.2,probe,18,0.910,0,docker run --rm <image> true; no annotation; image warm from the clone's timed cells
2026-09-20,sweep-20260920T012411Z,x86_64,r8id.8xlarge,18,ensemblorg/ensembl-vep:release_115.2,probe,19,0.900,0,docker run --rm <image> true; no annotation; image warm from the clone's timed cells
2026-09-20,sweep-20260920T012411Z,x86_64,r8id.8xlarge,18,ensemblorg/ensembl-vep:release_115.2,probe,20,0.960,0,docker run --rm <image> true; no annotation; image warm from the clone's timed cells
2026-09-20,sweep-20260920T012411Z,x86_64,r8id.8xlarge,19,ensemblorg/ensembl-vep:release_115.2,probe,1,0.960,0,docker run --rm <image> true; no annotation; image warm from the clone's timed cells
2026-09-20,sweep-20260920T012411Z,x86_64,r8id.8xlarge,19,ensemblorg/ensembl-vep:release_115.2,probe,2,0.930,0,docker run --rm <image> true; no annotation; image warm from the clone's timed cells
2026-09-20,sweep-20260920T012411Z,x86_64,r8id.8xlarge,19,ensemblorg/ensembl-vep:release_115.2,probe,3,0.950,0,docker run --rm <image> true; no annotation; image warm from the clone's timed cells
2026-09-20,sweep-20260920T012411Z,x86_64,r8id.8xlarge,19,ensemblorg/ensembl-vep:release_115.2,probe,4,1.060,0,docker run --rm <image> true; no annotation; image warm from the clone's timed cells
2026-09-20,sweep-20260920T012411Z,x86_64,r8id.8xlarge,19,ensemblorg/ensembl-vep:release_115.2,probe,5,1.070,0,docker run --rm <image> true; no annotation; image warm from the clone's timed cells
2026-09-20,sweep-20260920T012411Z,x86_64,r8id.8xlarge,19,ensemblorg/ensembl-vep:release_115.2,probe,6,0.980,0,docker run --rm <image> true; no annotation; image warm from the clone's timed cells
2026-09-20,sweep-20260920T012411Z,x86_64,r8id.8xlarge,19,ensemblorg/ensembl-vep:release_115.2,probe,7,0.920,0,docker run --rm <image> true; no annotation; image warm from the clone's timed cells
2026-09-20,sweep-20260920T012411Z,x86_64,r8id.8xlarge,19,ensemblorg/ensembl-vep:release_115.2,probe,8,0.830,0,docker run --rm <image> true; no annotation; image warm from the clone's timed cells
2026-09-20,sweep-20260920T012411Z,x86_64,r8id.8xlarge,19,ensemblorg/ensembl-vep:release_115.2,probe,9,1.000,0,docker run --rm <image> true; no annotation; image warm from the clone's timed cells
2026-09-20,sweep-20260920T012411Z,x86_64,r8id.8xlarge,19,ensemblorg/ensembl-vep:release_115.2,probe,10,1.000,0,docker run --rm <image> true; no annotation; image warm from the clone's timed cells
2026-09-20,sweep-20260920T012411Z,x86_64,r8id.8xlarge,19,ensemblorg/ensembl-vep:release_115.2,probe,11,0.890,0,docker run --rm <image> true; no annotation; image warm from the clone's timed cells
2026-09-20,sweep-20260920T012411Z,x86_64,r8id.8xlarge,19,ensemblorg/ensembl-vep:release_115.2,probe,12,0.850,0,docker run --rm <image> true; no annotation; image warm from the clone's timed cells
2026-09-20,sweep-20260920T012411Z,x86_64,r8id.8xlarge,19,ensemblorg/ensembl-vep:release_115.2,probe,13,0.910,0,docker run --rm <image> true; no annotation; image warm from the clone's timed cells
2026-09-20,sweep-20260920T012411Z,x86_64,r8id.8xlarge,19,ensemblorg/ensembl-vep:release_115.2,probe,14,0.950,0,docker run --rm <image> true; no annotation; image warm from the clone's timed cells
2026-09-20,sweep-20260920T012411Z,x86_64,r8id.8xlarge,19,ensemblorg/ensembl-vep:release_115.2,probe,15,1.080,0,docker run --rm <image> true; no annotation; image warm from the clone's timed cells
2026-09-20,sweep-20260920T012411Z,x86_64,r8id.8xlarge,19,ensemblorg/ensembl-vep:release_115.2,probe,16,0.970,0,docker run --rm <image> true; no annotation; image warm from the clone's timed cells
2026-09-20,sweep-20260920T012411Z,x86_64,r8id.8xlarge,19,ensemblorg/ensembl-vep:release_115.2,probe,17,0.930,0,docker run --rm <image> true; no annotation; image warm from the clone's timed cells
2026-09-20,sweep-20260920T012411Z,x86_64,r8id.8xlarge,19,ensemblorg/ensembl-vep:release_115.2,probe,18,1.020,0,docker run --rm <image> true; no annotation; image warm from the clone's timed cells
2026-09-20,sweep-20260920T012411Z,x86_64,r8id.8xlarge,19,ensemblorg/ensembl-vep:release_115.2,probe,19,0.890,0,docker run --rm <image> true; no annotation; image warm from the clone's timed cells
2026-09-20,sweep-20260920T012411Z,x86_64,r8id.8xlarge,19,ensemblorg/ensembl-vep:release_115.2,probe,20,0.930,0,docker run --rm <image> true; no annotation; image warm from the clone's timed cells
2026-09-20,sweep-20260920T012411Z,x86_64,r8id.8xlarge,2,ensemblorg/ensembl-vep:release_115.2,probe,1,0.860,0,docker run --rm <image> true; no annotation; image warm from the clone's timed cells
2026-09-20,sweep-20260920T012411Z,x86_64,r8id.8xlarge,2,ensemblorg/ensembl-vep:release_115.2,probe,2,0.840,0,docker run --rm <image> true; no annotation; image warm from the clone's timed cells
2026-09-20,sweep-20260920T012411Z,x86_64,r8id.8xlarge,2,ensemblorg/ensembl-vep:release_115.2,probe,3,0.940,0,docker run --rm <image> true; no annotation; image warm from the clone's timed cells
2026-09-20,sweep-20260920T012411Z,x86_64,r8id.8xlarge,2,ensemblorg/ensembl-vep:release_115.2,probe,4,0.890,0,docker run --rm <image> true; no annotation; image warm from the clone's timed cells
2026-09-20,sweep-20260920T012411Z,x86_64,r8id.8xlarge,2,ensemblorg/ensembl-vep:release_115.2,probe,5,0.820,0,docker run --rm <image> true; no annotation; image warm from the clone's timed cells
2026-09-20,sweep-20260920T012411Z,x86_64,r8id.8xlarge,2,ensemblorg/ensembl-vep:release_115.2,probe,6,0.860,0,docker run --rm <image> true; no annotation; image warm from the clone's timed cells
2026-09-20,sweep-20260920T012411Z,x86_64,r8id.8xlarge,2,ensemblorg/ensembl-vep:release_115.2,probe,7,0.830,0,docker run --rm <image> true; no annotation; image warm from the clone's timed cells
2026-09-20,sweep-20260920T012411Z,x86_64,r8id.8xlarge,2,ensemblorg/ensembl-vep:release_115.2,probe,8,0.850,0,docker run --rm <image> true; no annotation; image warm from the clone's timed cells
2026-09-20,sweep-20260920T012411Z,x86_64,r8id.8xlarge,2,ensemblorg/ensembl-vep:release_115.2,probe,9,1.010,0,docker run --rm <image> true; no annotation; image warm from the clone's timed cells
2026-09-20,sweep-20260920T012411Z,x86_64,r8id.8xlarge,2,ensemblorg/ensembl-vep:release_115.2,probe,10,1.020,0,docker run --rm <image> true; no annotation; image warm from the clone's timed cells
2026-09-20,sweep-20260920T012411Z,x86_64,r8id.8xlarge,2,ensemblorg/ensembl-vep:release_115.2,probe,11,0.810,0,docker run --rm <image> true; no annotation; image warm from the clone's timed cells
2026-09-20,sweep-20260920T012411Z,x86_64,r8id.8xlarge,2,ensemblorg/ensembl-vep:release_115.2,probe,12,0.980,0,docker run --rm <image> true; no annotation; image warm from the clone's timed cells
2026-09-20,sweep-20260920T012411Z,x86_64,r8id.8xlarge,2,ensemblorg/ensembl-vep:release_115.2,probe,13,0.940,0,docker run --rm <image> true; no annotation; image warm from the clone's timed cells
2026-09-20,sweep-20260920T012411Z,x86_64,r8id.8xlarge,2,ensemblorg/ensembl-vep:release_115.2,probe,14,0.910,0,docker run --rm <image> true; no annotation; image warm from the clone's timed cells
2026-09-20,sweep-20260920T012411Z,x86_64,r8id.8xlarge,2,ensemblorg/ensembl-vep:release_115.2,probe,15,0.790,0,docker run --rm <image> true; no annotation; image warm from the clone's timed cells
2026-09-20,sweep-20260920T012411Z,x86_64,r8id.8xlarge,2,ensemblorg/ensembl-vep:release_115.2,probe,16,0.960,0,docker run --rm <image> true; no annotation; image warm from the clone's timed cells
2026-09-20,sweep-20260920T012411Z,x86_64,r8id.8xlarge,2,ensemblorg/ensembl-vep:release_115.2,probe,17,0.850,0,docker run --rm <image> true; no annotation; image warm from the clone's timed cells
2026-09-20,sweep-20260920T012411Z,x86_64,r8id.8xlarge,2,ensemblorg/ensembl-vep:release_115.2,probe,18,0.880,0,docker run --rm <image> true; no annotation; image warm from the clone's timed cells
2026-09-20,sweep-20260920T012411Z,x86_64,r8id.8xlarge,2,ensemblorg/ensembl-vep:release_115.2,probe,19,0.910,0,docker run --rm <image> true; no annotation; image warm from the clone's timed cells
2026-09-20,sweep-20260920T012411Z,x86_64,r8id.8xlarge,2,ensemblorg/ensembl-vep:release_115.2,probe,20,0.810,0,docker run --rm <image> true; no annotation; image warm from the clone's timed cells
2026-09-20,sweep-20260920T012411Z,x86_64,r8id.8xlarge,20,ensemblorg/ensembl-vep:release_115.2,probe,1,0.840,0,docker run --rm <image> true; no annotation; image warm from the clone's timed cells
2026-09-20,sweep-20260920T012411Z,x86_64,r8id.8xlarge,20,ensemblorg/ensembl-vep:release_115.2,probe,2,0.890,0,docker run --rm <image> true; no annotation; image warm from the clone's timed cells
2026-09-20,sweep-20260920T012411Z,x86_64,r8id.8xlarge,20,ensemblorg/ensembl-vep:release_115.2,probe,3,0.870,0,docker run --rm <image> true; no annotation; image warm from the clone's timed cells
2026-09-20,sweep-20260920T012411Z,x86_64,r8id.8xlarge,20,ensemblorg/ensembl-vep:release_115.2,probe,4,0.920,0,docker run --rm <image> true; no annotation; image warm from the clone's timed cells
2026-09-20,sweep-20260920T012411Z,x86_64,r8id.8xlarge,20,ensemblorg/ensembl-vep:release_115.2,probe,5,0.890,0,docker run --rm <image> true; no annotation; image warm from the clone's timed cells
2026-09-20,sweep-20260920T012411Z,x86_64,r8id.8xlarge,20,ensemblorg/ensembl-vep:release_115.2,probe,6,0.860,0,docker run --rm <image> true; no annotation; image warm from the clone's timed cells
2026-09-20,sweep-20260920T012411Z,x86_64,r8id.8xlarge,20,ensemblorg/ensembl-vep:release_115.2,probe,7,0.970,0,docker run --rm <image> true; no annotation; image warm from the clone's timed cells
2026-09-20,sweep-20260920T012411Z,x86_64,r8id.8xlarge,20,ensemblorg/ensembl-vep:release_115.2,probe,8,0.930,0,docker run --rm <image> true; no annotation; image warm from the clone's timed cells
2026-09-20,sweep-20260920T012411Z,x86_64,r8id.8xlarge,20,ensemblorg/ensembl-vep:release_115.2,probe,9,0.920,0,docker run --rm <image> true; no annotation; image warm from the clone's timed cells
2026-09-20,sweep-20260920T012411Z,x86_64,r8id.8xlarge,20,ensemblorg/ensembl-vep:release_115.2,probe,10,1.020,0,docker run --rm <image> true; no annotation; image warm from the clone's timed cells
2026-09-20,sweep-20260920T012411Z,x86_64,r8id.8xlarge,20,ensemblorg/ensembl-vep:release_115.2,probe,11,0.860,0,docker run --rm <image> true; no annotation; image warm from the clone's timed cells
2026-09-20,sweep-20260920T012411Z,x86_64,r8id.8xlarge,20,ensemblorg/ensembl-vep:release_115.2,probe,12,0.920,0,docker run --rm <image> true; no annotation; image warm from the clone's timed cells
2026-09-20,sweep-20260920T012411Z,x86_64,r8id.8xlarge,20,ensemblorg/ensembl-vep:release_115.2,probe,13,0.970,0,docker run --rm <image> true; no annotation; image warm from the clone's timed cells
2026-09-20,sweep-20260920T012411Z,x86_64,r8id.8xlarge,20,ensemblorg/ensembl-vep:release_115.2,probe,14,1.050,0,docker run --rm <image> true; no annotation; image warm from the clone's timed cells
2026-09-20,sweep-20260920T012411Z,x86_64,r8id.8xlarge,20,ensemblorg/ensembl-vep:release_115.2,probe,15,0.840,0,docker run --rm <image> true; no annotation; image warm from the clone's timed cells
2026-09-20,sweep-20260920T012411Z,x86_64,r8id.8xlarge,20,ensemblorg/ensembl-vep:release_115.2,probe,16,0.860,0,docker run --rm <image> true; no annotation; image warm from the clone's timed cells
2026-09-20,sweep-20260920T012411Z,x86_64,r8id.8xlarge,20,ensemblorg/ensembl-vep:release_115.2,probe,17,0.860,0,docker run --rm <image> true; no annotation; image warm from the clone's timed cells
2026-09-20,sweep-20260920T012411Z,x86_64,r8id.8xlarge,20,ensemblorg/ensembl-vep:release_115.2,probe,18,1.070,0,docker run --rm <image> true; no annotation; image warm from the clone's timed cells
2026-09-20,sweep-20260920T012411Z,x86_64,r8id.8xlarge,20,ensemblorg/ensembl-vep:release_115.2,probe,19,0.950,0,docker run --rm <image> true; no annotation; image warm from the clone's timed cells
2026-09-20,sweep-20260920T012411Z,x86_64,r8id.8xlarge,20,ensemblorg/ensembl-vep:release_115.2,probe,20,0.900,0,docker run --rm <image> true; no annotation; image warm from the clone's timed cells
2026-09-20,sweep-20260920T012411Z,x86_64,r8id.8xlarge,3,ensemblorg/ensembl-vep:release_115.2,probe,1,0.720,0,docker run --rm <image> true; no annotation; image warm from the clone's timed cells
2026-09-20,sweep-20260920T012411Z,x86_64,r8id.8xlarge,3,ensemblorg/ensembl-vep:release_115.2,probe,2,0.990,0,docker run --rm <image> true; no annotation; image warm from the clone's timed cells
2026-09-20,sweep-20260920T012411Z,x86_64,r8id.8xlarge,3,ensemblorg/ensembl-vep:release_115.2,probe,3,0.930,0,docker run --rm <image> true; no annotation; image warm from the clone's timed cells
2026-09-20,sweep-20260920T012411Z,x86_64,r8id.8xlarge,3,ensemblorg/ensembl-vep:release_115.2,probe,4,1.030,0,docker run --rm <image> true; no annotation; image warm from the clone's timed cells
2026-09-20,sweep-20260920T012411Z,x86_64,r8id.8xlarge,3,ensemblorg/ensembl-vep:release_115.2,probe,5,0.950,0,docker run --rm <image> true; no annotation; image warm from the clone's timed cells
2026-09-20,sweep-20260920T012411Z,x86_64,r8id.8xlarge,3,ensemblorg/ensembl-vep:release_115.2,probe,6,1.000,0,docker run --rm <image> true; no annotation; image warm from the clone's timed cells
2026-09-20,sweep-20260920T012411Z,x86_64,r8id.8xlarge,3,ensemblorg/ensembl-vep:release_115.2,probe,7,1.030,0,docker run --rm <image> true; no annotation; image warm from the clone's timed cells
2026-09-20,sweep-20260920T012411Z,x86_64,r8id.8xlarge,3,ensemblorg/ensembl-vep:release_115.2,probe,8,0.860,0,docker run --rm <image> true; no annotation; image warm from the clone's timed cells
2026-09-20,sweep-20260920T012411Z,x86_64,r8id.8xlarge,3,ensemblorg/ensembl-vep:release_115.2,probe,9,0.930,0,docker run --rm <image> true; no annotation; image warm from the clone's timed cells
2026-09-20,sweep-20260920T012411Z,x86_64,r8id.8xlarge,3,ensemblorg/ensembl-vep:release_115.2,probe,10,0.970,0,docker run --rm <image> true; no annotation; image warm from the clone's timed cells
2026-09-20,sweep-20260920T012411Z,x86_64,r8id.8xlarge,3,ensemblorg/ensembl-vep:release_115.2,probe,11,0.980,0,docker run --rm <image> true; no annotation; image warm from the clone's timed cells
2026-09-20,sweep-20260920T012411Z,x86_64,r8id.8xlarge,3,ensemblorg/ensembl-vep:release_115.2,probe,12,0.990,0,docker run --rm <image> true; no annotation; image warm from the clone's timed cells
2026-09-20,sweep-20260920T012411Z,x86_64,r8id.8xlarge,3,ensemblorg/ensembl-vep:release_115.2,probe,13,0.820,0,docker run --rm <image> true; no annotation; image warm from the clone's timed cells
2026-09-20,sweep-20260920T012411Z,x86_64,r8id.8xlarge,3,ensemblorg/ensembl-vep:release_115.2,probe,14,0.800,0,docker run --rm <image> true; no annotation; image warm from the clone's timed cells
2026-09-20,sweep-20260920T012411Z,x86_64,r8id.8xlarge,3,ensemblorg/ensembl-vep:release_115.2,probe,15,1.000,0,docker run --rm <image> true; no annotation; image warm from the clone's timed cells
2026-09-20,sweep-20260920T012411Z,x86_64,r8id.8xlarge,3,ensemblorg/ensembl-vep:release_115.2,probe,16,1.000,0,docker run --rm <image> true; no annotation; image warm from the clone's timed cells
2026-09-20,sweep-20260920T012411Z,x86_64,r8id.8xlarge,3,ensemblorg/ensembl-vep:release_115.2,probe,17,1.070,0,docker run --rm <image> true; no annotation; image warm from the clone's timed cells
2026-09-20,sweep-20260920T012411Z,x86_64,r8id.8xlarge,3,ensemblorg/ensembl-vep:release_115.2,probe,18,0.910,0,docker run --rm <image> true; no annotation; image warm from the clone's timed cells
2026-09-20,sweep-20260920T012411Z,x86_64,r8id.8xlarge,3,ensemblorg/ensembl-vep:release_115.2,probe,19,0.910,0,docker run --rm <image> true; no annotation; image warm from the clone's timed cells
2026-09-20,sweep-20260920T012411Z,x86_64,r8id.8xlarge,3,ensemblorg/ensembl-vep:release_115.2,probe,20,0.890,0,docker run --rm <image> true; no annotation; image warm from the clone's timed cells
2026-09-20,sweep-20260920T012411Z,x86_64,r8id.8xlarge,4,ensemblorg/ensembl-vep:release_115.2,probe,1,0.850,0,docker run --rm <image> true; no annotation; image warm from the clone's timed cells
2026-09-20,sweep-20260920T012411Z,x86_64,r8id.8xlarge,4,ensemblorg/ensembl-vep:release_115.2,probe,2,0.970,0,docker run --rm <image> true; no annotation; image warm from the clone's timed cells
2026-09-20,sweep-20260920T012411Z,x86_64,r8id.8xlarge,4,ensemblorg/ensembl-vep:release_115.2,probe,3,0.990,0,docker run --rm <image> true; no annotation; image warm from the clone's timed cells
2026-09-20,sweep-20260920T012411Z,x86_64,r8id.8xlarge,4,ensemblorg/ensembl-vep:release_115.2,probe,4,1.000,0,docker run --rm <image> true; no annotation; image warm from the clone's timed cells
2026-09-20,sweep-20260920T012411Z,x86_64,r8id.8xlarge,4,ensemblorg/ensembl-vep:release_115.2,probe,5,0.910,0,docker run --rm <image> true; no annotation; image warm from the clone's timed cells
2026-09-20,sweep-20260920T012411Z,x86_64,r8id.8xlarge,4,ensemblorg/ensembl-vep:release_115.2,probe,6,0.910,0,docker run --rm <image> true; no annotation; image warm from the clone's timed cells
2026-09-20,sweep-20260920T012411Z,x86_64,r8id.8xlarge,4,ensemblorg/ensembl-vep:release_115.2,probe,7,0.970,0,docker run --rm <image> true; no annotation; image warm from the clone's timed cells
2026-09-20,sweep-20260920T012411Z,x86_64,r8id.8xlarge,4,ensemblorg/ensembl-vep:release_115.2,probe,8,1.080,0,docker run --rm <image> true; no annotation; image warm from the clone's timed cells
2026-09-20,sweep-20260920T012411Z,x86_64,r8id.8xlarge,4,ensemblorg/ensembl-vep:release_115.2,probe,9,0.930,0,docker run --rm <image> true; no annotation; image warm from the clone's timed cells
2026-09-20,sweep-20260920T012411Z,x86_64,r8id.8xlarge,4,ensemblorg/ensembl-vep:release_115.2,probe,10,1.070,0,docker run --rm <image> true; no annotation; image warm from the clone's timed cells
2026-09-20,sweep-20260920T012411Z,x86_64,r8id.8xlarge,4,ensemblorg/ensembl-vep:release_115.2,probe,11,0.960,0,docker run --rm <image> true; no annotation; image warm from the clone's timed cells
2026-09-20,sweep-20260920T012411Z,x86_64,r8id.8xlarge,4,ensemblorg/ensembl-vep:release_115.2,probe,12,0.800,0,docker run --rm <image> true; no annotation; image warm from the clone's timed cells
2026-09-20,sweep-20260920T012411Z,x86_64,r8id.8xlarge,4,ensemblorg/ensembl-vep:release_115.2,probe,13,0.940,0,docker run --rm <image> true; no annotation; image warm from the clone's timed cells
2026-09-20,sweep-20260920T012411Z,x86_64,r8id.8xlarge,4,ensemblorg/ensembl-vep:release_115.2,probe,14,0.890,0,docker run --rm <image> true; no annotation; image warm from the clone's timed cells
2026-09-20,sweep-20260920T012411Z,x86_64,r8id.8xlarge,4,ensemblorg/ensembl-vep:release_115.2,probe,15,1.120,0,docker run --rm <image> true; no annotation; image warm from the clone's timed cells
2026-09-20,sweep-20260920T012411Z,x86_64,r8id.8xlarge,4,ensemblorg/ensembl-vep:release_115.2,probe,16,0.950,0,docker run --rm <image> true; no annotation; image warm from the clone's timed cells
2026-09-20,sweep-20260920T012411Z,x86_64,r8id.8xlarge,4,ensemblorg/ensembl-vep:release_115.2,probe,17,0.890,0,docker run --rm <image> true; no annotation; image warm from the clone's timed cells
2026-09-20,sweep-20260920T012411Z,x86_64,r8id.8xlarge,4,ensemblorg/ensembl-vep:release_115.2,probe,18,1.000,0,docker run --rm <image> true; no annotation; image warm from the clone's timed cells
2026-09-20,sweep-20260920T012411Z,x86_64,r8id.8xlarge,4,ensemblorg/ensembl-vep:release_115.2,probe,19,0.880,0,docker run --rm <image> true; no annotation; image warm from the clone's timed cells
2026-09-20,sweep-20260920T012411Z,x86_64,r8id.8xlarge,4,ensemblorg/ensembl-vep:release_115.2,probe,20,1.100,0,docker run --rm <image> true; no annotation; image warm from the clone's timed cells
2026-09-20,sweep-20260920T012411Z,x86_64,r8id.8xlarge,5,ensemblorg/ensembl-vep:release_115.2,probe,1,0.970,0,docker run --rm <image> true; no annotation; image warm from the clone's timed cells
2026-09-20,sweep-20260920T012411Z,x86_64,r8id.8xlarge,5,ensemblorg/ensembl-vep:release_115.2,probe,2,0.960,0,docker run --rm <image> true; no annotation; image warm from the clone's timed cells
2026-09-20,sweep-20260920T012411Z,x86_64,r8id.8xlarge,5,ensemblorg/ensembl-vep:release_115.2,probe,3,0.970,0,docker run --rm <image> true; no annotation; image warm from the clone's timed cells
2026-09-20,sweep-20260920T012411Z,x86_64,r8id.8xlarge,5,ensemblorg/ensembl-vep:release_115.2,probe,4,0.920,0,docker run --rm <image> true; no annotation; image warm from the clone's timed cells
2026-09-20,sweep-20260920T012411Z,x86_64,r8id.8xlarge,5,ensemblorg/ensembl-vep:release_115.2,probe,5,0.980,0,docker run --rm <image> true; no annotation; image warm from the clone's timed cells
2026-09-20,sweep-20260920T012411Z,x86_64,r8id.8xlarge,5,ensemblorg/ensembl-vep:release_115.2,probe,6,0.710,0,docker run --rm <image> true; no annotation; image warm from the clone's timed cells
2026-09-20,sweep-20260920T012411Z,x86_64,r8id.8xlarge,5,ensemblorg/ensembl-vep:release_115.2,probe,7,1.010,0,docker run --rm <image> true; no annotation; image warm from the clone's timed cells
2026-09-20,sweep-20260920T012411Z,x86_64,r8id.8xlarge,5,ensemblorg/ensembl-vep:release_115.2,probe,8,0.980,0,docker run --rm <image> true; no annotation; image warm from the clone's timed cells
2026-09-20,sweep-20260920T012411Z,x86_64,r8id.8xlarge,5,ensemblorg/ensembl-vep:release_115.2,probe,9,1.010,0,docker run --rm <image> true; no annotation; image warm from the clone's timed cells
2026-09-20,sweep-20260920T012411Z,x86_64,r8id.8xlarge,5,ensemblorg/ensembl-vep:release_115.2,probe,10,1.050,0,docker run --rm <image> true; no annotation; image warm from the clone's timed cells
2026-09-20,sweep-20260920T012411Z,x86_64,r8id.8xlarge,5,ensemblorg/ensembl-vep:release_115.2,probe,11,0.880,0,docker run --rm <image> true; no annotation; image warm from the clone's timed cells
2026-09-20,sweep-20260920T012411Z,x86_64,r8id.8xlarge,5,ensemblorg/ensembl-vep:release_115.2,probe,12,0.920,0,docker run --rm <image> true; no annotation; image warm from the clone's timed cells
2026-09-20,sweep-20260920T012411Z,x86_64,r8id.8xlarge,5,ensemblorg/ensembl-vep:release_115.2,probe,13,0.860,0,docker run --rm <image> true; no annotation; image warm from the clone's timed cells
2026-09-20,sweep-20260920T012411Z,x86_64,r8id.8xlarge,5,ensemblorg/ensembl-vep:release_115.2,probe,14,1.280,0,docker run --rm <image> true; no annotation; image warm from the clone's timed cells
2026-09-20,sweep-20260920T012411Z,x86_64,r8id.8xlarge,5,ensemblorg/ensembl-vep:release_115.2,probe,15,1.080,0,docker run --rm <image> true; no annotation; image warm from the clone's timed cells
2026-09-20,sweep-20260920T012411Z,x86_64,r8id.8xlarge,5,ensemblorg/ensembl-vep:release_115.2,probe,16,0.900,0,docker run --rm <image> true; no annotation; image warm from the clone's timed cells
2026-09-20,sweep-20260920T012411Z,x86_64,r8id.8xlarge,5,ensemblorg/ensembl-vep:release_115.2,probe,17,0.860,0,docker run --rm <image> true; no annotation; image warm from the clone's timed cells
2026-09-20,sweep-20260920T012411Z,x86_64,r8id.8xlarge,5,ensemblorg/ensembl-vep:release_115.2,probe,18,0.950,0,docker run --rm <image> true; no annotation; image warm from the clone's timed cells
2026-09-20,sweep-20260920T012411Z,x86_64,r8id.8xlarge,5,ensemblorg/ensembl-vep:release_115.2,probe,19,0.810,0,docker run --rm <image> true; no annotation; image warm from the clone's timed cells
2026-09-20,sweep-20260920T012411Z,x86_64,r8id.8xlarge,5,ensemblorg/ensembl-vep:release_115.2,probe,20,0.790,0,docker run --rm <image> true; no annotation; image warm from the clone's timed cells
2026-09-20,sweep-20260920T012411Z,x86_64,r8id.8xlarge,6,ensemblorg/ensembl-vep:release_115.2,probe,1,0.980,0,docker run --rm <image> true; no annotation; image warm from the clone's timed cells
2026-09-20,sweep-20260920T012411Z,x86_64,r8id.8xlarge,6,ensemblorg/ensembl-vep:release_115.2,probe,2,0.950,0,docker run --rm <image> true; no annotation; image warm from the clone's timed cells
2026-09-20,sweep-20260920T012411Z,x86_64,r8id.8xlarge,6,ensemblorg/ensembl-vep:release_115.2,probe,3,0.900,0,docker run --rm <image> true; no annotation; image warm from the clone's timed cells
2026-09-20,sweep-20260920T012411Z,x86_64,r8id.8xlarge,6,ensemblorg/ensembl-vep:release_115.2,probe,4,0.870,0,docker run --rm <image> true; no annotation; image warm from the clone's timed cells
2026-09-20,sweep-20260920T012411Z,x86_64,r8id.8xlarge,6,ensemblorg/ensembl-vep:release_115.2,probe,5,0.910,0,docker run --rm <image> true; no annotation; image warm from the clone's timed cells
2026-09-20,sweep-20260920T012411Z,x86_64,r8id.8xlarge,6,ensemblorg/ensembl-vep:release_115.2,probe,6,0.980,0,docker run --rm <image> true; no annotation; image warm from the clone's timed cells
2026-09-20,sweep-20260920T012411Z,x86_64,r8id.8xlarge,6,ensemblorg/ensembl-vep:release_115.2,probe,7,0.920,0,docker run --rm <image> true; no annotation; image warm from the clone's timed cells
2026-09-20,sweep-20260920T012411Z,x86_64,r8id.8xlarge,6,ensemblorg/ensembl-vep:release_115.2,probe,8,0.940,0,docker run --rm <image> true; no annotation; image warm from the clone's timed cells
2026-09-20,sweep-20260920T012411Z,x86_64,r8id.8xlarge,6,ensemblorg/ensembl-vep:release_115.2,probe,9,0.830,0,docker run --rm <image> true; no annotation; image warm from the clone's timed cells
2026-09-20,sweep-20260920T012411Z,x86_64,r8id.8xlarge,6,ensemblorg/ensembl-vep:release_115.2,probe,10,1.090,0,docker run --rm <image> true; no annotation; image warm from the clone's timed cells
2026-09-20,sweep-20260920T012411Z,x86_64,r8id.8xlarge,6,ensemblorg/ensembl-vep:release_115.2,probe,11,0.980,0,docker run --rm <image> true; no annotation; image warm from the clone's timed cells
2026-09-20,sweep-20260920T012411Z,x86_64,r8id.8xlarge,6,ensemblorg/ensembl-vep:release_115.2,probe,12,0.920,0,docker run --rm <image> true; no annotation; image warm from the clone's timed cells
2026-09-20,sweep-20260920T012411Z,x86_64,r8id.8xlarge,6,ensemblorg/ensembl-vep:release_115.2,probe,13,0.920,0,docker run --rm <image> true; no annotation; image warm from the clone's timed cells
2026-09-20,sweep-20260920T012411Z,x86_64,r8id.8xlarge,6,ensemblorg/ensembl-vep:release_115.2,probe,14,1.030,0,docker run --rm <image> true; no annotation; image warm from the clone's timed cells
2026-09-20,sweep-20260920T012411Z,x86_64,r8id.8xlarge,6,ensemblorg/ensembl-vep:release_115.2,probe,15,0.910,0,docker run --rm <image> true; no annotation; image warm from the clone's timed cells
2026-09-20,sweep-20260920T012411Z,x86_64,r8id.8xlarge,6,ensemblorg/ensembl-vep:release_115.2,probe,16,0.930,0,docker run --rm <image> true; no annotation; image warm from the clone's timed cells
2026-09-20,sweep-20260920T012411Z,x86_64,r8id.8xlarge,6,ensemblorg/ensembl-vep:release_115.2,probe,17,0.930,0,docker run --rm <image> true; no annotation; image warm from the clone's timed cells
2026-09-20,sweep-20260920T012411Z,x86_64,r8id.8xlarge,6,ensemblorg/ensembl-vep:release_115.2,probe,18,1.020,0,docker run --rm <image> true; no annotation; image warm from the clone's timed cells
2026-09-20,sweep-20260920T012411Z,x86_64,r8id.8xlarge,6,ensemblorg/ensembl-vep:release_115.2,probe,19,0.870,0,docker run --rm <image> true; no annotation; image warm from the clone's timed cells
2026-09-20,sweep-20260920T012411Z,x86_64,r8id.8xlarge,6,ensemblorg/ensembl-vep:release_115.2,probe,20,0.780,0,docker run --rm <image> true; no annotation; image warm from the clone's timed cells
2026-09-20,sweep-20260920T012411Z,x86_64,r8id.8xlarge,7,ensemblorg/ensembl-vep:release_115.2,probe,1,0.850,0,docker run --rm <image> true; no annotation; image warm from the clone's timed cells
2026-09-20,sweep-20260920T012411Z,x86_64,r8id.8xlarge,7,ensemblorg/ensembl-vep:release_115.2,probe,2,1.000,0,docker run --rm <image> true; no annotation; image warm from the clone's timed cells
2026-09-20,sweep-20260920T012411Z,x86_64,r8id.8xlarge,7,ensemblorg/ensembl-vep:release_115.2,probe,3,1.020,0,docker run --rm <image> true; no annotation; image warm from the clone's timed cells
2026-09-20,sweep-20260920T012411Z,x86_64,r8id.8xlarge,7,ensemblorg/ensembl-vep:release_115.2,probe,4,0.830,0,docker run --rm <image> true; no annotation; image warm from the clone's timed cells
2026-09-20,sweep-20260920T012411Z,x86_64,r8id.8xlarge,7,ensemblorg/ensembl-vep:release_115.2,probe,5,1.070,0,docker run --rm <image> true; no annotation; image warm from the clone's timed cells
2026-09-20,sweep-20260920T012411Z,x86_64,r8id.8xlarge,7,ensemblorg/ensembl-vep:release_115.2,probe,6,1.030,0,docker run --rm <image> true; no annotation; image warm from the clone's timed cells
2026-09-20,sweep-20260920T012411Z,x86_64,r8id.8xlarge,7,ensemblorg/ensembl-vep:release_115.2,probe,7,0.960,0,docker run --rm <image> true; no annotation; image warm from the clone's timed cells
2026-09-20,sweep-20260920T012411Z,x86_64,r8id.8xlarge,7,ensemblorg/ensembl-vep:release_115.2,probe,8,0.980,0,docker run --rm <image> true; no annotation; image warm from the clone's timed cells
2026-09-20,sweep-20260920T012411Z,x86_64,r8id.8xlarge,7,ensemblorg/ensembl-vep:release_115.2,probe,9,1.020,0,docker run --rm <image> true; no annotation; image warm from the clone's timed cells
2026-09-20,sweep-20260920T012411Z,x86_64,r8id.8xlarge,7,ensemblorg/ensembl-vep:release_115.2,probe,10,0.870,0,docker run --rm <image> true; no annotation; image warm from the clone's timed cells
2026-09-20,sweep-20260920T012411Z,x86_64,r8id.8xlarge,7,ensemblorg/ensembl-vep:release_115.2,probe,11,0.900,0,docker run --rm <image> true; no annotation; image warm from the clone's timed cells
2026-09-20,sweep-20260920T012411Z,x86_64,r8id.8xlarge,7,ensemblorg/ensembl-vep:release_115.2,probe,12,0.950,0,docker run --rm <image> true; no annotation; image warm from the clone's timed cells
2026-09-20,sweep-20260920T012411Z,x86_64,r8id.8xlarge,7,ensemblorg/ensembl-vep:release_115.2,probe,13,0.990,0,docker run --rm <image> true; no annotation; image warm from the clone's timed cells
2026-09-20,sweep-20260920T012411Z,x86_64,r8id.8xlarge,7,ensemblorg/ensembl-vep:release_115.2,probe,14,0.950,0,docker run --rm <image> true; no annotation; image warm from the clone's timed cells
2026-09-20,sweep-20260920T012411Z,x86_64,r8id.8xlarge,7,ensemblorg/ensembl-vep:release_115.2,probe,15,0.920,0,docker run --rm <image> true; no annotation; image warm from the clone's timed cells
2026-09-20,sweep-20260920T012411Z,x86_64,r8id.8xlarge,7,ensemblorg/ensembl-vep:release_115.2,probe,16,0.840,0,docker run --rm <image> true; no annotation; image warm from the clone's timed cells
2026-09-20,sweep-20260920T012411Z,x86_64,r8id.8xlarge,7,ensemblorg/ensembl-vep:release_115.2,probe,17,1.070,0,docker run --rm <image> true; no annotation; image warm from the clone's timed cells
2026-09-20,sweep-20260920T012411Z,x86_64,r8id.8xlarge,7,ensemblorg/ensembl-vep:release_115.2,probe,18,0.950,0,docker run --rm <image> true; no annotation; image warm from the clone's timed cells
2026-09-20,sweep-20260920T012411Z,x86_64,r8id.8xlarge,7,ensemblorg/ensembl-vep:release_115.2,probe,19,0.900,0,docker run --rm <image> true; no annotation; image warm from the clone's timed cells
2026-09-20,sweep-20260920T012411Z,x86_64,r8id.8xlarge,7,ensemblorg/ensembl-vep:release_115.2,probe,20,1.040,0,docker run --rm <image> true; no annotation; image warm from the clone's timed cells
2026-09-20,sweep-20260920T012411Z,x86_64,r8id.8xlarge,8,ensemblorg/ensembl-vep:release_115.2,probe,1,1.030,0,docker run --rm <image> true; no annotation; image warm from the clone's timed cells
2026-09-20,sweep-20260920T012411Z,x86_64,r8id.8xlarge,8,ensemblorg/ensembl-vep:release_115.2,probe,2,1.110,0,docker run --rm <image> true; no annotation; image warm from the clone's timed cells
2026-09-20,sweep-20260920T012411Z,x86_64,r8id.8xlarge,8,ensemblorg/ensembl-vep:release_115.2,probe,3,0.950,0,docker run --rm <image> true; no annotation; image warm from the clone's timed cells
2026-09-20,sweep-20260920T012411Z,x86_64,r8id.8xlarge,8,ensemblorg/ensembl-vep:release_115.2,probe,4,1.010,0,docker run --rm <image> true; no annotation; image warm from the clone's timed cells
2026-09-20,sweep-20260920T012411Z,x86_64,r8id.8xlarge,8,ensemblorg/ensembl-vep:release_115.2,probe,5,0.940,0,docker run --rm <image> true; no annotation; image warm from the clone's timed cells
2026-09-20,sweep-20260920T012411Z,x86_64,r8id.8xlarge,8,ensemblorg/ensembl-vep:release_115.2,probe,6,0.970,0,docker run --rm <image> true; no annotation; image warm from the clone's timed cells
2026-09-20,sweep-20260920T012411Z,x86_64,r8id.8xlarge,8,ensemblorg/ensembl-vep:release_115.2,probe,7,1.240,0,docker run --rm <image> true; no annotation; image warm from the clone's timed cells
2026-09-20,sweep-20260920T012411Z,x86_64,r8id.8xlarge,8,ensemblorg/ensembl-vep:release_115.2,probe,8,1.040,0,docker run --rm <image> true; no annotation; image warm from the clone's timed cells
2026-09-20,sweep-20260920T012411Z,x86_64,r8id.8xlarge,8,ensemblorg/ensembl-vep:release_115.2,probe,9,0.920,0,docker run --rm <image> true; no annotation; image warm from the clone's timed cells
2026-09-20,sweep-20260920T012411Z,x86_64,r8id.8xlarge,8,ensemblorg/ensembl-vep:release_115.2,probe,10,0.970,0,docker run --rm <image> true; no annotation; image warm from the clone's timed cells
2026-09-20,sweep-20260920T012411Z,x86_64,r8id.8xlarge,8,ensemblorg/ensembl-vep:release_115.2,probe,11,0.960,0,docker run --rm <image> true; no annotation; image warm from the clone's timed cells
2026-09-20,sweep-20260920T012411Z,x86_64,r8id.8xlarge,8,ensemblorg/ensembl-vep:release_115.2,probe,12,0.950,0,docker run --rm <image> true; no annotation; image warm from the clone's timed cells
2026-09-20,sweep-20260920T012411Z,x86_64,r8id.8xlarge,8,ensemblorg/ensembl-vep:release_115.2,probe,13,1.010,0,docker run --rm <image> true; no annotation; image warm from the clone's timed cells
2026-09-20,sweep-20260920T012411Z,x86_64,r8id.8xlarge,8,ensemblorg/ensembl-vep:release_115.2,probe,14,0.980,0,docker run --rm <image> true; no annotation; image warm from the clone's timed cells
2026-09-20,sweep-20260920T012411Z,x86_64,r8id.8xlarge,8,ensemblorg/ensembl-vep:release_115.2,probe,15,1.020,0,docker run --rm <image> true; no annotation; image warm from the clone's timed cells
2026-09-20,sweep-20260920T012411Z,x86_64,r8id.8xlarge,8,ensemblorg/ensembl-vep:release_115.2,probe,16,0.890,0,docker run --rm <image> true; no annotation; image warm from the clone's timed cells
2026-09-20,sweep-20260920T012411Z,x86_64,r8id.8xlarge,8,ensemblorg/ensembl-vep:release_115.2,probe,17,0.820,0,docker run --rm <image> true; no annotation; image warm from the clone's timed cells
2026-09-20,sweep-20260920T012411Z,x86_64,r8id.8xlarge,8,ensemblorg/ensembl-vep:release_115.2,probe,18,0.880,0,docker run --rm <image> true; no annotation; image warm from the clone's timed cells
2026-09-20,sweep-20260920T012411Z,x86_64,r8id.8xlarge,8,ensemblorg/ensembl-vep:release_115.2,probe,19,1.040,0,docker run --rm <image> true; no annotation; image warm from the clone's timed cells
2026-09-20,sweep-20260920T012411Z,x86_64,r8id.8xlarge,8,ensemblorg/ensembl-vep:release_115.2,probe,20,0.960,0,docker run --rm <image> true; no annotation; image warm from the clone's timed cells
2026-09-20,sweep-20260920T012411Z,x86_64,r8id.8xlarge,9,ensemblorg/ensembl-vep:release_115.2,probe,1,0.860,0,docker run --rm <image> true; no annotation; image warm from the clone's timed cells
2026-09-20,sweep-20260920T012411Z,x86_64,r8id.8xlarge,9,ensemblorg/ensembl-vep:release_115.2,probe,2,1.030,0,docker run --rm <image> true; no annotation; image warm from the clone's timed cells
2026-09-20,sweep-20260920T012411Z,x86_64,r8id.8xlarge,9,ensemblorg/ensembl-vep:release_115.2,probe,3,1.170,0,docker run --rm <image> true; no annotation; image warm from the clone's timed cells
2026-09-20,sweep-20260920T012411Z,x86_64,r8id.8xlarge,9,ensemblorg/ensembl-vep:release_115.2,probe,4,0.760,0,docker run --rm <image> true; no annotation; image warm from the clone's timed cells
2026-09-20,sweep-20260920T012411Z,x86_64,r8id.8xlarge,9,ensemblorg/ensembl-vep:release_115.2,probe,5,1.080,0,docker run --rm <image> true; no annotation; image warm from the clone's timed cells
2026-09-20,sweep-20260920T012411Z,x86_64,r8id.8xlarge,9,ensemblorg/ensembl-vep:release_115.2,probe,6,1.000,0,docker run --rm <image> true; no annotation; image warm from the clone's timed cells
2026-09-20,sweep-20260920T012411Z,x86_64,r8id.8xlarge,9,ensemblorg/ensembl-vep:release_115.2,probe,7,0.890,0,docker run --rm <image> true; no annotation; image warm from the clone's timed cells
2026-09-20,sweep-20260920T012411Z,x86_64,r8id.8xlarge,9,ensemblorg/ensembl-vep:release_115.2,probe,8,0.840,0,docker run --rm <image> true; no annotation; image warm from the clone's timed cells
2026-09-20,sweep-20260920T012411Z,x86_64,r8id.8xlarge,9,ensemblorg/ensembl-vep:release_115.2,probe,9,0.970,0,docker run --rm <image> true; no annotation; image warm from the clone's timed cells
2026-09-20,sweep-20260920T012411Z,x86_64,r8id.8xlarge,9,ensemblorg/ensembl-vep:release_115.2,probe,10,0.950,0,docker run --rm <image> true; no annotation; image warm from the clone's timed cells
2026-09-20,sweep-20260920T012411Z,x86_64,r8id.8xlarge,9,ensemblorg/ensembl-vep:release_115.2,probe,11,1.060,0,docker run --rm <image> true; no annotation; image warm from the clone's timed cells
2026-09-20,sweep-20260920T012411Z,x86_64,r8id.8xlarge,9,ensemblorg/ensembl-vep:release_115.2,probe,12,0.950,0,docker run --rm <image> true; no annotation; image warm from the clone's timed cells
2026-09-20,sweep-20260920T012411Z,x86_64,r8id.8xlarge,9,ensemblorg/ensembl-vep:release_115.2,probe,13,0.890,0,docker run --rm <image> true; no annotation; image warm from the clone's timed cells
2026-09-20,sweep-20260920T012411Z,x86_64,r8id.8xlarge,9,ensemblorg/ensembl-vep:release_115.2,probe,14,1.010,0,docker run --rm <image> true; no annotation; image warm from the clone's timed cells
2026-09-20,sweep-20260920T012411Z,x86_64,r8id.8xlarge,9,ensemblorg/ensembl-vep:release_115.2,probe,15,1.060,0,docker run --rm <image> true; no annotation; image warm from the clone's timed cells
2026-09-20,sweep-20260920T012411Z,x86_64,r8id.8xlarge,9,ensemblorg/ensembl-vep:release_115.2,probe,16,1.000,0,docker run --rm <image> true; no annotation; image warm from the clone's timed cells
2026-09-20,sweep-20260920T012411Z,x86_64,r8id.8xlarge,9,ensemblorg/ensembl-vep:release_115.2,probe,17,1.000,0,docker run --rm <image> true; no annotation; image warm from the clone's timed cells
2026-09-20,sweep-20260920T012411Z,x86_64,r8id.8xlarge,9,ensemblorg/ensembl-vep:release_115.2,probe,18,1.090,0,docker run --rm <image> true; no annotation; image warm from the clone's timed cells
2026-09-20,sweep-20260920T012411Z,x86_64,r8id.8xlarge,9,ensemblorg/ensembl-vep:release_115.2,probe,19,0.980,0,docker run --rm <image> true; no annotation; image warm from the clone's timed cells
2026-09-20,sweep-20260920T012411Z,x86_64,r8id.8xlarge,9,ensemblorg/ensembl-vep:release_115.2,probe,20,1.120,0,docker run --rm <image> true; no annotation; image warm from the clone's timed cells
2026-09-20,sweep-20260920T012411Z,arm64,r8gd.8xlarge,median_of_clones,ensemblorg/ensembl-vep:release_115.2,median_of_clones,,1.015,,median over the 20 per-clone medians of 20 probes each
2026-09-20,sweep-20260920T012411Z,x86_64,r8id.8xlarge,median_of_clones,ensemblorg/ensembl-vep:release_115.2,median_of_clones,,0.950,,median over the 20 per-clone medians of 20 probes each
