date,engine,engine_version,suite,assembly,instance_type,run_index,wall_time_sec,peak_rss_mb,pct_cpu,major_page_faults,minor_page_faults,cache_state,notes
2026-09-18,fastvep,0.3.0,clinvar_grch37,GRCh37,r8gd.8xlarge,1,43.730,2043.9,328,1440,209402,warm,methodology=cross_instance_parallel_clone;sweep_id=sweep-20260918T224520Z;arch=arm64;condition=sites_only;local_nvme=true;n_timed=20;suite_id=s01;clone_run_index=1
2026-09-18,fastvep,0.3.0,clinvar_grch37,GRCh37,r8gd.8xlarge,2,44.420,2039.2,326,1478,204363,warm,methodology=cross_instance_parallel_clone;sweep_id=sweep-20260918T224520Z;arch=arm64;condition=sites_only;local_nvme=true;n_timed=20;suite_id=s01;clone_run_index=2
2026-09-18,fastvep,0.3.0,clinvar_grch37,GRCh37,r8gd.8xlarge,3,44.190,2041.4,326,1267,206092,warm,methodology=cross_instance_parallel_clone;sweep_id=sweep-20260918T224520Z;arch=arm64;condition=sites_only;local_nvme=true;n_timed=20;suite_id=s01;clone_run_index=3
2026-09-18,fastvep,0.3.0,clinvar_grch37,GRCh37,r8gd.8xlarge,4,43.010,2044.2,330,1316,206703,warm,methodology=cross_instance_parallel_clone;sweep_id=sweep-20260918T224520Z;arch=arm64;condition=sites_only;local_nvme=true;n_timed=20;suite_id=s01;clone_run_index=4
2026-09-18,fastvep,0.3.0,clinvar_grch37,GRCh37,r8gd.8xlarge,5,43.900,2049.1,327,1248,205495,warm,methodology=cross_instance_parallel_clone;sweep_id=sweep-20260918T224520Z;arch=arm64;condition=sites_only;local_nvme=true;n_timed=20;suite_id=s01;clone_run_index=5
2026-09-18,fastvep,0.3.0,clinvar_grch37,GRCh37,r8gd.8xlarge,6,43.260,2043.4,328,1421,206491,warm,methodology=cross_instance_parallel_clone;sweep_id=sweep-20260918T224520Z;arch=arm64;condition=sites_only;local_nvme=true;n_timed=20;suite_id=s01;clone_run_index=6
2026-09-18,fastvep,0.3.0,clinvar_grch37,GRCh37,r8gd.8xlarge,7,43.020,2042.8,330,1304,206002,warm,methodology=cross_instance_parallel_clone;sweep_id=sweep-20260918T224520Z;arch=arm64;condition=sites_only;local_nvme=true;n_timed=20;suite_id=s01;clone_run_index=7
2026-09-18,fastvep,0.3.0,clinvar_grch37,GRCh37,r8gd.8xlarge,8,44.230,2043.7,326,1480,205040,warm,methodology=cross_instance_parallel_clone;sweep_id=sweep-20260918T224520Z;arch=arm64;condition=sites_only;local_nvme=true;n_timed=20;suite_id=s01;clone_run_index=8
2026-09-18,fastvep,0.3.0,clinvar_grch37,GRCh37,r8gd.8xlarge,9,43.950,2045.6,327,1331,204570,warm,methodology=cross_instance_parallel_clone;sweep_id=sweep-20260918T224520Z;arch=arm64;condition=sites_only;local_nvme=true;n_timed=20;suite_id=s01;clone_run_index=9
2026-09-18,fastvep,0.3.0,clinvar_grch37,GRCh37,r8gd.8xlarge,10,43.430,2046.1,329,1246,206244,warm,methodology=cross_instance_parallel_clone;sweep_id=sweep-20260918T224520Z;arch=arm64;condition=sites_only;local_nvme=true;n_timed=20;suite_id=s01;clone_run_index=10
2026-09-18,fastvep,0.3.0,clinvar_grch37,GRCh37,r8gd.8xlarge,11,43.630,2043.8,329,1352,206868,warm,methodology=cross_instance_parallel_clone;sweep_id=sweep-20260918T224520Z;arch=arm64;condition=sites_only;local_nvme=true;n_timed=20;suite_id=s01;clone_run_index=11
2026-09-18,fastvep,0.3.0,clinvar_grch37,GRCh37,r8gd.8xlarge,12,43.830,2038.4,329,1434,204074,warm,methodology=cross_instance_parallel_clone;sweep_id=sweep-20260918T224520Z;arch=arm64;condition=sites_only;local_nvme=true;n_timed=20;suite_id=s01;clone_run_index=12
2026-09-18,fastvep,0.3.0,clinvar_grch37,GRCh37,r8gd.8xlarge,13,44.380,2048.5,328,1365,208868,warm,methodology=cross_instance_parallel_clone;sweep_id=sweep-20260918T224520Z;arch=arm64;condition=sites_only;local_nvme=true;n_timed=20;suite_id=s01;clone_run_index=13
2026-09-18,fastvep,0.3.0,clinvar_grch37,GRCh37,r8gd.8xlarge,14,44.200,2054.2,328,1405,202994,warm,methodology=cross_instance_parallel_clone;sweep_id=sweep-20260918T224520Z;arch=arm64;condition=sites_only;local_nvme=true;n_timed=20;suite_id=s01;clone_run_index=14
2026-09-18,fastvep,0.3.0,clinvar_grch37,GRCh37,r8gd.8xlarge,15,43.560,2040.8,327,1420,206918,warm,methodology=cross_instance_parallel_clone;sweep_id=sweep-20260918T224520Z;arch=arm64;condition=sites_only;local_nvme=true;n_timed=20;suite_id=s01;clone_run_index=15
2026-09-18,fastvep,0.3.0,clinvar_grch37,GRCh37,r8gd.8xlarge,16,42.870,2048.2,330,1308,209546,warm,methodology=cross_instance_parallel_clone;sweep_id=sweep-20260918T224520Z;arch=arm64;condition=sites_only;local_nvme=true;n_timed=20;suite_id=s01;clone_run_index=16
2026-09-18,fastvep,0.3.0,clinvar_grch37,GRCh37,r8gd.8xlarge,17,43.420,2046.7,330,1512,207395,warm,methodology=cross_instance_parallel_clone;sweep_id=sweep-20260918T224520Z;arch=arm64;condition=sites_only;local_nvme=true;n_timed=20;suite_id=s01;clone_run_index=17
2026-09-18,fastvep,0.3.0,clinvar_grch37,GRCh37,r8gd.8xlarge,18,42.770,2042.1,331,1664,205485,warm,methodology=cross_instance_parallel_clone;sweep_id=sweep-20260918T224520Z;arch=arm64;condition=sites_only;local_nvme=true;n_timed=20;suite_id=s01;clone_run_index=18
2026-09-18,fastvep,0.3.0,clinvar_grch37,GRCh37,r8gd.8xlarge,19,43.670,2049.2,328,1386,208224,warm,methodology=cross_instance_parallel_clone;sweep_id=sweep-20260918T224520Z;arch=arm64;condition=sites_only;local_nvme=true;n_timed=20;suite_id=s01;clone_run_index=19
2026-09-18,fastvep,0.3.0,clinvar_grch37,GRCh37,r8gd.8xlarge,20,43.260,2052.5,329,1474,207786,warm,methodology=cross_instance_parallel_clone;sweep_id=sweep-20260918T224520Z;arch=arm64;condition=sites_only;local_nvme=true;n_timed=20;suite_id=s01;clone_run_index=20
2026-09-18,fastvep,0.3.0,clinvar_grch37,GRCh37,r8gd.8xlarge,median_of_20,43.650,2044.1,,,,warm,methodology=cross_instance_parallel_clone;sweep_id=sweep-20260918T224520Z;arch=arm64;condition=sites_only;local_nvme=true;n_timed=20;suite_id=s01;p5=42.775;p25=43.260;p75=44.130;p95=44.418;min=42.770;max=44.420;n_clones=20;warmup_run_discarded_per_clone=1;p95_p5_ratio=1.038
2026-09-18,fastvep,0.3.0,clinvar_grch37,GRCh37,r8id.8xlarge,1,33.540,2038.1,372,67,203571,warm,methodology=cross_instance_parallel_clone;sweep_id=sweep-20260918T224520Z;arch=x86_64;condition=sites_only;local_nvme=true;n_timed=20;suite_id=s01;clone_run_index=1
2026-09-18,fastvep,0.3.0,clinvar_grch37,GRCh37,r8id.8xlarge,2,32.460,2040.8,379,74,201275,warm,methodology=cross_instance_parallel_clone;sweep_id=sweep-20260918T224520Z;arch=x86_64;condition=sites_only;local_nvme=true;n_timed=20;suite_id=s01;clone_run_index=2
2026-09-18,fastvep,0.3.0,clinvar_grch37,GRCh37,r8id.8xlarge,3,33.280,2042.5,367,67,202093,warm,methodology=cross_instance_parallel_clone;sweep_id=sweep-20260918T224520Z;arch=x86_64;condition=sites_only;local_nvme=true;n_timed=20;suite_id=s01;clone_run_index=3
2026-09-18,fastvep,0.3.0,clinvar_grch37,GRCh37,r8id.8xlarge,4,32.330,2037.7,369,76,204348,warm,methodology=cross_instance_parallel_clone;sweep_id=sweep-20260918T224520Z;arch=x86_64;condition=sites_only;local_nvme=true;n_timed=20;suite_id=s01;clone_run_index=4
2026-09-18,fastvep,0.3.0,clinvar_grch37,GRCh37,r8id.8xlarge,5,32.970,2041.9,370,61,202487,warm,methodology=cross_instance_parallel_clone;sweep_id=sweep-20260918T224520Z;arch=x86_64;condition=sites_only;local_nvme=true;n_timed=20;suite_id=s01;clone_run_index=5
2026-09-18,fastvep,0.3.0,clinvar_grch37,GRCh37,r8id.8xlarge,6,33.360,2043.2,373,52,203475,warm,methodology=cross_instance_parallel_clone;sweep_id=sweep-20260918T224520Z;arch=x86_64;condition=sites_only;local_nvme=true;n_timed=20;suite_id=s01;clone_run_index=6
2026-09-18,fastvep,0.3.0,clinvar_grch37,GRCh37,r8id.8xlarge,7,32.900,2042.5,381,73,203963,warm,methodology=cross_instance_parallel_clone;sweep_id=sweep-20260918T224520Z;arch=x86_64;condition=sites_only;local_nvme=true;n_timed=20;suite_id=s01;clone_run_index=7
2026-09-18,fastvep,0.3.0,clinvar_grch37,GRCh37,r8id.8xlarge,8,33.260,2043.5,372,76,202752,warm,methodology=cross_instance_parallel_clone;sweep_id=sweep-20260918T224520Z;arch=x86_64;condition=sites_only;local_nvme=true;n_timed=20;suite_id=s01;clone_run_index=8
2026-09-18,fastvep,0.3.0,clinvar_grch37,GRCh37,r8id.8xlarge,9,33.140,2043.7,367,55,202464,warm,methodology=cross_instance_parallel_clone;sweep_id=sweep-20260918T224520Z;arch=x86_64;condition=sites_only;local_nvme=true;n_timed=20;suite_id=s01;clone_run_index=9
2026-09-18,fastvep,0.3.0,clinvar_grch37,GRCh37,r8id.8xlarge,10,32.540,2044.2,367,53,200857,warm,methodology=cross_instance_parallel_clone;sweep_id=sweep-20260918T224520Z;arch=x86_64;condition=sites_only;local_nvme=true;n_timed=20;suite_id=s01;clone_run_index=10
2026-09-18,fastvep,0.3.0,clinvar_grch37,GRCh37,r8id.8xlarge,11,32.710,2034.9,369,66,204934,warm,methodology=cross_instance_parallel_clone;sweep_id=sweep-20260918T224520Z;arch=x86_64;condition=sites_only;local_nvme=true;n_timed=20;suite_id=s01;clone_run_index=11
2026-09-18,fastvep,0.3.0,clinvar_grch37,GRCh37,r8id.8xlarge,12,33.670,2039.5,369,60,201012,warm,methodology=cross_instance_parallel_clone;sweep_id=sweep-20260918T224520Z;arch=x86_64;condition=sites_only;local_nvme=true;n_timed=20;suite_id=s01;clone_run_index=12
2026-09-18,fastvep,0.3.0,clinvar_grch37,GRCh37,r8id.8xlarge,13,33.020,2038.7,373,76,205608,warm,methodology=cross_instance_parallel_clone;sweep_id=sweep-20260918T224520Z;arch=x86_64;condition=sites_only;local_nvme=true;n_timed=20;suite_id=s01;clone_run_index=13
2026-09-18,fastvep,0.3.0,clinvar_grch37,GRCh37,r8id.8xlarge,14,33.270,2034.6,376,78,201808,warm,methodology=cross_instance_parallel_clone;sweep_id=sweep-20260918T224520Z;arch=x86_64;condition=sites_only;local_nvme=true;n_timed=20;suite_id=s01;clone_run_index=14
2026-09-18,fastvep,0.3.0,clinvar_grch37,GRCh37,r8id.8xlarge,15,32.750,2040.1,374,102,203826,warm,methodology=cross_instance_parallel_clone;sweep_id=sweep-20260918T224520Z;arch=x86_64;condition=sites_only;local_nvme=true;n_timed=20;suite_id=s01;clone_run_index=15
2026-09-18,fastvep,0.3.0,clinvar_grch37,GRCh37,r8id.8xlarge,16,34.490,2037.0,373,68,203447,warm,methodology=cross_instance_parallel_clone;sweep_id=sweep-20260918T224520Z;arch=x86_64;condition=sites_only;local_nvme=true;n_timed=20;suite_id=s01;clone_run_index=16
2026-09-18,fastvep,0.3.0,clinvar_grch37,GRCh37,r8id.8xlarge,17,33.840,2039.5,372,48,203736,warm,methodology=cross_instance_parallel_clone;sweep_id=sweep-20260918T224520Z;arch=x86_64;condition=sites_only;local_nvme=true;n_timed=20;suite_id=s01;clone_run_index=17
2026-09-18,fastvep,0.3.0,clinvar_grch37,GRCh37,r8id.8xlarge,18,33.490,2044.9,371,35,199100,warm,methodology=cross_instance_parallel_clone;sweep_id=sweep-20260918T224520Z;arch=x86_64;condition=sites_only;local_nvme=true;n_timed=20;suite_id=s01;clone_run_index=18
2026-09-18,fastvep,0.3.0,clinvar_grch37,GRCh37,r8id.8xlarge,19,33.170,2043.8,380,75,203984,warm,methodology=cross_instance_parallel_clone;sweep_id=sweep-20260918T224520Z;arch=x86_64;condition=sites_only;local_nvme=true;n_timed=20;suite_id=s01;clone_run_index=19
2026-09-18,fastvep,0.3.0,clinvar_grch37,GRCh37,r8id.8xlarge,20,33.050,2037.4,372,48,200389,warm,methodology=cross_instance_parallel_clone;sweep_id=sweep-20260918T224520Z;arch=x86_64;condition=sites_only;local_nvme=true;n_timed=20;suite_id=s01;clone_run_index=20
2026-09-18,fastvep,0.3.0,clinvar_grch37,GRCh37,r8id.8xlarge,median_of_20,33.155,2040.4,,,,warm,methodology=cross_instance_parallel_clone;sweep_id=sweep-20260918T224520Z;arch=x86_64;condition=sites_only;local_nvme=true;n_timed=20;suite_id=s01;p5=32.337;p25=32.788;p75=33.458;p95=34.458;min=32.330;max=34.490;n_clones=20;warmup_run_discarded_per_clone=1;p95_p5_ratio=1.066
2026-09-18,fastvep,0.3.0,clinvar_grch38,GRCh38,r8gd.8xlarge,1,121.910,3632.4,361,716,678978,warm,methodology=cross_instance_parallel_clone;sweep_id=sweep-20260918T224520Z;arch=arm64;condition=sites_only;local_nvme=true;n_timed=20;suite_id=s02;clone_run_index=1
2026-09-18,fastvep,0.3.0,clinvar_grch38,GRCh38,r8gd.8xlarge,2,122.240,3625.6,370,720,678761,warm,methodology=cross_instance_parallel_clone;sweep_id=sweep-20260918T224520Z;arch=arm64;condition=sites_only;local_nvme=true;n_timed=20;suite_id=s02;clone_run_index=2
2026-09-18,fastvep,0.3.0,clinvar_grch38,GRCh38,r8gd.8xlarge,3,122.800,3627.9,373,726,682999,warm,methodology=cross_instance_parallel_clone;sweep_id=sweep-20260918T224520Z;arch=arm64;condition=sites_only;local_nvme=true;n_timed=20;suite_id=s02;clone_run_index=3
2026-09-18,fastvep,0.3.0,clinvar_grch38,GRCh38,r8gd.8xlarge,4,119.230,3625.2,360,633,678159,warm,methodology=cross_instance_parallel_clone;sweep_id=sweep-20260918T224520Z;arch=arm64;condition=sites_only;local_nvme=true;n_timed=20;suite_id=s02;clone_run_index=4
2026-09-18,fastvep,0.3.0,clinvar_grch38,GRCh38,r8gd.8xlarge,5,119.500,3630.0,365,564,678588,warm,methodology=cross_instance_parallel_clone;sweep_id=sweep-20260918T224520Z;arch=arm64;condition=sites_only;local_nvme=true;n_timed=20;suite_id=s02;clone_run_index=5
2026-09-18,fastvep,0.3.0,clinvar_grch38,GRCh38,r8gd.8xlarge,6,120.950,3628.9,363,599,676493,warm,methodology=cross_instance_parallel_clone;sweep_id=sweep-20260918T224520Z;arch=arm64;condition=sites_only;local_nvme=true;n_timed=20;suite_id=s02;clone_run_index=6
2026-09-18,fastvep,0.3.0,clinvar_grch38,GRCh38,r8gd.8xlarge,7,119.270,3637.6,363,607,671489,warm,methodology=cross_instance_parallel_clone;sweep_id=sweep-20260918T224520Z;arch=arm64;condition=sites_only;local_nvme=true;n_timed=20;suite_id=s02;clone_run_index=7
2026-09-18,fastvep,0.3.0,clinvar_grch38,GRCh38,r8gd.8xlarge,8,122.510,3634.4,373,659,677789,warm,methodology=cross_instance_parallel_clone;sweep_id=sweep-20260918T224520Z;arch=arm64;condition=sites_only;local_nvme=true;n_timed=20;suite_id=s02;clone_run_index=8
2026-09-18,fastvep,0.3.0,clinvar_grch38,GRCh38,r8gd.8xlarge,9,121.110,3626.7,368,531,678015,warm,methodology=cross_instance_parallel_clone;sweep_id=sweep-20260918T224520Z;arch=arm64;condition=sites_only;local_nvme=true;n_timed=20;suite_id=s02;clone_run_index=9
2026-09-18,fastvep,0.3.0,clinvar_grch38,GRCh38,r8gd.8xlarge,10,119.440,3634.1,362,602,678682,warm,methodology=cross_instance_parallel_clone;sweep_id=sweep-20260918T224520Z;arch=arm64;condition=sites_only;local_nvme=true;n_timed=20;suite_id=s02;clone_run_index=10
2026-09-18,fastvep,0.3.0,clinvar_grch38,GRCh38,r8gd.8xlarge,11,119.960,3630.4,373,781,679657,warm,methodology=cross_instance_parallel_clone;sweep_id=sweep-20260918T224520Z;arch=arm64;condition=sites_only;local_nvme=true;n_timed=20;suite_id=s02;clone_run_index=11
2026-09-18,fastvep,0.3.0,clinvar_grch38,GRCh38,r8gd.8xlarge,12,123.350,3636.3,369,715,680862,warm,methodology=cross_instance_parallel_clone;sweep_id=sweep-20260918T224520Z;arch=arm64;condition=sites_only;local_nvme=true;n_timed=20;suite_id=s02;clone_run_index=12
2026-09-18,fastvep,0.3.0,clinvar_grch38,GRCh38,r8gd.8xlarge,13,122.970,3630.8,362,552,675792,warm,methodology=cross_instance_parallel_clone;sweep_id=sweep-20260918T224520Z;arch=arm64;condition=sites_only;local_nvme=true;n_timed=20;suite_id=s02;clone_run_index=13
2026-09-18,fastvep,0.3.0,clinvar_grch38,GRCh38,r8gd.8xlarge,14,121.840,3627.4,364,584,675369,warm,methodology=cross_instance_parallel_clone;sweep_id=sweep-20260918T224520Z;arch=arm64;condition=sites_only;local_nvme=true;n_timed=20;suite_id=s02;clone_run_index=14
2026-09-18,fastvep,0.3.0,clinvar_grch38,GRCh38,r8gd.8xlarge,15,120.810,3636.2,367,594,672786,warm,methodology=cross_instance_parallel_clone;sweep_id=sweep-20260918T224520Z;arch=arm64;condition=sites_only;local_nvme=true;n_timed=20;suite_id=s02;clone_run_index=15
2026-09-18,fastvep,0.3.0,clinvar_grch38,GRCh38,r8gd.8xlarge,16,118.450,3634.3,369,578,673120,warm,methodology=cross_instance_parallel_clone;sweep_id=sweep-20260918T224520Z;arch=arm64;condition=sites_only;local_nvme=true;n_timed=20;suite_id=s02;clone_run_index=16
2026-09-18,fastvep,0.3.0,clinvar_grch38,GRCh38,r8gd.8xlarge,17,123.770,3633.0,361,597,672928,warm,methodology=cross_instance_parallel_clone;sweep_id=sweep-20260918T224520Z;arch=arm64;condition=sites_only;local_nvme=true;n_timed=20;suite_id=s02;clone_run_index=17
2026-09-18,fastvep,0.3.0,clinvar_grch38,GRCh38,r8gd.8xlarge,18,121.140,3625.6,363,630,677559,warm,methodology=cross_instance_parallel_clone;sweep_id=sweep-20260918T224520Z;arch=arm64;condition=sites_only;local_nvme=true;n_timed=20;suite_id=s02;clone_run_index=18
2026-09-18,fastvep,0.3.0,clinvar_grch38,GRCh38,r8gd.8xlarge,19,121.650,3629.1,369,637,674271,warm,methodology=cross_instance_parallel_clone;sweep_id=sweep-20260918T224520Z;arch=arm64;condition=sites_only;local_nvme=true;n_timed=20;suite_id=s02;clone_run_index=19
2026-09-18,fastvep,0.3.0,clinvar_grch38,GRCh38,r8gd.8xlarge,20,119.740,3634.0,370,549,675830,warm,methodology=cross_instance_parallel_clone;sweep_id=sweep-20260918T224520Z;arch=arm64;condition=sites_only;local_nvme=true;n_timed=20;suite_id=s02;clone_run_index=20
2026-09-18,fastvep,0.3.0,clinvar_grch38,GRCh38,r8gd.8xlarge,median_of_20,121.125,3630.6,,,,warm,methodology=cross_instance_parallel_clone;sweep_id=sweep-20260918T224520Z;arch=arm64;condition=sites_only;local_nvme=true;n_timed=20;suite_id=s02;p5=118.489;p25=119.560;p75=122.443;p95=123.749;min=118.450;max=123.770;n_clones=20;warmup_run_discarded_per_clone=1;p95_p5_ratio=1.044
2026-09-18,fastvep,0.3.0,clinvar_grch38,GRCh38,r8id.8xlarge,1,93.920,3624.1,397,35,675697,warm,methodology=cross_instance_parallel_clone;sweep_id=sweep-20260918T224520Z;arch=x86_64;condition=sites_only;local_nvme=true;n_timed=20;suite_id=s02;clone_run_index=1
2026-09-18,fastvep,0.3.0,clinvar_grch38,GRCh38,r8id.8xlarge,2,91.020,3637.3,401,29,672957,warm,methodology=cross_instance_parallel_clone;sweep_id=sweep-20260918T224520Z;arch=x86_64;condition=sites_only;local_nvme=true;n_timed=20;suite_id=s02;clone_run_index=2
2026-09-18,fastvep,0.3.0,clinvar_grch38,GRCh38,r8id.8xlarge,3,91.770,3623.9,406,19,672584,warm,methodology=cross_instance_parallel_clone;sweep_id=sweep-20260918T224520Z;arch=x86_64;condition=sites_only;local_nvme=true;n_timed=20;suite_id=s02;clone_run_index=3
2026-09-18,fastvep,0.3.0,clinvar_grch38,GRCh38,r8id.8xlarge,4,90.210,3630.5,401,14,675860,warm,methodology=cross_instance_parallel_clone;sweep_id=sweep-20260918T224520Z;arch=x86_64;condition=sites_only;local_nvme=true;n_timed=20;suite_id=s02;clone_run_index=4
2026-09-18,fastvep,0.3.0,clinvar_grch38,GRCh38,r8id.8xlarge,5,91.730,3627.3,401,16,678142,warm,methodology=cross_instance_parallel_clone;sweep_id=sweep-20260918T224520Z;arch=x86_64;condition=sites_only;local_nvme=true;n_timed=20;suite_id=s02;clone_run_index=5
2026-09-18,fastvep,0.3.0,clinvar_grch38,GRCh38,r8id.8xlarge,6,89.400,3628.0,400,24,674620,warm,methodology=cross_instance_parallel_clone;sweep_id=sweep-20260918T224520Z;arch=x86_64;condition=sites_only;local_nvme=true;n_timed=20;suite_id=s02;clone_run_index=6
2026-09-18,fastvep,0.3.0,clinvar_grch38,GRCh38,r8id.8xlarge,7,90.620,3622.1,398,28,676637,warm,methodology=cross_instance_parallel_clone;sweep_id=sweep-20260918T224520Z;arch=x86_64;condition=sites_only;local_nvme=true;n_timed=20;suite_id=s02;clone_run_index=7
2026-09-18,fastvep,0.3.0,clinvar_grch38,GRCh38,r8id.8xlarge,8,90.300,3630.7,402,21,678743,warm,methodology=cross_instance_parallel_clone;sweep_id=sweep-20260918T224520Z;arch=x86_64;condition=sites_only;local_nvme=true;n_timed=20;suite_id=s02;clone_run_index=8
2026-09-18,fastvep,0.3.0,clinvar_grch38,GRCh38,r8id.8xlarge,9,92.440,3628.0,401,23,681272,warm,methodology=cross_instance_parallel_clone;sweep_id=sweep-20260918T224520Z;arch=x86_64;condition=sites_only;local_nvme=true;n_timed=20;suite_id=s02;clone_run_index=9
2026-09-18,fastvep,0.3.0,clinvar_grch38,GRCh38,r8id.8xlarge,10,89.580,3630.1,397,18,671926,warm,methodology=cross_instance_parallel_clone;sweep_id=sweep-20260918T224520Z;arch=x86_64;condition=sites_only;local_nvme=true;n_timed=20;suite_id=s02;clone_run_index=10
2026-09-18,fastvep,0.3.0,clinvar_grch38,GRCh38,r8id.8xlarge,11,90.210,3623.8,399,14,669054,warm,methodology=cross_instance_parallel_clone;sweep_id=sweep-20260918T224520Z;arch=x86_64;condition=sites_only;local_nvme=true;n_timed=20;suite_id=s02;clone_run_index=11
2026-09-18,fastvep,0.3.0,clinvar_grch38,GRCh38,r8id.8xlarge,12,90.500,3631.9,407,18,676672,warm,methodology=cross_instance_parallel_clone;sweep_id=sweep-20260918T224520Z;arch=x86_64;condition=sites_only;local_nvme=true;n_timed=20;suite_id=s02;clone_run_index=12
2026-09-18,fastvep,0.3.0,clinvar_grch38,GRCh38,r8id.8xlarge,13,89.690,3638.3,403,19,678526,warm,methodology=cross_instance_parallel_clone;sweep_id=sweep-20260918T224520Z;arch=x86_64;condition=sites_only;local_nvme=true;n_timed=20;suite_id=s02;clone_run_index=13
2026-09-18,fastvep,0.3.0,clinvar_grch38,GRCh38,r8id.8xlarge,14,90.580,3633.4,403,18,675961,warm,methodology=cross_instance_parallel_clone;sweep_id=sweep-20260918T224520Z;arch=x86_64;condition=sites_only;local_nvme=true;n_timed=20;suite_id=s02;clone_run_index=14
2026-09-18,fastvep,0.3.0,clinvar_grch38,GRCh38,r8id.8xlarge,15,89.370,3622.4,394,18,675436,warm,methodology=cross_instance_parallel_clone;sweep_id=sweep-20260918T224520Z;arch=x86_64;condition=sites_only;local_nvme=true;n_timed=20;suite_id=s02;clone_run_index=15
2026-09-18,fastvep,0.3.0,clinvar_grch38,GRCh38,r8id.8xlarge,16,89.820,3629.4,397,18,675524,warm,methodology=cross_instance_parallel_clone;sweep_id=sweep-20260918T224520Z;arch=x86_64;condition=sites_only;local_nvme=true;n_timed=20;suite_id=s02;clone_run_index=16
2026-09-18,fastvep,0.3.0,clinvar_grch38,GRCh38,r8id.8xlarge,17,90.680,3625.6,403,7,678212,warm,methodology=cross_instance_parallel_clone;sweep_id=sweep-20260918T224520Z;arch=x86_64;condition=sites_only;local_nvme=true;n_timed=20;suite_id=s02;clone_run_index=17
2026-09-18,fastvep,0.3.0,clinvar_grch38,GRCh38,r8id.8xlarge,18,90.020,3629.7,401,17,674609,warm,methodology=cross_instance_parallel_clone;sweep_id=sweep-20260918T224520Z;arch=x86_64;condition=sites_only;local_nvme=true;n_timed=20;suite_id=s02;clone_run_index=18
2026-09-18,fastvep,0.3.0,clinvar_grch38,GRCh38,r8id.8xlarge,19,89.470,3639.8,404,23,673214,warm,methodology=cross_instance_parallel_clone;sweep_id=sweep-20260918T224520Z;arch=x86_64;condition=sites_only;local_nvme=true;n_timed=20;suite_id=s02;clone_run_index=19
2026-09-18,fastvep,0.3.0,clinvar_grch38,GRCh38,r8id.8xlarge,20,90.060,3621.0,395,24,678108,warm,methodology=cross_instance_parallel_clone;sweep_id=sweep-20260918T224520Z;arch=x86_64;condition=sites_only;local_nvme=true;n_timed=20;suite_id=s02;clone_run_index=20
2026-09-18,fastvep,0.3.0,clinvar_grch38,GRCh38,r8id.8xlarge,median_of_20,90.255,3628.7,,,,warm,methodology=cross_instance_parallel_clone;sweep_id=sweep-20260918T224520Z;arch=x86_64;condition=sites_only;local_nvme=true;n_timed=20;suite_id=s02;p5=89.372;p25=89.723;p75=90.935;p95=93.846;min=89.370;max=93.920;n_clones=20;warmup_run_discarded_per_clone=1;p95_p5_ratio=1.050
2026-09-18,fastvep,0.3.0,gnomad_v2.1.1_chr21,GRCh37,r8gd.8xlarge,1,68.340,620.7,140,320,175665,warm,methodology=cross_instance_parallel_clone;sweep_id=sweep-20260918T224520Z;arch=arm64;condition=sites_only;local_nvme=true;n_timed=20;suite_id=s03;clone_run_index=1
2026-09-18,fastvep,0.3.0,gnomad_v2.1.1_chr21,GRCh37,r8gd.8xlarge,2,68.800,622.5,140,343,175044,warm,methodology=cross_instance_parallel_clone;sweep_id=sweep-20260918T224520Z;arch=arm64;condition=sites_only;local_nvme=true;n_timed=20;suite_id=s03;clone_run_index=2
2026-09-18,fastvep,0.3.0,gnomad_v2.1.1_chr21,GRCh37,r8gd.8xlarge,3,68.560,622.1,140,265,176621,warm,methodology=cross_instance_parallel_clone;sweep_id=sweep-20260918T224520Z;arch=arm64;condition=sites_only;local_nvme=true;n_timed=20;suite_id=s03;clone_run_index=3
2026-09-18,fastvep,0.3.0,gnomad_v2.1.1_chr21,GRCh37,r8gd.8xlarge,4,67.960,620.1,140,324,173560,warm,methodology=cross_instance_parallel_clone;sweep_id=sweep-20260918T224520Z;arch=arm64;condition=sites_only;local_nvme=true;n_timed=20;suite_id=s03;clone_run_index=4
2026-09-18,fastvep,0.3.0,gnomad_v2.1.1_chr21,GRCh37,r8gd.8xlarge,5,67.950,620.9,140,271,176036,warm,methodology=cross_instance_parallel_clone;sweep_id=sweep-20260918T224520Z;arch=arm64;condition=sites_only;local_nvme=true;n_timed=20;suite_id=s03;clone_run_index=5
2026-09-18,fastvep,0.3.0,gnomad_v2.1.1_chr21,GRCh37,r8gd.8xlarge,6,68.210,617.0,140,346,171308,warm,methodology=cross_instance_parallel_clone;sweep_id=sweep-20260918T224520Z;arch=arm64;condition=sites_only;local_nvme=true;n_timed=20;suite_id=s03;clone_run_index=6
2026-09-18,fastvep,0.3.0,gnomad_v2.1.1_chr21,GRCh37,r8gd.8xlarge,7,67.800,622.2,140,269,174200,warm,methodology=cross_instance_parallel_clone;sweep_id=sweep-20260918T224520Z;arch=arm64;condition=sites_only;local_nvme=true;n_timed=20;suite_id=s03;clone_run_index=7
2026-09-18,fastvep,0.3.0,gnomad_v2.1.1_chr21,GRCh37,r8gd.8xlarge,8,68.600,620.9,141,260,172684,warm,methodology=cross_instance_parallel_clone;sweep_id=sweep-20260918T224520Z;arch=arm64;condition=sites_only;local_nvme=true;n_timed=20;suite_id=s03;clone_run_index=8
2026-09-18,fastvep,0.3.0,gnomad_v2.1.1_chr21,GRCh37,r8gd.8xlarge,9,68.270,617.0,140,294,172116,warm,methodology=cross_instance_parallel_clone;sweep_id=sweep-20260918T224520Z;arch=arm64;condition=sites_only;local_nvme=true;n_timed=20;suite_id=s03;clone_run_index=9
2026-09-18,fastvep,0.3.0,gnomad_v2.1.1_chr21,GRCh37,r8gd.8xlarge,10,68.050,621.6,140,312,174166,warm,methodology=cross_instance_parallel_clone;sweep_id=sweep-20260918T224520Z;arch=arm64;condition=sites_only;local_nvme=true;n_timed=20;suite_id=s03;clone_run_index=10
2026-09-18,fastvep,0.3.0,gnomad_v2.1.1_chr21,GRCh37,r8gd.8xlarge,11,67.960,622.5,140,321,174675,warm,methodology=cross_instance_parallel_clone;sweep_id=sweep-20260918T224520Z;arch=arm64;condition=sites_only;local_nvme=true;n_timed=20;suite_id=s03;clone_run_index=11
2026-09-18,fastvep,0.3.0,gnomad_v2.1.1_chr21,GRCh37,r8gd.8xlarge,12,68.830,617.0,140,362,171360,warm,methodology=cross_instance_parallel_clone;sweep_id=sweep-20260918T224520Z;arch=arm64;condition=sites_only;local_nvme=true;n_timed=20;suite_id=s03;clone_run_index=12
2026-09-18,fastvep,0.3.0,gnomad_v2.1.1_chr21,GRCh37,r8gd.8xlarge,13,68.790,622.5,141,268,175432,warm,methodology=cross_instance_parallel_clone;sweep_id=sweep-20260918T224520Z;arch=arm64;condition=sites_only;local_nvme=true;n_timed=20;suite_id=s03;clone_run_index=13
2026-09-18,fastvep,0.3.0,gnomad_v2.1.1_chr21,GRCh37,r8gd.8xlarge,14,68.560,622.0,141,295,176787,warm,methodology=cross_instance_parallel_clone;sweep_id=sweep-20260918T224520Z;arch=arm64;condition=sites_only;local_nvme=true;n_timed=20;suite_id=s03;clone_run_index=14
2026-09-18,fastvep,0.3.0,gnomad_v2.1.1_chr21,GRCh37,r8gd.8xlarge,15,67.910,621.0,140,331,176994,warm,methodology=cross_instance_parallel_clone;sweep_id=sweep-20260918T224520Z;arch=arm64;condition=sites_only;local_nvme=true;n_timed=20;suite_id=s03;clone_run_index=15
2026-09-18,fastvep,0.3.0,gnomad_v2.1.1_chr21,GRCh37,r8gd.8xlarge,16,67.610,622.3,140,321,174174,warm,methodology=cross_instance_parallel_clone;sweep_id=sweep-20260918T224520Z;arch=arm64;condition=sites_only;local_nvme=true;n_timed=20;suite_id=s03;clone_run_index=16
2026-09-18,fastvep,0.3.0,gnomad_v2.1.1_chr21,GRCh37,r8gd.8xlarge,17,68.440,619.9,141,242,172455,warm,methodology=cross_instance_parallel_clone;sweep_id=sweep-20260918T224520Z;arch=arm64;condition=sites_only;local_nvme=true;n_timed=20;suite_id=s03;clone_run_index=17
2026-09-18,fastvep,0.3.0,gnomad_v2.1.1_chr21,GRCh37,r8gd.8xlarge,18,67.950,622.5,140,322,173444,warm,methodology=cross_instance_parallel_clone;sweep_id=sweep-20260918T224520Z;arch=arm64;condition=sites_only;local_nvme=true;n_timed=20;suite_id=s03;clone_run_index=18
2026-09-18,fastvep,0.3.0,gnomad_v2.1.1_chr21,GRCh37,r8gd.8xlarge,19,68.400,619.6,140,328,174455,warm,methodology=cross_instance_parallel_clone;sweep_id=sweep-20260918T224520Z;arch=arm64;condition=sites_only;local_nvme=true;n_timed=20;suite_id=s03;clone_run_index=19
2026-09-18,fastvep,0.3.0,gnomad_v2.1.1_chr21,GRCh37,r8gd.8xlarge,20,67.860,617.1,140,298,171399,warm,methodology=cross_instance_parallel_clone;sweep_id=sweep-20260918T224520Z;arch=arm64;condition=sites_only;local_nvme=true;n_timed=20;suite_id=s03;clone_run_index=20
2026-09-18,fastvep,0.3.0,gnomad_v2.1.1_chr21,GRCh37,r8gd.8xlarge,median_of_20,68.240,621.0,,,,warm,methodology=cross_instance_parallel_clone;sweep_id=sweep-20260918T224520Z;arch=arm64;condition=sites_only;local_nvme=true;n_timed=20;suite_id=s03;p5=67.619;p25=67.950;p75=68.560;p95=68.828;min=67.610;max=68.830;n_clones=20;warmup_run_discarded_per_clone=1;p95_p5_ratio=1.018
2026-09-18,fastvep,0.3.0,gnomad_v2.1.1_chr21,GRCh37,r8id.8xlarge,1,58.440,622.7,148,86,175827,warm,methodology=cross_instance_parallel_clone;sweep_id=sweep-20260918T224520Z;arch=x86_64;condition=sites_only;local_nvme=true;n_timed=20;suite_id=s03;clone_run_index=1
2026-09-18,fastvep,0.3.0,gnomad_v2.1.1_chr21,GRCh37,r8id.8xlarge,2,57.600,620.1,148,8,172610,warm,methodology=cross_instance_parallel_clone;sweep_id=sweep-20260918T224520Z;arch=x86_64;condition=sites_only;local_nvme=true;n_timed=20;suite_id=s03;clone_run_index=2
2026-09-18,fastvep,0.3.0,gnomad_v2.1.1_chr21,GRCh37,r8id.8xlarge,3,57.670,623.2,147,15,175904,warm,methodology=cross_instance_parallel_clone;sweep_id=sweep-20260918T224520Z;arch=x86_64;condition=sites_only;local_nvme=true;n_timed=20;suite_id=s03;clone_run_index=3
2026-09-18,fastvep,0.3.0,gnomad_v2.1.1_chr21,GRCh37,r8id.8xlarge,4,57.290,622.6,148,6,175706,warm,methodology=cross_instance_parallel_clone;sweep_id=sweep-20260918T224520Z;arch=x86_64;condition=sites_only;local_nvme=true;n_timed=20;suite_id=s03;clone_run_index=4
2026-09-18,fastvep,0.3.0,gnomad_v2.1.1_chr21,GRCh37,r8id.8xlarge,5,57.850,622.7,147,34,173325,warm,methodology=cross_instance_parallel_clone;sweep_id=sweep-20260918T224520Z;arch=x86_64;condition=sites_only;local_nvme=true;n_timed=20;suite_id=s03;clone_run_index=5
2026-09-18,fastvep,0.3.0,gnomad_v2.1.1_chr21,GRCh37,r8id.8xlarge,6,57.500,617.7,149,3,171231,warm,methodology=cross_instance_parallel_clone;sweep_id=sweep-20260918T224520Z;arch=x86_64;condition=sites_only;local_nvme=true;n_timed=20;suite_id=s03;clone_run_index=6
2026-09-18,fastvep,0.3.0,gnomad_v2.1.1_chr21,GRCh37,r8id.8xlarge,7,57.620,622.9,148,2,172768,warm,methodology=cross_instance_parallel_clone;sweep_id=sweep-20260918T224520Z;arch=x86_64;condition=sites_only;local_nvme=true;n_timed=20;suite_id=s03;clone_run_index=7
2026-09-18,fastvep,0.3.0,gnomad_v2.1.1_chr21,GRCh37,r8id.8xlarge,8,59.090,622.7,147,94,178167,warm,methodology=cross_instance_parallel_clone;sweep_id=sweep-20260918T224520Z;arch=x86_64;condition=sites_only;local_nvme=true;n_timed=20;suite_id=s03;clone_run_index=8
2026-09-18,fastvep,0.3.0,gnomad_v2.1.1_chr21,GRCh37,r8id.8xlarge,9,57.510,621.5,148,56,176098,warm,methodology=cross_instance_parallel_clone;sweep_id=sweep-20260918T224520Z;arch=x86_64;condition=sites_only;local_nvme=true;n_timed=20;suite_id=s03;clone_run_index=9
2026-09-18,fastvep,0.3.0,gnomad_v2.1.1_chr21,GRCh37,r8id.8xlarge,10,57.620,623.2,148,6,173818,warm,methodology=cross_instance_parallel_clone;sweep_id=sweep-20260918T224520Z;arch=x86_64;condition=sites_only;local_nvme=true;n_timed=20;suite_id=s03;clone_run_index=10
2026-09-18,fastvep,0.3.0,gnomad_v2.1.1_chr21,GRCh37,r8id.8xlarge,11,58.150,617.8,147,9,172147,warm,methodology=cross_instance_parallel_clone;sweep_id=sweep-20260918T224520Z;arch=x86_64;condition=sites_only;local_nvme=true;n_timed=20;suite_id=s03;clone_run_index=11
2026-09-18,fastvep,0.3.0,gnomad_v2.1.1_chr21,GRCh37,r8id.8xlarge,12,59.010,623.0,148,70,174017,warm,methodology=cross_instance_parallel_clone;sweep_id=sweep-20260918T224520Z;arch=x86_64;condition=sites_only;local_nvme=true;n_timed=20;suite_id=s03;clone_run_index=12
2026-09-18,fastvep,0.3.0,gnomad_v2.1.1_chr21,GRCh37,r8id.8xlarge,13,59.290,622.4,147,81,172793,warm,methodology=cross_instance_parallel_clone;sweep_id=sweep-20260918T224520Z;arch=x86_64;condition=sites_only;local_nvme=true;n_timed=20;suite_id=s03;clone_run_index=13
2026-09-18,fastvep,0.3.0,gnomad_v2.1.1_chr21,GRCh37,r8id.8xlarge,14,58.410,620.8,148,48,175148,warm,methodology=cross_instance_parallel_clone;sweep_id=sweep-20260918T224520Z;arch=x86_64;condition=sites_only;local_nvme=true;n_timed=20;suite_id=s03;clone_run_index=14
2026-09-18,fastvep,0.3.0,gnomad_v2.1.1_chr21,GRCh37,r8id.8xlarge,15,57.460,622.9,147,9,176187,warm,methodology=cross_instance_parallel_clone;sweep_id=sweep-20260918T224520Z;arch=x86_64;condition=sites_only;local_nvme=true;n_timed=20;suite_id=s03;clone_run_index=15
2026-09-18,fastvep,0.3.0,gnomad_v2.1.1_chr21,GRCh37,r8id.8xlarge,16,57.340,622.3,149,7,172591,warm,methodology=cross_instance_parallel_clone;sweep_id=sweep-20260918T224520Z;arch=x86_64;condition=sites_only;local_nvme=true;n_timed=20;suite_id=s03;clone_run_index=16
2026-09-18,fastvep,0.3.0,gnomad_v2.1.1_chr21,GRCh37,r8id.8xlarge,17,57.700,622.6,148,14,173403,warm,methodology=cross_instance_parallel_clone;sweep_id=sweep-20260918T224520Z;arch=x86_64;condition=sites_only;local_nvme=true;n_timed=20;suite_id=s03;clone_run_index=17
2026-09-18,fastvep,0.3.0,gnomad_v2.1.1_chr21,GRCh37,r8id.8xlarge,18,57.630,622.6,148,6,176156,warm,methodology=cross_instance_parallel_clone;sweep_id=sweep-20260918T224520Z;arch=x86_64;condition=sites_only;local_nvme=true;n_timed=20;suite_id=s03;clone_run_index=18
2026-09-18,fastvep,0.3.0,gnomad_v2.1.1_chr21,GRCh37,r8id.8xlarge,19,59.250,620.6,148,72,172545,warm,methodology=cross_instance_parallel_clone;sweep_id=sweep-20260918T224520Z;arch=x86_64;condition=sites_only;local_nvme=true;n_timed=20;suite_id=s03;clone_run_index=19
2026-09-18,fastvep,0.3.0,gnomad_v2.1.1_chr21,GRCh37,r8id.8xlarge,20,57.700,621.4,147,19,172573,warm,methodology=cross_instance_parallel_clone;sweep_id=sweep-20260918T224520Z;arch=x86_64;condition=sites_only;local_nvme=true;n_timed=20;suite_id=s03;clone_run_index=20
2026-09-18,fastvep,0.3.0,gnomad_v2.1.1_chr21,GRCh37,r8id.8xlarge,median_of_20,57.685,622.6,,,,warm,methodology=cross_instance_parallel_clone;sweep_id=sweep-20260918T224520Z;arch=x86_64;condition=sites_only;local_nvme=true;n_timed=20;suite_id=s03;p5=57.293;p25=57.533;p75=58.432;p95=59.288;min=57.290;max=59.290;n_clones=20;warmup_run_discarded_per_clone=1;p95_p5_ratio=1.035
2026-09-18,fastvep,0.3.0,gnomad_v4.1_chr21,GRCh38,r8gd.8xlarge,1,194.520,2216.5,231,788,644819,warm,methodology=cross_instance_parallel_clone;sweep_id=sweep-20260918T224520Z;arch=arm64;condition=sites_only;local_nvme=true;n_timed=20;suite_id=s04;clone_run_index=1
2026-09-18,fastvep,0.3.0,gnomad_v4.1_chr21,GRCh38,r8gd.8xlarge,2,195.300,2214.7,233,650,636448,warm,methodology=cross_instance_parallel_clone;sweep_id=sweep-20260918T224520Z;arch=arm64;condition=sites_only;local_nvme=true;n_timed=20;suite_id=s04;clone_run_index=2
2026-09-18,fastvep,0.3.0,gnomad_v4.1_chr21,GRCh38,r8gd.8xlarge,3,195.460,2216.0,232,823,637048,warm,methodology=cross_instance_parallel_clone;sweep_id=sweep-20260918T224520Z;arch=arm64;condition=sites_only;local_nvme=true;n_timed=20;suite_id=s04;clone_run_index=3
2026-09-18,fastvep,0.3.0,gnomad_v4.1_chr21,GRCh38,r8gd.8xlarge,4,192.340,2215.8,234,772,635299,warm,methodology=cross_instance_parallel_clone;sweep_id=sweep-20260918T224520Z;arch=arm64;condition=sites_only;local_nvme=true;n_timed=20;suite_id=s04;clone_run_index=4
2026-09-18,fastvep,0.3.0,gnomad_v4.1_chr21,GRCh38,r8gd.8xlarge,5,193.390,2218.1,232,760,640418,warm,methodology=cross_instance_parallel_clone;sweep_id=sweep-20260918T224520Z;arch=arm64;condition=sites_only;local_nvme=true;n_timed=20;suite_id=s04;clone_run_index=5
2026-09-18,fastvep,0.3.0,gnomad_v4.1_chr21,GRCh38,r8gd.8xlarge,6,193.360,2218.0,232,754,640500,warm,methodology=cross_instance_parallel_clone;sweep_id=sweep-20260918T224520Z;arch=arm64;condition=sites_only;local_nvme=true;n_timed=20;suite_id=s04;clone_run_index=6
2026-09-18,fastvep,0.3.0,gnomad_v4.1_chr21,GRCh38,r8gd.8xlarge,7,192.230,2216.7,231,882,645069,warm,methodology=cross_instance_parallel_clone;sweep_id=sweep-20260918T224520Z;arch=arm64;condition=sites_only;local_nvme=true;n_timed=20;suite_id=s04;clone_run_index=7
2026-09-18,fastvep,0.3.0,gnomad_v4.1_chr21,GRCh38,r8gd.8xlarge,8,196.480,2216.2,232,645,639535,warm,methodology=cross_instance_parallel_clone;sweep_id=sweep-20260918T224520Z;arch=arm64;condition=sites_only;local_nvme=true;n_timed=20;suite_id=s04;clone_run_index=8
2026-09-18,fastvep,0.3.0,gnomad_v4.1_chr21,GRCh38,r8gd.8xlarge,9,193.480,2216.1,232,636,635317,warm,methodology=cross_instance_parallel_clone;sweep_id=sweep-20260918T224520Z;arch=arm64;condition=sites_only;local_nvme=true;n_timed=20;suite_id=s04;clone_run_index=9
2026-09-18,fastvep,0.3.0,gnomad_v4.1_chr21,GRCh38,r8gd.8xlarge,10,192.990,2214.6,233,672,638891,warm,methodology=cross_instance_parallel_clone;sweep_id=sweep-20260918T224520Z;arch=arm64;condition=sites_only;local_nvme=true;n_timed=20;suite_id=s04;clone_run_index=10
2026-09-18,fastvep,0.3.0,gnomad_v4.1_chr21,GRCh38,r8gd.8xlarge,11,192.050,2216.7,234,732,642392,warm,methodology=cross_instance_parallel_clone;sweep_id=sweep-20260918T224520Z;arch=arm64;condition=sites_only;local_nvme=true;n_timed=20;suite_id=s04;clone_run_index=11
2026-09-18,fastvep,0.3.0,gnomad_v4.1_chr21,GRCh38,r8gd.8xlarge,12,195.120,2216.5,232,763,641576,warm,methodology=cross_instance_parallel_clone;sweep_id=sweep-20260918T224520Z;arch=arm64;condition=sites_only;local_nvme=true;n_timed=20;suite_id=s04;clone_run_index=12
2026-09-18,fastvep,0.3.0,gnomad_v4.1_chr21,GRCh38,r8gd.8xlarge,13,196.700,2216.8,234,723,642672,warm,methodology=cross_instance_parallel_clone;sweep_id=sweep-20260918T224520Z;arch=arm64;condition=sites_only;local_nvme=true;n_timed=20;suite_id=s04;clone_run_index=13
2026-09-18,fastvep,0.3.0,gnomad_v4.1_chr21,GRCh38,r8gd.8xlarge,14,195.470,2216.8,233,563,639175,warm,methodology=cross_instance_parallel_clone;sweep_id=sweep-20260918T224520Z;arch=arm64;condition=sites_only;local_nvme=true;n_timed=20;suite_id=s04;clone_run_index=14
2026-09-18,fastvep,0.3.0,gnomad_v4.1_chr21,GRCh38,r8gd.8xlarge,15,192.200,2216.0,234,722,637546,warm,methodology=cross_instance_parallel_clone;sweep_id=sweep-20260918T224520Z;arch=arm64;condition=sites_only;local_nvme=true;n_timed=20;suite_id=s04;clone_run_index=15
2026-09-18,fastvep,0.3.0,gnomad_v4.1_chr21,GRCh38,r8gd.8xlarge,16,191.470,2216.5,233,612,642565,warm,methodology=cross_instance_parallel_clone;sweep_id=sweep-20260918T224520Z;arch=arm64;condition=sites_only;local_nvme=true;n_timed=20;suite_id=s04;clone_run_index=16
2026-09-18,fastvep,0.3.0,gnomad_v4.1_chr21,GRCh38,r8gd.8xlarge,17,193.100,2216.5,233,599,637981,warm,methodology=cross_instance_parallel_clone;sweep_id=sweep-20260918T224520Z;arch=arm64;condition=sites_only;local_nvme=true;n_timed=20;suite_id=s04;clone_run_index=17
2026-09-18,fastvep,0.3.0,gnomad_v4.1_chr21,GRCh38,r8gd.8xlarge,18,193.660,2218.1,231,681,640780,warm,methodology=cross_instance_parallel_clone;sweep_id=sweep-20260918T224520Z;arch=arm64;condition=sites_only;local_nvme=true;n_timed=20;suite_id=s04;clone_run_index=18
2026-09-18,fastvep,0.3.0,gnomad_v4.1_chr21,GRCh38,r8gd.8xlarge,19,194.510,2214.4,232,619,639784,warm,methodology=cross_instance_parallel_clone;sweep_id=sweep-20260918T224520Z;arch=arm64;condition=sites_only;local_nvme=true;n_timed=20;suite_id=s04;clone_run_index=19
2026-09-18,fastvep,0.3.0,gnomad_v4.1_chr21,GRCh38,r8gd.8xlarge,20,192.410,2216.2,233,801,640845,warm,methodology=cross_instance_parallel_clone;sweep_id=sweep-20260918T224520Z;arch=arm64;condition=sites_only;local_nvme=true;n_timed=20;suite_id=s04;clone_run_index=20
2026-09-18,fastvep,0.3.0,gnomad_v4.1_chr21,GRCh38,r8gd.8xlarge,median_of_20,193.435,2216.5,,,,warm,methodology=cross_instance_parallel_clone;sweep_id=sweep-20260918T224520Z;arch=arm64;condition=sites_only;local_nvme=true;n_timed=20;suite_id=s04;p5=191.499;p25=192.358;p75=195.255;p95=196.689;min=191.470;max=196.700;n_clones=20;warmup_run_discarded_per_clone=1;p95_p5_ratio=1.027
2026-09-18,fastvep,0.3.0,gnomad_v4.1_chr21,GRCh38,r8id.8xlarge,1,157.950,2217.3,261,22,643908,warm,methodology=cross_instance_parallel_clone;sweep_id=sweep-20260918T224520Z;arch=x86_64;condition=sites_only;local_nvme=true;n_timed=20;suite_id=s04;clone_run_index=1
2026-09-18,fastvep,0.3.0,gnomad_v4.1_chr21,GRCh38,r8id.8xlarge,2,159.760,2218.7,262,21,640351,warm,methodology=cross_instance_parallel_clone;sweep_id=sweep-20260918T224520Z;arch=x86_64;condition=sites_only;local_nvme=true;n_timed=20;suite_id=s04;clone_run_index=2
2026-09-18,fastvep,0.3.0,gnomad_v4.1_chr21,GRCh38,r8id.8xlarge,3,158.330,2216.7,260,43,644237,warm,methodology=cross_instance_parallel_clone;sweep_id=sweep-20260918T224520Z;arch=x86_64;condition=sites_only;local_nvme=true;n_timed=20;suite_id=s04;clone_run_index=3
2026-09-18,fastvep,0.3.0,gnomad_v4.1_chr21,GRCh38,r8id.8xlarge,4,157.830,2215.2,268,9,639608,warm,methodology=cross_instance_parallel_clone;sweep_id=sweep-20260918T224520Z;arch=x86_64;condition=sites_only;local_nvme=true;n_timed=20;suite_id=s04;clone_run_index=4
2026-09-18,fastvep,0.3.0,gnomad_v4.1_chr21,GRCh38,r8id.8xlarge,5,158.870,2215.1,266,51,637804,warm,methodology=cross_instance_parallel_clone;sweep_id=sweep-20260918T224520Z;arch=x86_64;condition=sites_only;local_nvme=true;n_timed=20;suite_id=s04;clone_run_index=5
2026-09-18,fastvep,0.3.0,gnomad_v4.1_chr21,GRCh38,r8id.8xlarge,6,157.080,2217.5,262,15,639836,warm,methodology=cross_instance_parallel_clone;sweep_id=sweep-20260918T224520Z;arch=x86_64;condition=sites_only;local_nvme=true;n_timed=20;suite_id=s04;clone_run_index=6
2026-09-18,fastvep,0.3.0,gnomad_v4.1_chr21,GRCh38,r8id.8xlarge,7,158.150,2216.6,264,31,636652,warm,methodology=cross_instance_parallel_clone;sweep_id=sweep-20260918T224520Z;arch=x86_64;condition=sites_only;local_nvme=true;n_timed=20;suite_id=s04;clone_run_index=7
2026-09-18,fastvep,0.3.0,gnomad_v4.1_chr21,GRCh38,r8id.8xlarge,8,162.920,2212.4,258,55,636880,warm,methodology=cross_instance_parallel_clone;sweep_id=sweep-20260918T224520Z;arch=x86_64;condition=sites_only;local_nvme=true;n_timed=20;suite_id=s04;clone_run_index=8
2026-09-18,fastvep,0.3.0,gnomad_v4.1_chr21,GRCh38,r8id.8xlarge,9,160.540,2217.5,263,63,638899,warm,methodology=cross_instance_parallel_clone;sweep_id=sweep-20260918T224520Z;arch=x86_64;condition=sites_only;local_nvme=true;n_timed=20;suite_id=s04;clone_run_index=9
2026-09-18,fastvep,0.3.0,gnomad_v4.1_chr21,GRCh38,r8id.8xlarge,10,155.960,2216.8,263,12,640866,warm,methodology=cross_instance_parallel_clone;sweep_id=sweep-20260918T224520Z;arch=x86_64;condition=sites_only;local_nvme=true;n_timed=20;suite_id=s04;clone_run_index=10
2026-09-18,fastvep,0.3.0,gnomad_v4.1_chr21,GRCh38,r8id.8xlarge,11,157.240,2216.7,262,8,639637,warm,methodology=cross_instance_parallel_clone;sweep_id=sweep-20260918T224520Z;arch=x86_64;condition=sites_only;local_nvme=true;n_timed=20;suite_id=s04;clone_run_index=11
2026-09-18,fastvep,0.3.0,gnomad_v4.1_chr21,GRCh38,r8id.8xlarge,12,163.910,2217.4,258,96,636066,warm,methodology=cross_instance_parallel_clone;sweep_id=sweep-20260918T224520Z;arch=x86_64;condition=sites_only;local_nvme=true;n_timed=20;suite_id=s04;clone_run_index=12
2026-09-18,fastvep,0.3.0,gnomad_v4.1_chr21,GRCh38,r8id.8xlarge,13,163.990,2216.9,258,82,639214,warm,methodology=cross_instance_parallel_clone;sweep_id=sweep-20260918T224520Z;arch=x86_64;condition=sites_only;local_nvme=true;n_timed=20;suite_id=s04;clone_run_index=13
2026-09-18,fastvep,0.3.0,gnomad_v4.1_chr21,GRCh38,r8id.8xlarge,14,163.890,2216.8,258,68,635683,warm,methodology=cross_instance_parallel_clone;sweep_id=sweep-20260918T224520Z;arch=x86_64;condition=sites_only;local_nvme=true;n_timed=20;suite_id=s04;clone_run_index=14
2026-09-18,fastvep,0.3.0,gnomad_v4.1_chr21,GRCh38,r8id.8xlarge,15,157.080,2209.4,263,18,633044,warm,methodology=cross_instance_parallel_clone;sweep_id=sweep-20260918T224520Z;arch=x86_64;condition=sites_only;local_nvme=true;n_timed=20;suite_id=s04;clone_run_index=15
2026-09-18,fastvep,0.3.0,gnomad_v4.1_chr21,GRCh38,r8id.8xlarge,16,156.980,2216.8,264,17,637680,warm,methodology=cross_instance_parallel_clone;sweep_id=sweep-20260918T224520Z;arch=x86_64;condition=sites_only;local_nvme=true;n_timed=20;suite_id=s04;clone_run_index=16
2026-09-18,fastvep,0.3.0,gnomad_v4.1_chr21,GRCh38,r8id.8xlarge,17,158.570,2217.4,262,17,640051,warm,methodology=cross_instance_parallel_clone;sweep_id=sweep-20260918T224520Z;arch=x86_64;condition=sites_only;local_nvme=true;n_timed=20;suite_id=s04;clone_run_index=17
2026-09-18,fastvep,0.3.0,gnomad_v4.1_chr21,GRCh38,r8id.8xlarge,18,156.810,2215.3,262,17,636460,warm,methodology=cross_instance_parallel_clone;sweep_id=sweep-20260918T224520Z;arch=x86_64;condition=sites_only;local_nvme=true;n_timed=20;suite_id=s04;clone_run_index=18
2026-09-18,fastvep,0.3.0,gnomad_v4.1_chr21,GRCh38,r8id.8xlarge,19,163.320,2217.5,258,95,642849,warm,methodology=cross_instance_parallel_clone;sweep_id=sweep-20260918T224520Z;arch=x86_64;condition=sites_only;local_nvme=true;n_timed=20;suite_id=s04;clone_run_index=19
2026-09-18,fastvep,0.3.0,gnomad_v4.1_chr21,GRCh38,r8id.8xlarge,20,157.480,2217.3,263,6,635533,warm,methodology=cross_instance_parallel_clone;sweep_id=sweep-20260918T224520Z;arch=x86_64;condition=sites_only;local_nvme=true;n_timed=20;suite_id=s04;clone_run_index=20
2026-09-18,fastvep,0.3.0,gnomad_v4.1_chr21,GRCh38,r8id.8xlarge,median_of_20,158.240,2216.8,,,,warm,methodology=cross_instance_parallel_clone;sweep_id=sweep-20260918T224520Z;arch=x86_64;condition=sites_only;local_nvme=true;n_timed=20;suite_id=s04;p5=156.003;p25=157.120;p75=162.325;p95=163.986;min=155.960;max=163.990;n_clones=20;warmup_run_discarded_per_clone=1;p95_p5_ratio=1.051
2026-09-18,fastvep,0.3.0,1kg_integrated_chr21,GRCh37,r8gd.8xlarge,1,6.320,622.0,240,157,171372,warm,methodology=cross_instance_parallel_clone;sweep_id=sweep-20260918T224520Z;arch=arm64;condition=sites_only;local_nvme=true;n_timed=20;suite_id=s05;clone_run_index=1
2026-09-18,fastvep,0.3.0,1kg_integrated_chr21,GRCh37,r8gd.8xlarge,2,6.410,618.9,240,127,170004,warm,methodology=cross_instance_parallel_clone;sweep_id=sweep-20260918T224520Z;arch=arm64;condition=sites_only;local_nvme=true;n_timed=20;suite_id=s05;clone_run_index=2
2026-09-18,fastvep,0.3.0,1kg_integrated_chr21,GRCh37,r8gd.8xlarge,3,6.310,622.0,241,128,172505,warm,methodology=cross_instance_parallel_clone;sweep_id=sweep-20260918T224520Z;arch=arm64;condition=sites_only;local_nvme=true;n_timed=20;suite_id=s05;clone_run_index=3
2026-09-18,fastvep,0.3.0,1kg_integrated_chr21,GRCh37,r8gd.8xlarge,4,6.180,621.7,243,150,168779,warm,methodology=cross_instance_parallel_clone;sweep_id=sweep-20260918T224520Z;arch=arm64;condition=sites_only;local_nvme=true;n_timed=20;suite_id=s05;clone_run_index=4
2026-09-18,fastvep,0.3.0,1kg_integrated_chr21,GRCh37,r8gd.8xlarge,5,6.230,622.3,241,85,169174,warm,methodology=cross_instance_parallel_clone;sweep_id=sweep-20260918T224520Z;arch=arm64;condition=sites_only;local_nvme=true;n_timed=20;suite_id=s05;clone_run_index=5
2026-09-18,fastvep,0.3.0,1kg_integrated_chr21,GRCh37,r8gd.8xlarge,6,6.200,622.5,241,125,172598,warm,methodology=cross_instance_parallel_clone;sweep_id=sweep-20260918T224520Z;arch=arm64;condition=sites_only;local_nvme=true;n_timed=20;suite_id=s05;clone_run_index=6
2026-09-18,fastvep,0.3.0,1kg_integrated_chr21,GRCh37,r8gd.8xlarge,7,6.180,622.7,242,119,168884,warm,methodology=cross_instance_parallel_clone;sweep_id=sweep-20260918T224520Z;arch=arm64;condition=sites_only;local_nvme=true;n_timed=20;suite_id=s05;clone_run_index=7
2026-09-18,fastvep,0.3.0,1kg_integrated_chr21,GRCh37,r8gd.8xlarge,8,6.450,622.0,240,160,170032,warm,methodology=cross_instance_parallel_clone;sweep_id=sweep-20260918T224520Z;arch=arm64;condition=sites_only;local_nvme=true;n_timed=20;suite_id=s05;clone_run_index=8
2026-09-18,fastvep,0.3.0,1kg_integrated_chr21,GRCh37,r8gd.8xlarge,9,6.220,619.9,243,84,171475,warm,methodology=cross_instance_parallel_clone;sweep_id=sweep-20260918T224520Z;arch=arm64;condition=sites_only;local_nvme=true;n_timed=20;suite_id=s05;clone_run_index=9
2026-09-18,fastvep,0.3.0,1kg_integrated_chr21,GRCh37,r8gd.8xlarge,10,6.190,618.8,242,142,168576,warm,methodology=cross_instance_parallel_clone;sweep_id=sweep-20260918T224520Z;arch=arm64;condition=sites_only;local_nvme=true;n_timed=20;suite_id=s05;clone_run_index=10
2026-09-18,fastvep,0.3.0,1kg_integrated_chr21,GRCh37,r8gd.8xlarge,11,6.300,622.4,242,120,171278,warm,methodology=cross_instance_parallel_clone;sweep_id=sweep-20260918T224520Z;arch=arm64;condition=sites_only;local_nvme=true;n_timed=20;suite_id=s05;clone_run_index=11
2026-09-18,fastvep,0.3.0,1kg_integrated_chr21,GRCh37,r8gd.8xlarge,12,6.350,622.0,242,118,170428,warm,methodology=cross_instance_parallel_clone;sweep_id=sweep-20260918T224520Z;arch=arm64;condition=sites_only;local_nvme=true;n_timed=20;suite_id=s05;clone_run_index=12
2026-09-18,fastvep,0.3.0,1kg_integrated_chr21,GRCh37,r8gd.8xlarge,13,6.390,617.0,241,101,166385,warm,methodology=cross_instance_parallel_clone;sweep_id=sweep-20260918T224520Z;arch=arm64;condition=sites_only;local_nvme=true;n_timed=20;suite_id=s05;clone_run_index=13
2026-09-18,fastvep,0.3.0,1kg_integrated_chr21,GRCh37,r8gd.8xlarge,14,6.350,622.6,242,122,169153,warm,methodology=cross_instance_parallel_clone;sweep_id=sweep-20260918T224520Z;arch=arm64;condition=sites_only;local_nvme=true;n_timed=20;suite_id=s05;clone_run_index=14
2026-09-18,fastvep,0.3.0,1kg_integrated_chr21,GRCh37,r8gd.8xlarge,15,6.230,621.9,241,144,169414,warm,methodology=cross_instance_parallel_clone;sweep_id=sweep-20260918T224520Z;arch=arm64;condition=sites_only;local_nvme=true;n_timed=20;suite_id=s05;clone_run_index=15
2026-09-18,fastvep,0.3.0,1kg_integrated_chr21,GRCh37,r8gd.8xlarge,16,6.160,620.2,243,128,167957,warm,methodology=cross_instance_parallel_clone;sweep_id=sweep-20260918T224520Z;arch=arm64;condition=sites_only;local_nvme=true;n_timed=20;suite_id=s05;clone_run_index=16
2026-09-18,fastvep,0.3.0,1kg_integrated_chr21,GRCh37,r8gd.8xlarge,17,6.300,622.3,243,106,170335,warm,methodology=cross_instance_parallel_clone;sweep_id=sweep-20260918T224520Z;arch=arm64;condition=sites_only;local_nvme=true;n_timed=20;suite_id=s05;clone_run_index=17
2026-09-18,fastvep,0.3.0,1kg_integrated_chr21,GRCh37,r8gd.8xlarge,18,6.160,621.6,242,137,169804,warm,methodology=cross_instance_parallel_clone;sweep_id=sweep-20260918T224520Z;arch=arm64;condition=sites_only;local_nvme=true;n_timed=20;suite_id=s05;clone_run_index=18
2026-09-18,fastvep,0.3.0,1kg_integrated_chr21,GRCh37,r8gd.8xlarge,19,6.280,620.4,242,127,170550,warm,methodology=cross_instance_parallel_clone;sweep_id=sweep-20260918T224520Z;arch=arm64;condition=sites_only;local_nvme=true;n_timed=20;suite_id=s05;clone_run_index=19
2026-09-18,fastvep,0.3.0,1kg_integrated_chr21,GRCh37,r8gd.8xlarge,20,6.180,620.6,244,113,169273,warm,methodology=cross_instance_parallel_clone;sweep_id=sweep-20260918T224520Z;arch=arm64;condition=sites_only;local_nvme=true;n_timed=20;suite_id=s05;clone_run_index=20
2026-09-18,fastvep,0.3.0,1kg_integrated_chr21,GRCh37,r8gd.8xlarge,median_of_20,6.255,622.0,,,,warm,methodology=cross_instance_parallel_clone;sweep_id=sweep-20260918T224520Z;arch=arm64;condition=sites_only;local_nvme=true;n_timed=20;suite_id=s05;p5=6.160;p25=6.182;p75=6.342;p95=6.448;min=6.160;max=6.450;n_clones=20;warmup_run_discarded_per_clone=1;p95_p5_ratio=1.047
2026-09-18,fastvep,0.3.0,1kg_integrated_chr21,GRCh37,r8id.8xlarge,1,5.100,622.6,271,3,168678,warm,methodology=cross_instance_parallel_clone;sweep_id=sweep-20260918T224520Z;arch=x86_64;condition=sites_only;local_nvme=true;n_timed=20;suite_id=s05;clone_run_index=1
2026-09-18,fastvep,0.3.0,1kg_integrated_chr21,GRCh37,r8id.8xlarge,2,5.050,621.6,281,5,167656,warm,methodology=cross_instance_parallel_clone;sweep_id=sweep-20260918T224520Z;arch=x86_64;condition=sites_only;local_nvme=true;n_timed=20;suite_id=s05;clone_run_index=2
2026-09-18,fastvep,0.3.0,1kg_integrated_chr21,GRCh37,r8id.8xlarge,3,5.060,620.2,276,4,170839,warm,methodology=cross_instance_parallel_clone;sweep_id=sweep-20260918T224520Z;arch=x86_64;condition=sites_only;local_nvme=true;n_timed=20;suite_id=s05;clone_run_index=3
2026-09-18,fastvep,0.3.0,1kg_integrated_chr21,GRCh37,r8id.8xlarge,4,5.040,622.6,285,6,169420,warm,methodology=cross_instance_parallel_clone;sweep_id=sweep-20260918T224520Z;arch=x86_64;condition=sites_only;local_nvme=true;n_timed=20;suite_id=s05;clone_run_index=4
2026-09-18,fastvep,0.3.0,1kg_integrated_chr21,GRCh37,r8id.8xlarge,5,5.280,623.0,290,13,171310,warm,methodology=cross_instance_parallel_clone;sweep_id=sweep-20260918T224520Z;arch=x86_64;condition=sites_only;local_nvme=true;n_timed=20;suite_id=s05;clone_run_index=5
2026-09-18,fastvep,0.3.0,1kg_integrated_chr21,GRCh37,r8id.8xlarge,6,5.290,622.6,287,4,171032,warm,methodology=cross_instance_parallel_clone;sweep_id=sweep-20260918T224520Z;arch=x86_64;condition=sites_only;local_nvme=true;n_timed=20;suite_id=s05;clone_run_index=6
2026-09-18,fastvep,0.3.0,1kg_integrated_chr21,GRCh37,r8id.8xlarge,7,5.110,623.2,275,6,169080,warm,methodology=cross_instance_parallel_clone;sweep_id=sweep-20260918T224520Z;arch=x86_64;condition=sites_only;local_nvme=true;n_timed=20;suite_id=s05;clone_run_index=7
2026-09-18,fastvep,0.3.0,1kg_integrated_chr21,GRCh37,r8id.8xlarge,8,5.120,622.3,272,5,168586,warm,methodology=cross_instance_parallel_clone;sweep_id=sweep-20260918T224520Z;arch=x86_64;condition=sites_only;local_nvme=true;n_timed=20;suite_id=s05;clone_run_index=8
2026-09-18,fastvep,0.3.0,1kg_integrated_chr21,GRCh37,r8id.8xlarge,9,5.070,617.7,273,7,167198,warm,methodology=cross_instance_parallel_clone;sweep_id=sweep-20260918T224520Z;arch=x86_64;condition=sites_only;local_nvme=true;n_timed=20;suite_id=s05;clone_run_index=9
2026-09-18,fastvep,0.3.0,1kg_integrated_chr21,GRCh37,r8id.8xlarge,10,5.070,623.1,273,6,168751,warm,methodology=cross_instance_parallel_clone;sweep_id=sweep-20260918T224520Z;arch=x86_64;condition=sites_only;local_nvme=true;n_timed=20;suite_id=s05;clone_run_index=10
2026-09-18,fastvep,0.3.0,1kg_integrated_chr21,GRCh37,r8id.8xlarge,11,5.020,620.5,285,9,167663,warm,methodology=cross_instance_parallel_clone;sweep_id=sweep-20260918T224520Z;arch=x86_64;condition=sites_only;local_nvme=true;n_timed=20;suite_id=s05;clone_run_index=11
2026-09-18,fastvep,0.3.0,1kg_integrated_chr21,GRCh37,r8id.8xlarge,12,5.250,623.1,283,3,170016,warm,methodology=cross_instance_parallel_clone;sweep_id=sweep-20260918T224520Z;arch=x86_64;condition=sites_only;local_nvme=true;n_timed=20;suite_id=s05;clone_run_index=12
2026-09-18,fastvep,0.3.0,1kg_integrated_chr21,GRCh37,r8id.8xlarge,13,5.200,620.6,269,15,167206,warm,methodology=cross_instance_parallel_clone;sweep_id=sweep-20260918T224520Z;arch=x86_64;condition=sites_only;local_nvme=true;n_timed=20;suite_id=s05;clone_run_index=13
2026-09-18,fastvep,0.3.0,1kg_integrated_chr21,GRCh37,r8id.8xlarge,14,5.240,623.0,283,11,169965,warm,methodology=cross_instance_parallel_clone;sweep_id=sweep-20260918T224520Z;arch=x86_64;condition=sites_only;local_nvme=true;n_timed=20;suite_id=s05;clone_run_index=14
2026-09-18,fastvep,0.3.0,1kg_integrated_chr21,GRCh37,r8id.8xlarge,15,5.020,623.1,273,3,169041,warm,methodology=cross_instance_parallel_clone;sweep_id=sweep-20260918T224520Z;arch=x86_64;condition=sites_only;local_nvme=true;n_timed=20;suite_id=s05;clone_run_index=15
2026-09-18,fastvep,0.3.0,1kg_integrated_chr21,GRCh37,r8id.8xlarge,16,5.060,623.2,274,6,170847,warm,methodology=cross_instance_parallel_clone;sweep_id=sweep-20260918T224520Z;arch=x86_64;condition=sites_only;local_nvme=true;n_timed=20;suite_id=s05;clone_run_index=16
2026-09-18,fastvep,0.3.0,1kg_integrated_chr21,GRCh37,r8id.8xlarge,17,5.190,617.8,274,12,167352,warm,methodology=cross_instance_parallel_clone;sweep_id=sweep-20260918T224520Z;arch=x86_64;condition=sites_only;local_nvme=true;n_timed=20;suite_id=s05;clone_run_index=17
2026-09-18,fastvep,0.3.0,1kg_integrated_chr21,GRCh37,r8id.8xlarge,18,5.170,623.1,270,10,170269,warm,methodology=cross_instance_parallel_clone;sweep_id=sweep-20260918T224520Z;arch=x86_64;condition=sites_only;local_nvme=true;n_timed=20;suite_id=s05;clone_run_index=18
2026-09-18,fastvep,0.3.0,1kg_integrated_chr21,GRCh37,r8id.8xlarge,19,4.990,623.2,277,5,169340,warm,methodology=cross_instance_parallel_clone;sweep_id=sweep-20260918T224520Z;arch=x86_64;condition=sites_only;local_nvme=true;n_timed=20;suite_id=s05;clone_run_index=19
2026-09-18,fastvep,0.3.0,1kg_integrated_chr21,GRCh37,r8id.8xlarge,20,5.100,623.0,274,7,169907,warm,methodology=cross_instance_parallel_clone;sweep_id=sweep-20260918T224520Z;arch=x86_64;condition=sites_only;local_nvme=true;n_timed=20;suite_id=s05;clone_run_index=20
2026-09-18,fastvep,0.3.0,1kg_integrated_chr21,GRCh37,r8id.8xlarge,median_of_20,5.100,622.8,,,,warm,methodology=cross_instance_parallel_clone;sweep_id=sweep-20260918T224520Z;arch=x86_64;condition=sites_only;local_nvme=true;n_timed=20;suite_id=s05;p5=4.992;p25=5.053;p75=5.198;p95=5.290;min=4.990;max=5.290;n_clones=20;warmup_run_discarded_per_clone=1;p95_p5_ratio=1.060
2026-09-18,fastvep,0.3.0,1kg_integrated_chr21_multisample,GRCh37,r8gd.8xlarge,1,164.600,701.8,105,120,205271,warm,methodology=cross_instance_parallel_clone;sweep_id=sweep-20260918T224520Z;arch=arm64;condition=with_gt;local_nvme=true;n_timed=20;suite_id=s05m;clone_run_index=1
2026-09-18,fastvep,0.3.0,1kg_integrated_chr21_multisample,GRCh37,r8gd.8xlarge,2,164.950,703.7,105,103,204455,warm,methodology=cross_instance_parallel_clone;sweep_id=sweep-20260918T224520Z;arch=arm64;condition=with_gt;local_nvme=true;n_timed=20;suite_id=s05m;clone_run_index=2
2026-09-18,fastvep,0.3.0,1kg_integrated_chr21_multisample,GRCh37,r8gd.8xlarge,3,165.230,703.8,105,125,205138,warm,methodology=cross_instance_parallel_clone;sweep_id=sweep-20260918T224520Z;arch=arm64;condition=with_gt;local_nvme=true;n_timed=20;suite_id=s05m;clone_run_index=3
2026-09-18,fastvep,0.3.0,1kg_integrated_chr21_multisample,GRCh37,r8gd.8xlarge,4,169.790,702.8,105,105,204367,warm,methodology=cross_instance_parallel_clone;sweep_id=sweep-20260918T224520Z;arch=arm64;condition=with_gt;local_nvme=true;n_timed=20;suite_id=s05m;clone_run_index=4
2026-09-18,fastvep,0.3.0,1kg_integrated_chr21_multisample,GRCh37,r8gd.8xlarge,5,164.270,702.1,105,114,203087,warm,methodology=cross_instance_parallel_clone;sweep_id=sweep-20260918T224520Z;arch=arm64;condition=with_gt;local_nvme=true;n_timed=20;suite_id=s05m;clone_run_index=5
2026-09-18,fastvep,0.3.0,1kg_integrated_chr21_multisample,GRCh37,r8gd.8xlarge,6,168.190,703.2,105,85,200220,warm,methodology=cross_instance_parallel_clone;sweep_id=sweep-20260918T224520Z;arch=arm64;condition=with_gt;local_nvme=true;n_timed=20;suite_id=s05m;clone_run_index=6
2026-09-18,fastvep,0.3.0,1kg_integrated_chr21_multisample,GRCh37,r8gd.8xlarge,7,164.360,702.8,105,69,203088,warm,methodology=cross_instance_parallel_clone;sweep_id=sweep-20260918T224520Z;arch=arm64;condition=with_gt;local_nvme=true;n_timed=20;suite_id=s05m;clone_run_index=7
2026-09-18,fastvep,0.3.0,1kg_integrated_chr21_multisample,GRCh37,r8gd.8xlarge,8,167.800,703.2,105,149,200925,warm,methodology=cross_instance_parallel_clone;sweep_id=sweep-20260918T224520Z;arch=arm64;condition=with_gt;local_nvme=true;n_timed=20;suite_id=s05m;clone_run_index=8
2026-09-18,fastvep,0.3.0,1kg_integrated_chr21_multisample,GRCh37,r8gd.8xlarge,9,168.140,702.8,105,120,201474,warm,methodology=cross_instance_parallel_clone;sweep_id=sweep-20260918T224520Z;arch=arm64;condition=with_gt;local_nvme=true;n_timed=20;suite_id=s05m;clone_run_index=9
2026-09-18,fastvep,0.3.0,1kg_integrated_chr21_multisample,GRCh37,r8gd.8xlarge,10,167.770,704.0,105,104,205306,warm,methodology=cross_instance_parallel_clone;sweep_id=sweep-20260918T224520Z;arch=arm64;condition=with_gt;local_nvme=true;n_timed=20;suite_id=s05m;clone_run_index=10
2026-09-18,fastvep,0.3.0,1kg_integrated_chr21_multisample,GRCh37,r8gd.8xlarge,11,164.740,701.2,105,111,205146,warm,methodology=cross_instance_parallel_clone;sweep_id=sweep-20260918T224520Z;arch=arm64;condition=with_gt;local_nvme=true;n_timed=20;suite_id=s05m;clone_run_index=11
2026-09-18,fastvep,0.3.0,1kg_integrated_chr21_multisample,GRCh37,r8gd.8xlarge,12,170.850,704.0,105,118,203144,warm,methodology=cross_instance_parallel_clone;sweep_id=sweep-20260918T224520Z;arch=arm64;condition=with_gt;local_nvme=true;n_timed=20;suite_id=s05m;clone_run_index=12
2026-09-18,fastvep,0.3.0,1kg_integrated_chr21_multisample,GRCh37,r8gd.8xlarge,13,165.430,702.4,105,123,201259,warm,methodology=cross_instance_parallel_clone;sweep_id=sweep-20260918T224520Z;arch=arm64;condition=with_gt;local_nvme=true;n_timed=20;suite_id=s05m;clone_run_index=13
2026-09-18,fastvep,0.3.0,1kg_integrated_chr21_multisample,GRCh37,r8gd.8xlarge,14,168.070,704.8,105,128,204601,warm,methodology=cross_instance_parallel_clone;sweep_id=sweep-20260918T224520Z;arch=arm64;condition=with_gt;local_nvme=true;n_timed=20;suite_id=s05m;clone_run_index=14
2026-09-18,fastvep,0.3.0,1kg_integrated_chr21_multisample,GRCh37,r8gd.8xlarge,15,164.320,703.9,105,137,204551,warm,methodology=cross_instance_parallel_clone;sweep_id=sweep-20260918T224520Z;arch=arm64;condition=with_gt;local_nvme=true;n_timed=20;suite_id=s05m;clone_run_index=15
2026-09-18,fastvep,0.3.0,1kg_integrated_chr21_multisample,GRCh37,r8gd.8xlarge,16,163.880,704.8,105,125,203575,warm,methodology=cross_instance_parallel_clone;sweep_id=sweep-20260918T224520Z;arch=arm64;condition=with_gt;local_nvme=true;n_timed=20;suite_id=s05m;clone_run_index=16
2026-09-18,fastvep,0.3.0,1kg_integrated_chr21_multisample,GRCh37,r8gd.8xlarge,17,168.200,704.3,105,107,203824,warm,methodology=cross_instance_parallel_clone;sweep_id=sweep-20260918T224520Z;arch=arm64;condition=with_gt;local_nvme=true;n_timed=20;suite_id=s05m;clone_run_index=17
2026-09-18,fastvep,0.3.0,1kg_integrated_chr21_multisample,GRCh37,r8gd.8xlarge,18,169.000,703.0,105,87,203947,warm,methodology=cross_instance_parallel_clone;sweep_id=sweep-20260918T224520Z;arch=arm64;condition=with_gt;local_nvme=true;n_timed=20;suite_id=s05m;clone_run_index=18
2026-09-18,fastvep,0.3.0,1kg_integrated_chr21_multisample,GRCh37,r8gd.8xlarge,19,164.920,703.0,105,97,203005,warm,methodology=cross_instance_parallel_clone;sweep_id=sweep-20260918T224520Z;arch=arm64;condition=with_gt;local_nvme=true;n_timed=20;suite_id=s05m;clone_run_index=19
2026-09-18,fastvep,0.3.0,1kg_integrated_chr21_multisample,GRCh37,r8gd.8xlarge,20,164.190,703.4,105,105,204430,warm,methodology=cross_instance_parallel_clone;sweep_id=sweep-20260918T224520Z;arch=arm64;condition=with_gt;local_nvme=true;n_timed=20;suite_id=s05m;clone_run_index=20
2026-09-18,fastvep,0.3.0,1kg_integrated_chr21_multisample,GRCh37,r8gd.8xlarge,median_of_20,165.330,703.2,,,,warm,methodology=cross_instance_parallel_clone;sweep_id=sweep-20260918T224520Z;arch=arm64;condition=with_gt;local_nvme=true;n_timed=20;suite_id=s05m;p5=163.896;p25=164.420;p75=168.177;p95=170.797;min=163.880;max=170.850;n_clones=20;warmup_run_discarded_per_clone=1;p95_p5_ratio=1.042
2026-09-18,fastvep,0.3.0,1kg_integrated_chr21_multisample,GRCh37,r8id.8xlarge,1,130.680,706.1,107,28,204073,warm,methodology=cross_instance_parallel_clone;sweep_id=sweep-20260918T224520Z;arch=x86_64;condition=with_gt;local_nvme=true;n_timed=20;suite_id=s05m;clone_run_index=1
2026-09-18,fastvep,0.3.0,1kg_integrated_chr21_multisample,GRCh37,r8id.8xlarge,2,132.020,704.0,107,25,201654,warm,methodology=cross_instance_parallel_clone;sweep_id=sweep-20260918T224520Z;arch=x86_64;condition=with_gt;local_nvme=true;n_timed=20;suite_id=s05m;clone_run_index=2
2026-09-18,fastvep,0.3.0,1kg_integrated_chr21_multisample,GRCh37,r8id.8xlarge,3,130.730,705.7,107,22,201602,warm,methodology=cross_instance_parallel_clone;sweep_id=sweep-20260918T224520Z;arch=x86_64;condition=with_gt;local_nvme=true;n_timed=20;suite_id=s05m;clone_run_index=3
2026-09-18,fastvep,0.3.0,1kg_integrated_chr21_multisample,GRCh37,r8id.8xlarge,4,121.630,705.5,107,24,205840,warm,methodology=cross_instance_parallel_clone;sweep_id=sweep-20260918T224520Z;arch=x86_64;condition=with_gt;local_nvme=true;n_timed=20;suite_id=s05m;clone_run_index=4
2026-09-18,fastvep,0.3.0,1kg_integrated_chr21_multisample,GRCh37,r8id.8xlarge,5,129.850,706.1,107,57,203461,warm,methodology=cross_instance_parallel_clone;sweep_id=sweep-20260918T224520Z;arch=x86_64;condition=with_gt;local_nvme=true;n_timed=20;suite_id=s05m;clone_run_index=5
2026-09-18,fastvep,0.3.0,1kg_integrated_chr21_multisample,GRCh37,r8id.8xlarge,6,123.220,704.9,107,35,202790,warm,methodology=cross_instance_parallel_clone;sweep_id=sweep-20260918T224520Z;arch=x86_64;condition=with_gt;local_nvme=true;n_timed=20;suite_id=s05m;clone_run_index=6
2026-09-18,fastvep,0.3.0,1kg_integrated_chr21_multisample,GRCh37,r8id.8xlarge,7,123.530,706.1,107,32,203886,warm,methodology=cross_instance_parallel_clone;sweep_id=sweep-20260918T224520Z;arch=x86_64;condition=with_gt;local_nvme=true;n_timed=20;suite_id=s05m;clone_run_index=7
2026-09-18,fastvep,0.3.0,1kg_integrated_chr21_multisample,GRCh37,r8id.8xlarge,8,130.940,702.2,107,32,202215,warm,methodology=cross_instance_parallel_clone;sweep_id=sweep-20260918T224520Z;arch=x86_64;condition=with_gt;local_nvme=true;n_timed=20;suite_id=s05m;clone_run_index=8
2026-09-18,fastvep,0.3.0,1kg_integrated_chr21_multisample,GRCh37,r8id.8xlarge,9,129.000,704.1,107,21,205476,warm,methodology=cross_instance_parallel_clone;sweep_id=sweep-20260918T224520Z;arch=x86_64;condition=with_gt;local_nvme=true;n_timed=20;suite_id=s05m;clone_run_index=9
2026-09-18,fastvep,0.3.0,1kg_integrated_chr21_multisample,GRCh37,r8id.8xlarge,10,123.070,703.1,107,30,204601,warm,methodology=cross_instance_parallel_clone;sweep_id=sweep-20260918T224520Z;arch=x86_64;condition=with_gt;local_nvme=true;n_timed=20;suite_id=s05m;clone_run_index=10
2026-09-18,fastvep,0.3.0,1kg_integrated_chr21_multisample,GRCh37,r8id.8xlarge,11,123.740,706.1,107,25,204188,warm,methodology=cross_instance_parallel_clone;sweep_id=sweep-20260918T224520Z;arch=x86_64;condition=with_gt;local_nvme=true;n_timed=20;suite_id=s05m;clone_run_index=11
2026-09-18,fastvep,0.3.0,1kg_integrated_chr21_multisample,GRCh37,r8id.8xlarge,12,131.860,704.6,107,21,201602,warm,methodology=cross_instance_parallel_clone;sweep_id=sweep-20260918T224520Z;arch=x86_64;condition=with_gt;local_nvme=true;n_timed=20;suite_id=s05m;clone_run_index=12
2026-09-18,fastvep,0.3.0,1kg_integrated_chr21_multisample,GRCh37,r8id.8xlarge,13,132.120,703.1,107,28,203020,warm,methodology=cross_instance_parallel_clone;sweep_id=sweep-20260918T224520Z;arch=x86_64;condition=with_gt;local_nvme=true;n_timed=20;suite_id=s05m;clone_run_index=13
2026-09-18,fastvep,0.3.0,1kg_integrated_chr21_multisample,GRCh37,r8id.8xlarge,14,130.770,704.8,107,20,202376,warm,methodology=cross_instance_parallel_clone;sweep_id=sweep-20260918T224520Z;arch=x86_64;condition=with_gt;local_nvme=true;n_timed=20;suite_id=s05m;clone_run_index=14
2026-09-18,fastvep,0.3.0,1kg_integrated_chr21_multisample,GRCh37,r8id.8xlarge,15,122.990,704.3,107,26,200221,warm,methodology=cross_instance_parallel_clone;sweep_id=sweep-20260918T224520Z;arch=x86_64;condition=with_gt;local_nvme=true;n_timed=20;suite_id=s05m;clone_run_index=15
2026-09-18,fastvep,0.3.0,1kg_integrated_chr21_multisample,GRCh37,r8id.8xlarge,16,123.260,707.1,107,28,202851,warm,methodology=cross_instance_parallel_clone;sweep_id=sweep-20260918T224520Z;arch=x86_64;condition=with_gt;local_nvme=true;n_timed=20;suite_id=s05m;clone_run_index=16
2026-09-18,fastvep,0.3.0,1kg_integrated_chr21_multisample,GRCh37,r8id.8xlarge,17,126.120,704.8,107,35,205389,warm,methodology=cross_instance_parallel_clone;sweep_id=sweep-20260918T224520Z;arch=x86_64;condition=with_gt;local_nvme=true;n_timed=20;suite_id=s05m;clone_run_index=17
2026-09-18,fastvep,0.3.0,1kg_integrated_chr21_multisample,GRCh37,r8id.8xlarge,18,124.150,703.0,107,26,202861,warm,methodology=cross_instance_parallel_clone;sweep_id=sweep-20260918T224520Z;arch=x86_64;condition=with_gt;local_nvme=true;n_timed=20;suite_id=s05m;clone_run_index=18
2026-09-18,fastvep,0.3.0,1kg_integrated_chr21_multisample,GRCh37,r8id.8xlarge,19,134.740,705.9,107,36,203261,warm,methodology=cross_instance_parallel_clone;sweep_id=sweep-20260918T224520Z;arch=x86_64;condition=with_gt;local_nvme=true;n_timed=20;suite_id=s05m;clone_run_index=19
2026-09-18,fastvep,0.3.0,1kg_integrated_chr21_multisample,GRCh37,r8id.8xlarge,20,125.830,705.4,107,32,200251,warm,methodology=cross_instance_parallel_clone;sweep_id=sweep-20260918T224520Z;arch=x86_64;condition=with_gt;local_nvme=true;n_timed=20;suite_id=s05m;clone_run_index=20
2026-09-18,fastvep,0.3.0,1kg_integrated_chr21_multisample,GRCh37,r8id.8xlarge,median_of_20,127.560,704.8,,,,warm,methodology=cross_instance_parallel_clone;sweep_id=sweep-20260918T224520Z;arch=x86_64;condition=with_gt;local_nvme=true;n_timed=20;suite_id=s05m;p5=121.698;p25=123.328;p75=130.897;p95=134.609;min=121.630;max=134.740;n_clones=20;warmup_run_discarded_per_clone=1;p95_p5_ratio=1.106
2026-09-18,fastvep,0.3.0,1kg_highcov_chr21,GRCh38,r8gd.8xlarge,1,17.940,2214.3,238,213,633217,warm,methodology=cross_instance_parallel_clone;sweep_id=sweep-20260918T224520Z;arch=arm64;condition=sites_only;local_nvme=true;n_timed=20;suite_id=s06;clone_run_index=1
2026-09-18,fastvep,0.3.0,1kg_highcov_chr21,GRCh38,r8gd.8xlarge,2,17.530,2211.7,244,174,629259,warm,methodology=cross_instance_parallel_clone;sweep_id=sweep-20260918T224520Z;arch=arm64;condition=sites_only;local_nvme=true;n_timed=20;suite_id=s06;clone_run_index=2
2026-09-18,fastvep,0.3.0,1kg_highcov_chr21,GRCh38,r8gd.8xlarge,3,17.550,2213.3,243,207,628731,warm,methodology=cross_instance_parallel_clone;sweep_id=sweep-20260918T224520Z;arch=arm64;condition=sites_only;local_nvme=true;n_timed=20;suite_id=s06;clone_run_index=3
2026-09-18,fastvep,0.3.0,1kg_highcov_chr21,GRCh38,r8gd.8xlarge,4,17.220,2216.6,246,181,629865,warm,methodology=cross_instance_parallel_clone;sweep_id=sweep-20260918T224520Z;arch=arm64;condition=sites_only;local_nvme=true;n_timed=20;suite_id=s06;clone_run_index=4
2026-09-18,fastvep,0.3.0,1kg_highcov_chr21,GRCh38,r8gd.8xlarge,5,17.110,2215.6,245,159,629173,warm,methodology=cross_instance_parallel_clone;sweep_id=sweep-20260918T224520Z;arch=arm64;condition=sites_only;local_nvme=true;n_timed=20;suite_id=s06;clone_run_index=5
2026-09-18,fastvep,0.3.0,1kg_highcov_chr21,GRCh38,r8gd.8xlarge,6,17.430,2216.6,243,246,631935,warm,methodology=cross_instance_parallel_clone;sweep_id=sweep-20260918T224520Z;arch=arm64;condition=sites_only;local_nvme=true;n_timed=20;suite_id=s06;clone_run_index=6
2026-09-18,fastvep,0.3.0,1kg_highcov_chr21,GRCh38,r8gd.8xlarge,7,17.260,2208.7,244,220,633260,warm,methodology=cross_instance_parallel_clone;sweep_id=sweep-20260918T224520Z;arch=arm64;condition=sites_only;local_nvme=true;n_timed=20;suite_id=s06;clone_run_index=7
2026-09-18,fastvep,0.3.0,1kg_highcov_chr21,GRCh38,r8gd.8xlarge,8,17.460,2216.2,246,212,633743,warm,methodology=cross_instance_parallel_clone;sweep_id=sweep-20260918T224520Z;arch=arm64;condition=sites_only;local_nvme=true;n_timed=20;suite_id=s06;clone_run_index=8
2026-09-18,fastvep,0.3.0,1kg_highcov_chr21,GRCh38,r8gd.8xlarge,9,17.420,2216.7,243,179,637853,warm,methodology=cross_instance_parallel_clone;sweep_id=sweep-20260918T224520Z;arch=arm64;condition=sites_only;local_nvme=true;n_timed=20;suite_id=s06;clone_run_index=9
2026-09-18,fastvep,0.3.0,1kg_highcov_chr21,GRCh38,r8gd.8xlarge,10,17.640,2211.2,238,191,630273,warm,methodology=cross_instance_parallel_clone;sweep_id=sweep-20260918T224520Z;arch=arm64;condition=sites_only;local_nvme=true;n_timed=20;suite_id=s06;clone_run_index=10
2026-09-18,fastvep,0.3.0,1kg_highcov_chr21,GRCh38,r8gd.8xlarge,11,17.190,2216.6,245,190,633431,warm,methodology=cross_instance_parallel_clone;sweep_id=sweep-20260918T224520Z;arch=arm64;condition=sites_only;local_nvme=true;n_timed=20;suite_id=s06;clone_run_index=11
2026-09-18,fastvep,0.3.0,1kg_highcov_chr21,GRCh38,r8gd.8xlarge,12,17.670,2216.6,243,203,629689,warm,methodology=cross_instance_parallel_clone;sweep_id=sweep-20260918T224520Z;arch=arm64;condition=sites_only;local_nvme=true;n_timed=20;suite_id=s06;clone_run_index=12
2026-09-18,fastvep,0.3.0,1kg_highcov_chr21,GRCh38,r8gd.8xlarge,13,17.580,2208.7,244,162,629239,warm,methodology=cross_instance_parallel_clone;sweep_id=sweep-20260918T224520Z;arch=arm64;condition=sites_only;local_nvme=true;n_timed=20;suite_id=s06;clone_run_index=13
2026-09-18,fastvep,0.3.0,1kg_highcov_chr21,GRCh38,r8gd.8xlarge,14,17.480,2216.6,246,222,629763,warm,methodology=cross_instance_parallel_clone;sweep_id=sweep-20260918T224520Z;arch=arm64;condition=sites_only;local_nvme=true;n_timed=20;suite_id=s06;clone_run_index=14
2026-09-18,fastvep,0.3.0,1kg_highcov_chr21,GRCh38,r8gd.8xlarge,15,17.340,2217.9,243,203,632225,warm,methodology=cross_instance_parallel_clone;sweep_id=sweep-20260918T224520Z;arch=arm64;condition=sites_only;local_nvme=true;n_timed=20;suite_id=s06;clone_run_index=15
2026-09-18,fastvep,0.3.0,1kg_highcov_chr21,GRCh38,r8gd.8xlarge,16,17.010,2216.1,245,186,638722,warm,methodology=cross_instance_parallel_clone;sweep_id=sweep-20260918T224520Z;arch=arm64;condition=sites_only;local_nvme=true;n_timed=20;suite_id=s06;clone_run_index=16
2026-09-18,fastvep,0.3.0,1kg_highcov_chr21,GRCh38,r8gd.8xlarge,17,17.840,2216.6,240,164,634299,warm,methodology=cross_instance_parallel_clone;sweep_id=sweep-20260918T224520Z;arch=arm64;condition=sites_only;local_nvme=true;n_timed=20;suite_id=s06;clone_run_index=17
2026-09-18,fastvep,0.3.0,1kg_highcov_chr21,GRCh38,r8gd.8xlarge,18,17.220,2215.5,244,154,633723,warm,methodology=cross_instance_parallel_clone;sweep_id=sweep-20260918T224520Z;arch=arm64;condition=sites_only;local_nvme=true;n_timed=20;suite_id=s06;clone_run_index=18
2026-09-18,fastvep,0.3.0,1kg_highcov_chr21,GRCh38,r8gd.8xlarge,19,17.860,2216.7,238,189,633251,warm,methodology=cross_instance_parallel_clone;sweep_id=sweep-20260918T224520Z;arch=arm64;condition=sites_only;local_nvme=true;n_timed=20;suite_id=s06;clone_run_index=19
2026-09-18,fastvep,0.3.0,1kg_highcov_chr21,GRCh38,r8gd.8xlarge,20,17.300,2218.1,244,187,634150,warm,methodology=cross_instance_parallel_clone;sweep_id=sweep-20260918T224520Z;arch=arm64;condition=sites_only;local_nvme=true;n_timed=20;suite_id=s06;clone_run_index=20
2026-09-18,fastvep,0.3.0,1kg_highcov_chr21,GRCh38,r8gd.8xlarge,median_of_20,17.445,2216.4,,,,warm,methodology=cross_instance_parallel_clone;sweep_id=sweep-20260918T224520Z;arch=arm64;condition=sites_only;local_nvme=true;n_timed=20;suite_id=s06;p5=17.015;p25=17.230;p75=17.625;p95=17.936;min=17.010;max=17.940;n_clones=20;warmup_run_discarded_per_clone=1;p95_p5_ratio=1.054
2026-09-18,fastvep,0.3.0,1kg_highcov_chr21,GRCh38,r8id.8xlarge,1,14.970,2209.4,255,13,628744,warm,methodology=cross_instance_parallel_clone;sweep_id=sweep-20260918T224520Z;arch=x86_64;condition=sites_only;local_nvme=true;n_timed=20;suite_id=s06;clone_run_index=1
2026-09-18,fastvep,0.3.0,1kg_highcov_chr21,GRCh38,r8id.8xlarge,2,14.700,2217.4,261,7,632029,warm,methodology=cross_instance_parallel_clone;sweep_id=sweep-20260918T224520Z;arch=x86_64;condition=sites_only;local_nvme=true;n_timed=20;suite_id=s06;clone_run_index=2
2026-09-18,fastvep,0.3.0,1kg_highcov_chr21,GRCh38,r8id.8xlarge,3,14.680,2216.2,261,12,633458,warm,methodology=cross_instance_parallel_clone;sweep_id=sweep-20260918T224520Z;arch=x86_64;condition=sites_only;local_nvme=true;n_timed=20;suite_id=s06;clone_run_index=3
2026-09-18,fastvep,0.3.0,1kg_highcov_chr21,GRCh38,r8id.8xlarge,4,14.510,2217.4,262,10,633954,warm,methodology=cross_instance_parallel_clone;sweep_id=sweep-20260918T224520Z;arch=x86_64;condition=sites_only;local_nvme=true;n_timed=20;suite_id=s06;clone_run_index=4
2026-09-18,fastvep,0.3.0,1kg_highcov_chr21,GRCh38,r8id.8xlarge,5,14.440,2209.3,268,7,629008,warm,methodology=cross_instance_parallel_clone;sweep_id=sweep-20260918T224520Z;arch=x86_64;condition=sites_only;local_nvme=true;n_timed=20;suite_id=s06;clone_run_index=5
2026-09-18,fastvep,0.3.0,1kg_highcov_chr21,GRCh38,r8id.8xlarge,6,14.500,2217.3,263,5,631341,warm,methodology=cross_instance_parallel_clone;sweep_id=sweep-20260918T224520Z;arch=x86_64;condition=sites_only;local_nvme=true;n_timed=20;suite_id=s06;clone_run_index=6
2026-09-18,fastvep,0.3.0,1kg_highcov_chr21,GRCh38,r8id.8xlarge,7,14.630,2209.4,262,4,629299,warm,methodology=cross_instance_parallel_clone;sweep_id=sweep-20260918T224520Z;arch=x86_64;condition=sites_only;local_nvme=true;n_timed=20;suite_id=s06;clone_run_index=7
2026-09-18,fastvep,0.3.0,1kg_highcov_chr21,GRCh38,r8id.8xlarge,8,15.000,2209.3,260,4,628693,warm,methodology=cross_instance_parallel_clone;sweep_id=sweep-20260918T224520Z;arch=x86_64;condition=sites_only;local_nvme=true;n_timed=20;suite_id=s06;clone_run_index=8
2026-09-18,fastvep,0.3.0,1kg_highcov_chr21,GRCh38,r8id.8xlarge,9,14.870,2217.0,264,4,636246,warm,methodology=cross_instance_parallel_clone;sweep_id=sweep-20260918T224520Z;arch=x86_64;condition=sites_only;local_nvme=true;n_timed=20;suite_id=s06;clone_run_index=9
2026-09-18,fastvep,0.3.0,1kg_highcov_chr21,GRCh38,r8id.8xlarge,10,14.520,2209.5,263,14,626977,warm,methodology=cross_instance_parallel_clone;sweep_id=sweep-20260918T224520Z;arch=x86_64;condition=sites_only;local_nvme=true;n_timed=20;suite_id=s06;clone_run_index=10
2026-09-18,fastvep,0.3.0,1kg_highcov_chr21,GRCh38,r8id.8xlarge,11,14.200,2214.1,268,4,631702,warm,methodology=cross_instance_parallel_clone;sweep_id=sweep-20260918T224520Z;arch=x86_64;condition=sites_only;local_nvme=true;n_timed=20;suite_id=s06;clone_run_index=11
2026-09-18,fastvep,0.3.0,1kg_highcov_chr21,GRCh38,r8id.8xlarge,12,14.740,2216.3,260,29,629649,warm,methodology=cross_instance_parallel_clone;sweep_id=sweep-20260918T224520Z;arch=x86_64;condition=sites_only;local_nvme=true;n_timed=20;suite_id=s06;clone_run_index=12
2026-09-18,fastvep,0.3.0,1kg_highcov_chr21,GRCh38,r8id.8xlarge,13,14.610,2217.4,265,22,632069,warm,methodology=cross_instance_parallel_clone;sweep_id=sweep-20260918T224520Z;arch=x86_64;condition=sites_only;local_nvme=true;n_timed=20;suite_id=s06;clone_run_index=13
2026-09-18,fastvep,0.3.0,1kg_highcov_chr21,GRCh38,r8id.8xlarge,14,14.790,2217.4,266,7,631270,warm,methodology=cross_instance_parallel_clone;sweep_id=sweep-20260918T224520Z;arch=x86_64;condition=sites_only;local_nvme=true;n_timed=20;suite_id=s06;clone_run_index=14
2026-09-18,fastvep,0.3.0,1kg_highcov_chr21,GRCh38,r8id.8xlarge,15,14.170,2218.7,267,5,632401,warm,methodology=cross_instance_parallel_clone;sweep_id=sweep-20260918T224520Z;arch=x86_64;condition=sites_only;local_nvme=true;n_timed=20;suite_id=s06;clone_run_index=15
2026-09-18,fastvep,0.3.0,1kg_highcov_chr21,GRCh38,r8id.8xlarge,16,14.400,2216.8,267,7,636191,warm,methodology=cross_instance_parallel_clone;sweep_id=sweep-20260918T224520Z;arch=x86_64;condition=sites_only;local_nvme=true;n_timed=20;suite_id=s06;clone_run_index=16
2026-09-18,fastvep,0.3.0,1kg_highcov_chr21,GRCh38,r8id.8xlarge,17,14.630,2216.8,261,5,629518,warm,methodology=cross_instance_parallel_clone;sweep_id=sweep-20260918T224520Z;arch=x86_64;condition=sites_only;local_nvme=true;n_timed=20;suite_id=s06;clone_run_index=17
2026-09-18,fastvep,0.3.0,1kg_highcov_chr21,GRCh38,r8id.8xlarge,18,14.160,2215.3,272,10,628973,warm,methodology=cross_instance_parallel_clone;sweep_id=sweep-20260918T224520Z;arch=x86_64;condition=sites_only;local_nvme=true;n_timed=20;suite_id=s06;clone_run_index=18
2026-09-18,fastvep,0.3.0,1kg_highcov_chr21,GRCh38,r8id.8xlarge,19,14.510,2218.7,263,10,631939,warm,methodology=cross_instance_parallel_clone;sweep_id=sweep-20260918T224520Z;arch=x86_64;condition=sites_only;local_nvme=true;n_timed=20;suite_id=s06;clone_run_index=19
2026-09-18,fastvep,0.3.0,1kg_highcov_chr21,GRCh38,r8id.8xlarge,20,14.580,2216.9,263,12,636054,warm,methodology=cross_instance_parallel_clone;sweep_id=sweep-20260918T224520Z;arch=x86_64;condition=sites_only;local_nvme=true;n_timed=20;suite_id=s06;clone_run_index=20
2026-09-18,fastvep,0.3.0,1kg_highcov_chr21,GRCh38,r8id.8xlarge,median_of_20,14.595,2216.8,,,,warm,methodology=cross_instance_parallel_clone;sweep_id=sweep-20260918T224520Z;arch=x86_64;condition=sites_only;local_nvme=true;n_timed=20;suite_id=s06;p5=14.161;p25=14.455;p75=14.730;p95=14.999;min=14.160;max=15.000;n_clones=20;warmup_run_discarded_per_clone=1;p95_p5_ratio=1.059
2026-09-18,fastvep,0.3.0,1kg_highcov_chr21_multisample,GRCh38,r8gd.8xlarge,1,204.630,2266.7,112,133,680754,warm,methodology=cross_instance_parallel_clone;sweep_id=sweep-20260918T224520Z;arch=arm64;condition=with_gt;local_nvme=true;n_timed=20;suite_id=s06m;clone_run_index=1
2026-09-18,fastvep,0.3.0,1kg_highcov_chr21_multisample,GRCh38,r8gd.8xlarge,2,200.280,2258.9,112,118,678609,warm,methodology=cross_instance_parallel_clone;sweep_id=sweep-20260918T224520Z;arch=arm64;condition=with_gt;local_nvme=true;n_timed=20;suite_id=s06m;clone_run_index=2
2026-09-18,fastvep,0.3.0,1kg_highcov_chr21_multisample,GRCh38,r8gd.8xlarge,3,206.560,2258.3,112,122,676133,warm,methodology=cross_instance_parallel_clone;sweep_id=sweep-20260918T224520Z;arch=arm64;condition=with_gt;local_nvme=true;n_timed=20;suite_id=s06m;clone_run_index=3
2026-09-18,fastvep,0.3.0,1kg_highcov_chr21_multisample,GRCh38,r8gd.8xlarge,4,200.550,2259.9,112,109,677069,warm,methodology=cross_instance_parallel_clone;sweep_id=sweep-20260918T224520Z;arch=arm64;condition=with_gt;local_nvme=true;n_timed=20;suite_id=s06m;clone_run_index=4
2026-09-18,fastvep,0.3.0,1kg_highcov_chr21_multisample,GRCh38,r8gd.8xlarge,5,206.390,2260.8,112,136,671852,warm,methodology=cross_instance_parallel_clone;sweep_id=sweep-20260918T224520Z;arch=arm64;condition=with_gt;local_nvme=true;n_timed=20;suite_id=s06m;clone_run_index=5
2026-09-18,fastvep,0.3.0,1kg_highcov_chr21_multisample,GRCh38,r8gd.8xlarge,6,199.630,2260.3,112,155,673046,warm,methodology=cross_instance_parallel_clone;sweep_id=sweep-20260918T224520Z;arch=arm64;condition=with_gt;local_nvme=true;n_timed=20;suite_id=s06m;clone_run_index=6
2026-09-18,fastvep,0.3.0,1kg_highcov_chr21_multisample,GRCh38,r8gd.8xlarge,7,203.480,2264.2,112,169,668787,warm,methodology=cross_instance_parallel_clone;sweep_id=sweep-20260918T224520Z;arch=arm64;condition=with_gt;local_nvme=true;n_timed=20;suite_id=s06m;clone_run_index=7
2026-09-18,fastvep,0.3.0,1kg_highcov_chr21_multisample,GRCh38,r8gd.8xlarge,8,200.630,2266.3,112,174,670806,warm,methodology=cross_instance_parallel_clone;sweep_id=sweep-20260918T224520Z;arch=arm64;condition=with_gt;local_nvme=true;n_timed=20;suite_id=s06m;clone_run_index=8
2026-09-18,fastvep,0.3.0,1kg_highcov_chr21_multisample,GRCh38,r8gd.8xlarge,9,204.310,2260.6,112,131,675627,warm,methodology=cross_instance_parallel_clone;sweep_id=sweep-20260918T224520Z;arch=arm64;condition=with_gt;local_nvme=true;n_timed=20;suite_id=s06m;clone_run_index=9
2026-09-18,fastvep,0.3.0,1kg_highcov_chr21_multisample,GRCh38,r8gd.8xlarge,10,200.370,2260.3,112,158,672461,warm,methodology=cross_instance_parallel_clone;sweep_id=sweep-20260918T224520Z;arch=arm64;condition=with_gt;local_nvme=true;n_timed=20;suite_id=s06m;clone_run_index=10
2026-09-18,fastvep,0.3.0,1kg_highcov_chr21_multisample,GRCh38,r8gd.8xlarge,11,204.300,2258.2,112,150,668381,warm,methodology=cross_instance_parallel_clone;sweep_id=sweep-20260918T224520Z;arch=arm64;condition=with_gt;local_nvme=true;n_timed=20;suite_id=s06m;clone_run_index=11
2026-09-18,fastvep,0.3.0,1kg_highcov_chr21_multisample,GRCh38,r8gd.8xlarge,12,200.630,2260.7,112,147,680278,warm,methodology=cross_instance_parallel_clone;sweep_id=sweep-20260918T224520Z;arch=arm64;condition=with_gt;local_nvme=true;n_timed=20;suite_id=s06m;clone_run_index=12
2026-09-18,fastvep,0.3.0,1kg_highcov_chr21_multisample,GRCh38,r8gd.8xlarge,13,204.750,2258.3,112,137,678399,warm,methodology=cross_instance_parallel_clone;sweep_id=sweep-20260918T224520Z;arch=arm64;condition=with_gt;local_nvme=true;n_timed=20;suite_id=s06m;clone_run_index=13
2026-09-18,fastvep,0.3.0,1kg_highcov_chr21_multisample,GRCh38,r8gd.8xlarge,14,200.710,2259.4,113,130,678535,warm,methodology=cross_instance_parallel_clone;sweep_id=sweep-20260918T224520Z;arch=arm64;condition=with_gt;local_nvme=true;n_timed=20;suite_id=s06m;clone_run_index=14
2026-09-18,fastvep,0.3.0,1kg_highcov_chr21_multisample,GRCh38,r8gd.8xlarge,15,201.630,2256.1,112,119,670481,warm,methodology=cross_instance_parallel_clone;sweep_id=sweep-20260918T224520Z;arch=arm64;condition=with_gt;local_nvme=true;n_timed=20;suite_id=s06m;clone_run_index=15
2026-09-18,fastvep,0.3.0,1kg_highcov_chr21_multisample,GRCh38,r8gd.8xlarge,16,199.420,2262.6,112,172,668656,warm,methodology=cross_instance_parallel_clone;sweep_id=sweep-20260918T224520Z;arch=arm64;condition=with_gt;local_nvme=true;n_timed=20;suite_id=s06m;clone_run_index=16
2026-09-18,fastvep,0.3.0,1kg_highcov_chr21_multisample,GRCh38,r8gd.8xlarge,17,201.550,2259.1,112,107,675140,warm,methodology=cross_instance_parallel_clone;sweep_id=sweep-20260918T224520Z;arch=arm64;condition=with_gt;local_nvme=true;n_timed=20;suite_id=s06m;clone_run_index=17
2026-09-18,fastvep,0.3.0,1kg_highcov_chr21_multisample,GRCh38,r8gd.8xlarge,18,201.160,2263.7,112,107,680456,warm,methodology=cross_instance_parallel_clone;sweep_id=sweep-20260918T224520Z;arch=arm64;condition=with_gt;local_nvme=true;n_timed=20;suite_id=s06m;clone_run_index=18
2026-09-18,fastvep,0.3.0,1kg_highcov_chr21_multisample,GRCh38,r8gd.8xlarge,19,202.100,2260.1,112,115,679845,warm,methodology=cross_instance_parallel_clone;sweep_id=sweep-20260918T224520Z;arch=arm64;condition=with_gt;local_nvme=true;n_timed=20;suite_id=s06m;clone_run_index=19
2026-09-18,fastvep,0.3.0,1kg_highcov_chr21_multisample,GRCh38,r8gd.8xlarge,20,208.720,2260.6,112,120,678497,warm,methodology=cross_instance_parallel_clone;sweep_id=sweep-20260918T224520Z;arch=arm64;condition=with_gt;local_nvme=true;n_timed=20;suite_id=s06m;clone_run_index=20
2026-09-18,fastvep,0.3.0,1kg_highcov_chr21_multisample,GRCh38,r8gd.8xlarge,median_of_20,201.590,2260.3,,,,warm,methodology=cross_instance_parallel_clone;sweep_id=sweep-20260918T224520Z;arch=arm64;condition=with_gt;local_nvme=true;n_timed=20;suite_id=s06m;p5=199.431;p25=200.570;p75=204.550;p95=208.612;min=199.420;max=208.720;n_clones=20;warmup_run_discarded_per_clone=1;p95_p5_ratio=1.046
2026-09-18,fastvep,0.3.0,1kg_highcov_chr21_multisample,GRCh38,r8id.8xlarge,1,158.070,2260.6,115,53,675124,warm,methodology=cross_instance_parallel_clone;sweep_id=sweep-20260918T224520Z;arch=x86_64;condition=with_gt;local_nvme=true;n_timed=20;suite_id=s06m;clone_run_index=1
2026-09-18,fastvep,0.3.0,1kg_highcov_chr21_multisample,GRCh38,r8id.8xlarge,2,156.180,2259.0,116,41,683210,warm,methodology=cross_instance_parallel_clone;sweep_id=sweep-20260918T224520Z;arch=x86_64;condition=with_gt;local_nvme=true;n_timed=20;suite_id=s06m;clone_run_index=2
2026-09-18,fastvep,0.3.0,1kg_highcov_chr21_multisample,GRCh38,r8id.8xlarge,3,155.890,2262.5,115,49,671125,warm,methodology=cross_instance_parallel_clone;sweep_id=sweep-20260918T224520Z;arch=x86_64;condition=with_gt;local_nvme=true;n_timed=20;suite_id=s06m;clone_run_index=3
2026-09-18,fastvep,0.3.0,1kg_highcov_chr21_multisample,GRCh38,r8id.8xlarge,4,149.750,2262.8,116,18,670290,warm,methodology=cross_instance_parallel_clone;sweep_id=sweep-20260918T224520Z;arch=x86_64;condition=with_gt;local_nvme=true;n_timed=20;suite_id=s06m;clone_run_index=4
2026-09-18,fastvep,0.3.0,1kg_highcov_chr21_multisample,GRCh38,r8id.8xlarge,5,152.470,2262.9,116,29,674686,warm,methodology=cross_instance_parallel_clone;sweep_id=sweep-20260918T224520Z;arch=x86_64;condition=with_gt;local_nvme=true;n_timed=20;suite_id=s06m;clone_run_index=5
2026-09-18,fastvep,0.3.0,1kg_highcov_chr21_multisample,GRCh38,r8id.8xlarge,6,149.850,2258.0,116,48,673701,warm,methodology=cross_instance_parallel_clone;sweep_id=sweep-20260918T224520Z;arch=x86_64;condition=with_gt;local_nvme=true;n_timed=20;suite_id=s06m;clone_run_index=6
2026-09-18,fastvep,0.3.0,1kg_highcov_chr21_multisample,GRCh38,r8id.8xlarge,7,153.160,2261.3,115,44,669878,warm,methodology=cross_instance_parallel_clone;sweep_id=sweep-20260918T224520Z;arch=x86_64;condition=with_gt;local_nvme=true;n_timed=20;suite_id=s06m;clone_run_index=7
2026-09-18,fastvep,0.3.0,1kg_highcov_chr21_multisample,GRCh38,r8id.8xlarge,8,157.520,2258.6,116,20,669833,warm,methodology=cross_instance_parallel_clone;sweep_id=sweep-20260918T224520Z;arch=x86_64;condition=with_gt;local_nvme=true;n_timed=20;suite_id=s06m;clone_run_index=8
2026-09-18,fastvep,0.3.0,1kg_highcov_chr21_multisample,GRCh38,r8id.8xlarge,9,154.640,2258.0,116,30,671810,warm,methodology=cross_instance_parallel_clone;sweep_id=sweep-20260918T224520Z;arch=x86_64;condition=with_gt;local_nvme=true;n_timed=20;suite_id=s06m;clone_run_index=9
2026-09-18,fastvep,0.3.0,1kg_highcov_chr21_multisample,GRCh38,r8id.8xlarge,10,154.550,2262.1,116,37,673425,warm,methodology=cross_instance_parallel_clone;sweep_id=sweep-20260918T224520Z;arch=x86_64;condition=with_gt;local_nvme=true;n_timed=20;suite_id=s06m;clone_run_index=10
2026-09-18,fastvep,0.3.0,1kg_highcov_chr21_multisample,GRCh38,r8id.8xlarge,11,150.460,2260.7,116,21,674312,warm,methodology=cross_instance_parallel_clone;sweep_id=sweep-20260918T224520Z;arch=x86_64;condition=with_gt;local_nvme=true;n_timed=20;suite_id=s06m;clone_run_index=11
2026-09-18,fastvep,0.3.0,1kg_highcov_chr21_multisample,GRCh38,r8id.8xlarge,12,158.110,2260.6,115,21,672120,warm,methodology=cross_instance_parallel_clone;sweep_id=sweep-20260918T224520Z;arch=x86_64;condition=with_gt;local_nvme=true;n_timed=20;suite_id=s06m;clone_run_index=12
2026-09-18,fastvep,0.3.0,1kg_highcov_chr21_multisample,GRCh38,r8id.8xlarge,13,156.980,2259.8,116,42,678159,warm,methodology=cross_instance_parallel_clone;sweep_id=sweep-20260918T224520Z;arch=x86_64;condition=with_gt;local_nvme=true;n_timed=20;suite_id=s06m;clone_run_index=13
2026-09-18,fastvep,0.3.0,1kg_highcov_chr21_multisample,GRCh38,r8id.8xlarge,14,157.630,2263.4,116,33,674426,warm,methodology=cross_instance_parallel_clone;sweep_id=sweep-20260918T224520Z;arch=x86_64;condition=with_gt;local_nvme=true;n_timed=20;suite_id=s06m;clone_run_index=14
2026-09-18,fastvep,0.3.0,1kg_highcov_chr21_multisample,GRCh38,r8id.8xlarge,15,152.110,2264.4,115,56,675797,warm,methodology=cross_instance_parallel_clone;sweep_id=sweep-20260918T224520Z;arch=x86_64;condition=with_gt;local_nvme=true;n_timed=20;suite_id=s06m;clone_run_index=15
2026-09-18,fastvep,0.3.0,1kg_highcov_chr21_multisample,GRCh38,r8id.8xlarge,16,152.450,2260.0,116,46,677434,warm,methodology=cross_instance_parallel_clone;sweep_id=sweep-20260918T224520Z;arch=x86_64;condition=with_gt;local_nvme=true;n_timed=20;suite_id=s06m;clone_run_index=16
2026-09-18,fastvep,0.3.0,1kg_highcov_chr21_multisample,GRCh38,r8id.8xlarge,17,154.110,2260.2,116,47,670878,warm,methodology=cross_instance_parallel_clone;sweep_id=sweep-20260918T224520Z;arch=x86_64;condition=with_gt;local_nvme=true;n_timed=20;suite_id=s06m;clone_run_index=17
2026-09-18,fastvep,0.3.0,1kg_highcov_chr21_multisample,GRCh38,r8id.8xlarge,18,156.030,2256.7,115,49,675148,warm,methodology=cross_instance_parallel_clone;sweep_id=sweep-20260918T224520Z;arch=x86_64;condition=with_gt;local_nvme=true;n_timed=20;suite_id=s06m;clone_run_index=18
2026-09-18,fastvep,0.3.0,1kg_highcov_chr21_multisample,GRCh38,r8id.8xlarge,19,156.690,2261.0,116,55,676147,warm,methodology=cross_instance_parallel_clone;sweep_id=sweep-20260918T224520Z;arch=x86_64;condition=with_gt;local_nvme=true;n_timed=20;suite_id=s06m;clone_run_index=19
2026-09-18,fastvep,0.3.0,1kg_highcov_chr21_multisample,GRCh38,r8id.8xlarge,20,152.260,2261.7,115,27,671946,warm,methodology=cross_instance_parallel_clone;sweep_id=sweep-20260918T224520Z;arch=x86_64;condition=with_gt;local_nvme=true;n_timed=20;suite_id=s06m;clone_run_index=20
2026-09-18,fastvep,0.3.0,1kg_highcov_chr21_multisample,GRCh38,r8id.8xlarge,median_of_20,154.595,2260.6,,,,warm,methodology=cross_instance_parallel_clone;sweep_id=sweep-20260918T224520Z;arch=x86_64;condition=with_gt;local_nvme=true;n_timed=20;suite_id=s06m;p5=149.755;p25=152.307;p75=156.907;p95=158.108;min=149.750;max=158.110;n_clones=20;warmup_run_discarded_per_clone=1;p95_p5_ratio=1.056
2026-09-18,perl,release_115.2,clinvar_grch37,GRCh37,r8gd.8xlarge,1,957.250,,,,,warm,methodology=cross_instance_parallel_clone;sweep_id=sweep-20260918T224520Z;arch=arm64;condition=sites_only;local_nvme=true;n_timed=20;suite_id=s01;clone_run_index=1
2026-09-18,perl,release_115.2,clinvar_grch37,GRCh37,r8gd.8xlarge,2,957.940,,,,,warm,methodology=cross_instance_parallel_clone;sweep_id=sweep-20260918T224520Z;arch=arm64;condition=sites_only;local_nvme=true;n_timed=20;suite_id=s01;clone_run_index=2
2026-09-18,perl,release_115.2,clinvar_grch37,GRCh37,r8gd.8xlarge,3,952.950,,,,,warm,methodology=cross_instance_parallel_clone;sweep_id=sweep-20260918T224520Z;arch=arm64;condition=sites_only;local_nvme=true;n_timed=20;suite_id=s01;clone_run_index=3
2026-09-18,perl,release_115.2,clinvar_grch37,GRCh37,r8gd.8xlarge,4,961.350,,,,,warm,methodology=cross_instance_parallel_clone;sweep_id=sweep-20260918T224520Z;arch=arm64;condition=sites_only;local_nvme=true;n_timed=20;suite_id=s01;clone_run_index=4
2026-09-18,perl,release_115.2,clinvar_grch37,GRCh37,r8gd.8xlarge,5,952.860,,,,,warm,methodology=cross_instance_parallel_clone;sweep_id=sweep-20260918T224520Z;arch=arm64;condition=sites_only;local_nvme=true;n_timed=20;suite_id=s01;clone_run_index=5
2026-09-18,perl,release_115.2,clinvar_grch37,GRCh37,r8gd.8xlarge,6,966.180,,,,,warm,methodology=cross_instance_parallel_clone;sweep_id=sweep-20260918T224520Z;arch=arm64;condition=sites_only;local_nvme=true;n_timed=20;suite_id=s01;clone_run_index=6
2026-09-18,perl,release_115.2,clinvar_grch37,GRCh37,r8gd.8xlarge,7,957.180,,,,,warm,methodology=cross_instance_parallel_clone;sweep_id=sweep-20260918T224520Z;arch=arm64;condition=sites_only;local_nvme=true;n_timed=20;suite_id=s01;clone_run_index=7
2026-09-18,perl,release_115.2,clinvar_grch37,GRCh37,r8gd.8xlarge,8,961.770,,,,,warm,methodology=cross_instance_parallel_clone;sweep_id=sweep-20260918T224520Z;arch=arm64;condition=sites_only;local_nvme=true;n_timed=20;suite_id=s01;clone_run_index=8
2026-09-18,perl,release_115.2,clinvar_grch37,GRCh37,r8gd.8xlarge,9,949.280,,,,,warm,methodology=cross_instance_parallel_clone;sweep_id=sweep-20260918T224520Z;arch=arm64;condition=sites_only;local_nvme=true;n_timed=20;suite_id=s01;clone_run_index=9
2026-09-18,perl,release_115.2,clinvar_grch37,GRCh37,r8gd.8xlarge,10,972.230,,,,,warm,methodology=cross_instance_parallel_clone;sweep_id=sweep-20260918T224520Z;arch=arm64;condition=sites_only;local_nvme=true;n_timed=20;suite_id=s01;clone_run_index=10
2026-09-18,perl,release_115.2,clinvar_grch37,GRCh37,r8gd.8xlarge,11,964.940,,,,,warm,methodology=cross_instance_parallel_clone;sweep_id=sweep-20260918T224520Z;arch=arm64;condition=sites_only;local_nvme=true;n_timed=20;suite_id=s01;clone_run_index=11
2026-09-18,perl,release_115.2,clinvar_grch37,GRCh37,r8gd.8xlarge,12,943.110,,,,,warm,methodology=cross_instance_parallel_clone;sweep_id=sweep-20260918T224520Z;arch=arm64;condition=sites_only;local_nvme=true;n_timed=20;suite_id=s01;clone_run_index=12
2026-09-18,perl,release_115.2,clinvar_grch37,GRCh37,r8gd.8xlarge,13,972.200,,,,,warm,methodology=cross_instance_parallel_clone;sweep_id=sweep-20260918T224520Z;arch=arm64;condition=sites_only;local_nvme=true;n_timed=20;suite_id=s01;clone_run_index=13
2026-09-18,perl,release_115.2,clinvar_grch37,GRCh37,r8gd.8xlarge,14,1035.970,,,,,warm,methodology=cross_instance_parallel_clone;sweep_id=sweep-20260918T224520Z;arch=arm64;condition=sites_only;local_nvme=true;n_timed=20;suite_id=s01;clone_run_index=14
2026-09-18,perl,release_115.2,clinvar_grch37,GRCh37,r8gd.8xlarge,15,988.790,,,,,warm,methodology=cross_instance_parallel_clone;sweep_id=sweep-20260918T224520Z;arch=arm64;condition=sites_only;local_nvme=true;n_timed=20;suite_id=s01;clone_run_index=15
2026-09-18,perl,release_115.2,clinvar_grch37,GRCh37,r8gd.8xlarge,16,952.930,,,,,warm,methodology=cross_instance_parallel_clone;sweep_id=sweep-20260918T224520Z;arch=arm64;condition=sites_only;local_nvme=true;n_timed=20;suite_id=s01;clone_run_index=16
2026-09-18,perl,release_115.2,clinvar_grch37,GRCh37,r8gd.8xlarge,17,964.790,,,,,warm,methodology=cross_instance_parallel_clone;sweep_id=sweep-20260918T224520Z;arch=arm64;condition=sites_only;local_nvme=true;n_timed=20;suite_id=s01;clone_run_index=17
2026-09-18,perl,release_115.2,clinvar_grch37,GRCh37,r8gd.8xlarge,18,957.590,,,,,warm,methodology=cross_instance_parallel_clone;sweep_id=sweep-20260918T224520Z;arch=arm64;condition=sites_only;local_nvme=true;n_timed=20;suite_id=s01;clone_run_index=18
2026-09-18,perl,release_115.2,clinvar_grch37,GRCh37,r8gd.8xlarge,19,965.400,,,,,warm,methodology=cross_instance_parallel_clone;sweep_id=sweep-20260918T224520Z;arch=arm64;condition=sites_only;local_nvme=true;n_timed=20;suite_id=s01;clone_run_index=19
2026-09-18,perl,release_115.2,clinvar_grch37,GRCh37,r8gd.8xlarge,20,960.800,,,,,warm,methodology=cross_instance_parallel_clone;sweep_id=sweep-20260918T224520Z;arch=arm64;condition=sites_only;local_nvme=true;n_timed=20;suite_id=s01;clone_run_index=20
2026-09-18,perl,release_115.2,clinvar_grch37,GRCh37,r8gd.8xlarge,median_of_20,961.075,,,,,warm,methodology=cross_instance_parallel_clone;sweep_id=sweep-20260918T224520Z;arch=arm64;condition=sites_only;local_nvme=true;n_timed=20;suite_id=s01;p5=943.419;p25=954.008;p75=965.985;p95=1033.611;min=943.110;max=1035.970;n_clones=20;warmup_run_discarded_per_clone=1;p95_p5_ratio=1.096
2026-09-18,perl,release_115.2,clinvar_grch37,GRCh37,r8id.8xlarge,1,834.350,,,,,warm,methodology=cross_instance_parallel_clone;sweep_id=sweep-20260918T224520Z;arch=x86_64;condition=sites_only;local_nvme=true;n_timed=20;suite_id=s01;clone_run_index=1
2026-09-18,perl,release_115.2,clinvar_grch37,GRCh37,r8id.8xlarge,2,839.210,,,,,warm,methodology=cross_instance_parallel_clone;sweep_id=sweep-20260918T224520Z;arch=x86_64;condition=sites_only;local_nvme=true;n_timed=20;suite_id=s01;clone_run_index=2
2026-09-18,perl,release_115.2,clinvar_grch37,GRCh37,r8id.8xlarge,3,849.400,,,,,warm,methodology=cross_instance_parallel_clone;sweep_id=sweep-20260918T224520Z;arch=x86_64;condition=sites_only;local_nvme=true;n_timed=20;suite_id=s01;clone_run_index=3
2026-09-18,perl,release_115.2,clinvar_grch37,GRCh37,r8id.8xlarge,4,878.500,,,,,warm,methodology=cross_instance_parallel_clone;sweep_id=sweep-20260918T224520Z;arch=x86_64;condition=sites_only;local_nvme=true;n_timed=20;suite_id=s01;clone_run_index=4
2026-09-18,perl,release_115.2,clinvar_grch37,GRCh37,r8id.8xlarge,5,847.860,,,,,warm,methodology=cross_instance_parallel_clone;sweep_id=sweep-20260918T224520Z;arch=x86_64;condition=sites_only;local_nvme=true;n_timed=20;suite_id=s01;clone_run_index=5
2026-09-18,perl,release_115.2,clinvar_grch37,GRCh37,r8id.8xlarge,6,851.780,,,,,warm,methodology=cross_instance_parallel_clone;sweep_id=sweep-20260918T224520Z;arch=x86_64;condition=sites_only;local_nvme=true;n_timed=20;suite_id=s01;clone_run_index=6
2026-09-18,perl,release_115.2,clinvar_grch37,GRCh37,r8id.8xlarge,7,855.640,,,,,warm,methodology=cross_instance_parallel_clone;sweep_id=sweep-20260918T224520Z;arch=x86_64;condition=sites_only;local_nvme=true;n_timed=20;suite_id=s01;clone_run_index=7
2026-09-18,perl,release_115.2,clinvar_grch37,GRCh37,r8id.8xlarge,8,850.120,,,,,warm,methodology=cross_instance_parallel_clone;sweep_id=sweep-20260918T224520Z;arch=x86_64;condition=sites_only;local_nvme=true;n_timed=20;suite_id=s01;clone_run_index=8
2026-09-18,perl,release_115.2,clinvar_grch37,GRCh37,r8id.8xlarge,9,847.840,,,,,warm,methodology=cross_instance_parallel_clone;sweep_id=sweep-20260918T224520Z;arch=x86_64;condition=sites_only;local_nvme=true;n_timed=20;suite_id=s01;clone_run_index=9
2026-09-18,perl,release_115.2,clinvar_grch37,GRCh37,r8id.8xlarge,10,877.980,,,,,warm,methodology=cross_instance_parallel_clone;sweep_id=sweep-20260918T224520Z;arch=x86_64;condition=sites_only;local_nvme=true;n_timed=20;suite_id=s01;clone_run_index=10
2026-09-18,perl,release_115.2,clinvar_grch37,GRCh37,r8id.8xlarge,11,841.690,,,,,warm,methodology=cross_instance_parallel_clone;sweep_id=sweep-20260918T224520Z;arch=x86_64;condition=sites_only;local_nvme=true;n_timed=20;suite_id=s01;clone_run_index=11
2026-09-18,perl,release_115.2,clinvar_grch37,GRCh37,r8id.8xlarge,12,846.910,,,,,warm,methodology=cross_instance_parallel_clone;sweep_id=sweep-20260918T224520Z;arch=x86_64;condition=sites_only;local_nvme=true;n_timed=20;suite_id=s01;clone_run_index=12
2026-09-18,perl,release_115.2,clinvar_grch37,GRCh37,r8id.8xlarge,13,849.810,,,,,warm,methodology=cross_instance_parallel_clone;sweep_id=sweep-20260918T224520Z;arch=x86_64;condition=sites_only;local_nvme=true;n_timed=20;suite_id=s01;clone_run_index=13
2026-09-18,perl,release_115.2,clinvar_grch37,GRCh37,r8id.8xlarge,14,837.590,,,,,warm,methodology=cross_instance_parallel_clone;sweep_id=sweep-20260918T224520Z;arch=x86_64;condition=sites_only;local_nvme=true;n_timed=20;suite_id=s01;clone_run_index=14
2026-09-18,perl,release_115.2,clinvar_grch37,GRCh37,r8id.8xlarge,15,835.750,,,,,warm,methodology=cross_instance_parallel_clone;sweep_id=sweep-20260918T224520Z;arch=x86_64;condition=sites_only;local_nvme=true;n_timed=20;suite_id=s01;clone_run_index=15
2026-09-18,perl,release_115.2,clinvar_grch37,GRCh37,r8id.8xlarge,16,882.210,,,,,warm,methodology=cross_instance_parallel_clone;sweep_id=sweep-20260918T224520Z;arch=x86_64;condition=sites_only;local_nvme=true;n_timed=20;suite_id=s01;clone_run_index=16
2026-09-18,perl,release_115.2,clinvar_grch37,GRCh37,r8id.8xlarge,17,866.830,,,,,warm,methodology=cross_instance_parallel_clone;sweep_id=sweep-20260918T224520Z;arch=x86_64;condition=sites_only;local_nvme=true;n_timed=20;suite_id=s01;clone_run_index=17
2026-09-18,perl,release_115.2,clinvar_grch37,GRCh37,r8id.8xlarge,18,876.650,,,,,warm,methodology=cross_instance_parallel_clone;sweep_id=sweep-20260918T224520Z;arch=x86_64;condition=sites_only;local_nvme=true;n_timed=20;suite_id=s01;clone_run_index=18
2026-09-18,perl,release_115.2,clinvar_grch37,GRCh37,r8id.8xlarge,19,874.050,,,,,warm,methodology=cross_instance_parallel_clone;sweep_id=sweep-20260918T224520Z;arch=x86_64;condition=sites_only;local_nvme=true;n_timed=20;suite_id=s01;clone_run_index=19
2026-09-18,perl,release_115.2,clinvar_grch37,GRCh37,r8id.8xlarge,20,887.240,,,,,warm,methodology=cross_instance_parallel_clone;sweep_id=sweep-20260918T224520Z;arch=x86_64;condition=sites_only;local_nvme=true;n_timed=20;suite_id=s01;clone_run_index=20
2026-09-18,perl,release_115.2,clinvar_grch37,GRCh37,r8id.8xlarge,median_of_20,849.965,,,,,warm,methodology=cross_instance_parallel_clone;sweep_id=sweep-20260918T224520Z;arch=x86_64;condition=sites_only;local_nvme=true;n_timed=20;suite_id=s01;p5=834.420;p25=842.995;p75=876.000;p95=886.989;min=834.350;max=887.240;n_clones=20;warmup_run_discarded_per_clone=1;p95_p5_ratio=1.063
2026-09-18,perl,release_115.2,clinvar_grch38,GRCh38,r8gd.8xlarge,1,2701.650,,,,,warm,methodology=cross_instance_parallel_clone;sweep_id=sweep-20260918T224520Z;arch=arm64;condition=sites_only;local_nvme=true;n_timed=20;suite_id=s02;clone_run_index=1
2026-09-18,perl,release_115.2,clinvar_grch38,GRCh38,r8gd.8xlarge,2,2709.430,,,,,warm,methodology=cross_instance_parallel_clone;sweep_id=sweep-20260918T224520Z;arch=arm64;condition=sites_only;local_nvme=true;n_timed=20;suite_id=s02;clone_run_index=2
2026-09-18,perl,release_115.2,clinvar_grch38,GRCh38,r8gd.8xlarge,3,2717.430,,,,,warm,methodology=cross_instance_parallel_clone;sweep_id=sweep-20260918T224520Z;arch=arm64;condition=sites_only;local_nvme=true;n_timed=20;suite_id=s02;clone_run_index=3
2026-09-18,perl,release_115.2,clinvar_grch38,GRCh38,r8gd.8xlarge,4,2722.820,,,,,warm,methodology=cross_instance_parallel_clone;sweep_id=sweep-20260918T224520Z;arch=arm64;condition=sites_only;local_nvme=true;n_timed=20;suite_id=s02;clone_run_index=4
2026-09-18,perl,release_115.2,clinvar_grch38,GRCh38,r8gd.8xlarge,5,2690.730,,,,,warm,methodology=cross_instance_parallel_clone;sweep_id=sweep-20260918T224520Z;arch=arm64;condition=sites_only;local_nvme=true;n_timed=20;suite_id=s02;clone_run_index=5
2026-09-18,perl,release_115.2,clinvar_grch38,GRCh38,r8gd.8xlarge,6,2746.240,,,,,warm,methodology=cross_instance_parallel_clone;sweep_id=sweep-20260918T224520Z;arch=arm64;condition=sites_only;local_nvme=true;n_timed=20;suite_id=s02;clone_run_index=6
2026-09-18,perl,release_115.2,clinvar_grch38,GRCh38,r8gd.8xlarge,7,2721.190,,,,,warm,methodology=cross_instance_parallel_clone;sweep_id=sweep-20260918T224520Z;arch=arm64;condition=sites_only;local_nvme=true;n_timed=20;suite_id=s02;clone_run_index=7
2026-09-18,perl,release_115.2,clinvar_grch38,GRCh38,r8gd.8xlarge,8,2753.800,,,,,warm,methodology=cross_instance_parallel_clone;sweep_id=sweep-20260918T224520Z;arch=arm64;condition=sites_only;local_nvme=true;n_timed=20;suite_id=s02;clone_run_index=8
2026-09-18,perl,release_115.2,clinvar_grch38,GRCh38,r8gd.8xlarge,9,2697.340,,,,,warm,methodology=cross_instance_parallel_clone;sweep_id=sweep-20260918T224520Z;arch=arm64;condition=sites_only;local_nvme=true;n_timed=20;suite_id=s02;clone_run_index=9
2026-09-18,perl,release_115.2,clinvar_grch38,GRCh38,r8gd.8xlarge,10,2780.980,,,,,warm,methodology=cross_instance_parallel_clone;sweep_id=sweep-20260918T224520Z;arch=arm64;condition=sites_only;local_nvme=true;n_timed=20;suite_id=s02;clone_run_index=10
2026-09-18,perl,release_115.2,clinvar_grch38,GRCh38,r8gd.8xlarge,11,2754.000,,,,,warm,methodology=cross_instance_parallel_clone;sweep_id=sweep-20260918T224520Z;arch=arm64;condition=sites_only;local_nvme=true;n_timed=20;suite_id=s02;clone_run_index=11
2026-09-18,perl,release_115.2,clinvar_grch38,GRCh38,r8gd.8xlarge,12,2680.350,,,,,warm,methodology=cross_instance_parallel_clone;sweep_id=sweep-20260918T224520Z;arch=arm64;condition=sites_only;local_nvme=true;n_timed=20;suite_id=s02;clone_run_index=12
2026-09-18,perl,release_115.2,clinvar_grch38,GRCh38,r8gd.8xlarge,13,2828.670,,,,,warm,methodology=cross_instance_parallel_clone;sweep_id=sweep-20260918T224520Z;arch=arm64;condition=sites_only;local_nvme=true;n_timed=20;suite_id=s02;clone_run_index=13
2026-09-18,perl,release_115.2,clinvar_grch38,GRCh38,r8gd.8xlarge,14,2716.220,,,,,warm,methodology=cross_instance_parallel_clone;sweep_id=sweep-20260918T224520Z;arch=arm64;condition=sites_only;local_nvme=true;n_timed=20;suite_id=s02;clone_run_index=14
2026-09-18,perl,release_115.2,clinvar_grch38,GRCh38,r8gd.8xlarge,15,2791.740,,,,,warm,methodology=cross_instance_parallel_clone;sweep_id=sweep-20260918T224520Z;arch=arm64;condition=sites_only;local_nvme=true;n_timed=20;suite_id=s02;clone_run_index=15
2026-09-18,perl,release_115.2,clinvar_grch38,GRCh38,r8gd.8xlarge,16,2708.720,,,,,warm,methodology=cross_instance_parallel_clone;sweep_id=sweep-20260918T224520Z;arch=arm64;condition=sites_only;local_nvme=true;n_timed=20;suite_id=s02;clone_run_index=16
2026-09-18,perl,release_115.2,clinvar_grch38,GRCh38,r8gd.8xlarge,17,2769.610,,,,,warm,methodology=cross_instance_parallel_clone;sweep_id=sweep-20260918T224520Z;arch=arm64;condition=sites_only;local_nvme=true;n_timed=20;suite_id=s02;clone_run_index=17
2026-09-18,perl,release_115.2,clinvar_grch38,GRCh38,r8gd.8xlarge,18,2763.970,,,,,warm,methodology=cross_instance_parallel_clone;sweep_id=sweep-20260918T224520Z;arch=arm64;condition=sites_only;local_nvme=true;n_timed=20;suite_id=s02;clone_run_index=18
2026-09-18,perl,release_115.2,clinvar_grch38,GRCh38,r8gd.8xlarge,19,2748.130,,,,,warm,methodology=cross_instance_parallel_clone;sweep_id=sweep-20260918T224520Z;arch=arm64;condition=sites_only;local_nvme=true;n_timed=20;suite_id=s02;clone_run_index=19
2026-09-18,perl,release_115.2,clinvar_grch38,GRCh38,r8gd.8xlarge,20,2711.040,,,,,warm,methodology=cross_instance_parallel_clone;sweep_id=sweep-20260918T224520Z;arch=arm64;condition=sites_only;local_nvme=true;n_timed=20;suite_id=s02;clone_run_index=20
2026-09-18,perl,release_115.2,clinvar_grch38,GRCh38,r8gd.8xlarge,median_of_20,2722.005,,,,,warm,methodology=cross_instance_parallel_clone;sweep_id=sweep-20260918T224520Z;arch=arm64;condition=sites_only;local_nvme=true;n_timed=20;suite_id=s02;p5=2680.869;p25=2708.898;p75=2761.478;p95=2826.824;min=2680.350;max=2828.670;n_clones=20;warmup_run_discarded_per_clone=1;p95_p5_ratio=1.054
2026-09-18,perl,release_115.2,clinvar_grch38,GRCh38,r8id.8xlarge,1,2356.110,,,,,warm,methodology=cross_instance_parallel_clone;sweep_id=sweep-20260918T224520Z;arch=x86_64;condition=sites_only;local_nvme=true;n_timed=20;suite_id=s02;clone_run_index=1
2026-09-18,perl,release_115.2,clinvar_grch38,GRCh38,r8id.8xlarge,2,2338.390,,,,,warm,methodology=cross_instance_parallel_clone;sweep_id=sweep-20260918T224520Z;arch=x86_64;condition=sites_only;local_nvme=true;n_timed=20;suite_id=s02;clone_run_index=2
2026-09-18,perl,release_115.2,clinvar_grch38,GRCh38,r8id.8xlarge,3,2384.830,,,,,warm,methodology=cross_instance_parallel_clone;sweep_id=sweep-20260918T224520Z;arch=x86_64;condition=sites_only;local_nvme=true;n_timed=20;suite_id=s02;clone_run_index=3
2026-09-18,perl,release_115.2,clinvar_grch38,GRCh38,r8id.8xlarge,4,2464.270,,,,,warm,methodology=cross_instance_parallel_clone;sweep_id=sweep-20260918T224520Z;arch=x86_64;condition=sites_only;local_nvme=true;n_timed=20;suite_id=s02;clone_run_index=4
2026-09-18,perl,release_115.2,clinvar_grch38,GRCh38,r8id.8xlarge,5,2337.680,,,,,warm,methodology=cross_instance_parallel_clone;sweep_id=sweep-20260918T224520Z;arch=x86_64;condition=sites_only;local_nvme=true;n_timed=20;suite_id=s02;clone_run_index=5
2026-09-18,perl,release_115.2,clinvar_grch38,GRCh38,r8id.8xlarge,6,2380.260,,,,,warm,methodology=cross_instance_parallel_clone;sweep_id=sweep-20260918T224520Z;arch=x86_64;condition=sites_only;local_nvme=true;n_timed=20;suite_id=s02;clone_run_index=6
2026-09-18,perl,release_115.2,clinvar_grch38,GRCh38,r8id.8xlarge,7,2384.000,,,,,warm,methodology=cross_instance_parallel_clone;sweep_id=sweep-20260918T224520Z;arch=x86_64;condition=sites_only;local_nvme=true;n_timed=20;suite_id=s02;clone_run_index=7
2026-09-18,perl,release_115.2,clinvar_grch38,GRCh38,r8id.8xlarge,8,2376.430,,,,,warm,methodology=cross_instance_parallel_clone;sweep_id=sweep-20260918T224520Z;arch=x86_64;condition=sites_only;local_nvme=true;n_timed=20;suite_id=s02;clone_run_index=8
2026-09-18,perl,release_115.2,clinvar_grch38,GRCh38,r8id.8xlarge,9,2367.660,,,,,warm,methodology=cross_instance_parallel_clone;sweep_id=sweep-20260918T224520Z;arch=x86_64;condition=sites_only;local_nvme=true;n_timed=20;suite_id=s02;clone_run_index=9
2026-09-18,perl,release_115.2,clinvar_grch38,GRCh38,r8id.8xlarge,10,2454.810,,,,,warm,methodology=cross_instance_parallel_clone;sweep_id=sweep-20260918T224520Z;arch=x86_64;condition=sites_only;local_nvme=true;n_timed=20;suite_id=s02;clone_run_index=10
2026-09-18,perl,release_115.2,clinvar_grch38,GRCh38,r8id.8xlarge,11,2343.300,,,,,warm,methodology=cross_instance_parallel_clone;sweep_id=sweep-20260918T224520Z;arch=x86_64;condition=sites_only;local_nvme=true;n_timed=20;suite_id=s02;clone_run_index=11
2026-09-18,perl,release_115.2,clinvar_grch38,GRCh38,r8id.8xlarge,12,2384.460,,,,,warm,methodology=cross_instance_parallel_clone;sweep_id=sweep-20260918T224520Z;arch=x86_64;condition=sites_only;local_nvme=true;n_timed=20;suite_id=s02;clone_run_index=12
2026-09-18,perl,release_115.2,clinvar_grch38,GRCh38,r8id.8xlarge,13,2356.150,,,,,warm,methodology=cross_instance_parallel_clone;sweep_id=sweep-20260918T224520Z;arch=x86_64;condition=sites_only;local_nvme=true;n_timed=20;suite_id=s02;clone_run_index=13
2026-09-18,perl,release_115.2,clinvar_grch38,GRCh38,r8id.8xlarge,14,2331.510,,,,,warm,methodology=cross_instance_parallel_clone;sweep_id=sweep-20260918T224520Z;arch=x86_64;condition=sites_only;local_nvme=true;n_timed=20;suite_id=s02;clone_run_index=14
2026-09-18,perl,release_115.2,clinvar_grch38,GRCh38,r8id.8xlarge,15,2334.350,,,,,warm,methodology=cross_instance_parallel_clone;sweep_id=sweep-20260918T224520Z;arch=x86_64;condition=sites_only;local_nvme=true;n_timed=20;suite_id=s02;clone_run_index=15
2026-09-18,perl,release_115.2,clinvar_grch38,GRCh38,r8id.8xlarge,16,2451.360,,,,,warm,methodology=cross_instance_parallel_clone;sweep_id=sweep-20260918T224520Z;arch=x86_64;condition=sites_only;local_nvme=true;n_timed=20;suite_id=s02;clone_run_index=16
2026-09-18,perl,release_115.2,clinvar_grch38,GRCh38,r8id.8xlarge,17,2372.670,,,,,warm,methodology=cross_instance_parallel_clone;sweep_id=sweep-20260918T224520Z;arch=x86_64;condition=sites_only;local_nvme=true;n_timed=20;suite_id=s02;clone_run_index=17
2026-09-18,perl,release_115.2,clinvar_grch38,GRCh38,r8id.8xlarge,18,2444.140,,,,,warm,methodology=cross_instance_parallel_clone;sweep_id=sweep-20260918T224520Z;arch=x86_64;condition=sites_only;local_nvme=true;n_timed=20;suite_id=s02;clone_run_index=18
2026-09-18,perl,release_115.2,clinvar_grch38,GRCh38,r8id.8xlarge,19,2439.140,,,,,warm,methodology=cross_instance_parallel_clone;sweep_id=sweep-20260918T224520Z;arch=x86_64;condition=sites_only;local_nvme=true;n_timed=20;suite_id=s02;clone_run_index=19
2026-09-18,perl,release_115.2,clinvar_grch38,GRCh38,r8id.8xlarge,20,2446.190,,,,,warm,methodology=cross_instance_parallel_clone;sweep_id=sweep-20260918T224520Z;arch=x86_64;condition=sites_only;local_nvme=true;n_timed=20;suite_id=s02;clone_run_index=20
2026-09-18,perl,release_115.2,clinvar_grch38,GRCh38,r8id.8xlarge,median_of_20,2378.345,,,,,warm,methodology=cross_instance_parallel_clone;sweep_id=sweep-20260918T224520Z;arch=x86_64;condition=sites_only;local_nvme=true;n_timed=20;suite_id=s02;p5=2331.652;p25=2346.503;p75=2442.890;p95=2463.797;min=2331.510;max=2464.270;n_clones=20;warmup_run_discarded_per_clone=1;p95_p5_ratio=1.057
2026-09-18,perl,release_115.2,gnomad_v2.1.1_chr21,GRCh37,r8gd.8xlarge,1,1494.450,,,,,warm,methodology=cross_instance_parallel_clone;sweep_id=sweep-20260918T224520Z;arch=arm64;condition=sites_only;local_nvme=true;n_timed=20;suite_id=s03;clone_run_index=1
2026-09-18,perl,release_115.2,gnomad_v2.1.1_chr21,GRCh37,r8gd.8xlarge,2,1501.640,,,,,warm,methodology=cross_instance_parallel_clone;sweep_id=sweep-20260918T224520Z;arch=arm64;condition=sites_only;local_nvme=true;n_timed=20;suite_id=s03;clone_run_index=2
2026-09-18,perl,release_115.2,gnomad_v2.1.1_chr21,GRCh37,r8gd.8xlarge,3,1500.180,,,,,warm,methodology=cross_instance_parallel_clone;sweep_id=sweep-20260918T224520Z;arch=arm64;condition=sites_only;local_nvme=true;n_timed=20;suite_id=s03;clone_run_index=3
2026-09-18,perl,release_115.2,gnomad_v2.1.1_chr21,GRCh37,r8gd.8xlarge,4,1507.620,,,,,warm,methodology=cross_instance_parallel_clone;sweep_id=sweep-20260918T224520Z;arch=arm64;condition=sites_only;local_nvme=true;n_timed=20;suite_id=s03;clone_run_index=4
2026-09-18,perl,release_115.2,gnomad_v2.1.1_chr21,GRCh37,r8gd.8xlarge,5,1491.390,,,,,warm,methodology=cross_instance_parallel_clone;sweep_id=sweep-20260918T224520Z;arch=arm64;condition=sites_only;local_nvme=true;n_timed=20;suite_id=s03;clone_run_index=5
2026-09-18,perl,release_115.2,gnomad_v2.1.1_chr21,GRCh37,r8gd.8xlarge,6,1524.790,,,,,warm,methodology=cross_instance_parallel_clone;sweep_id=sweep-20260918T224520Z;arch=arm64;condition=sites_only;local_nvme=true;n_timed=20;suite_id=s03;clone_run_index=6
2026-09-18,perl,release_115.2,gnomad_v2.1.1_chr21,GRCh37,r8gd.8xlarge,7,1498.460,,,,,warm,methodology=cross_instance_parallel_clone;sweep_id=sweep-20260918T224520Z;arch=arm64;condition=sites_only;local_nvme=true;n_timed=20;suite_id=s03;clone_run_index=7
2026-09-18,perl,release_115.2,gnomad_v2.1.1_chr21,GRCh37,r8gd.8xlarge,8,1492.460,,,,,warm,methodology=cross_instance_parallel_clone;sweep_id=sweep-20260918T224520Z;arch=arm64;condition=sites_only;local_nvme=true;n_timed=20;suite_id=s03;clone_run_index=8
2026-09-18,perl,release_115.2,gnomad_v2.1.1_chr21,GRCh37,r8gd.8xlarge,9,1505.770,,,,,warm,methodology=cross_instance_parallel_clone;sweep_id=sweep-20260918T224520Z;arch=arm64;condition=sites_only;local_nvme=true;n_timed=20;suite_id=s03;clone_run_index=9
2026-09-18,perl,release_115.2,gnomad_v2.1.1_chr21,GRCh37,r8gd.8xlarge,10,1517.570,,,,,warm,methodology=cross_instance_parallel_clone;sweep_id=sweep-20260918T224520Z;arch=arm64;condition=sites_only;local_nvme=true;n_timed=20;suite_id=s03;clone_run_index=10
2026-09-18,perl,release_115.2,gnomad_v2.1.1_chr21,GRCh37,r8gd.8xlarge,11,1491.570,,,,,warm,methodology=cross_instance_parallel_clone;sweep_id=sweep-20260918T224520Z;arch=arm64;condition=sites_only;local_nvme=true;n_timed=20;suite_id=s03;clone_run_index=11
2026-09-18,perl,release_115.2,gnomad_v2.1.1_chr21,GRCh37,r8gd.8xlarge,12,1490.310,,,,,warm,methodology=cross_instance_parallel_clone;sweep_id=sweep-20260918T224520Z;arch=arm64;condition=sites_only;local_nvme=true;n_timed=20;suite_id=s03;clone_run_index=12
2026-09-18,perl,release_115.2,gnomad_v2.1.1_chr21,GRCh37,r8gd.8xlarge,13,1510.210,,,,,warm,methodology=cross_instance_parallel_clone;sweep_id=sweep-20260918T224520Z;arch=arm64;condition=sites_only;local_nvme=true;n_timed=20;suite_id=s03;clone_run_index=13
2026-09-18,perl,release_115.2,gnomad_v2.1.1_chr21,GRCh37,r8gd.8xlarge,14,1497.570,,,,,warm,methodology=cross_instance_parallel_clone;sweep_id=sweep-20260918T224520Z;arch=arm64;condition=sites_only;local_nvme=true;n_timed=20;suite_id=s03;clone_run_index=14
2026-09-18,perl,release_115.2,gnomad_v2.1.1_chr21,GRCh37,r8gd.8xlarge,15,1550.270,,,,,warm,methodology=cross_instance_parallel_clone;sweep_id=sweep-20260918T224520Z;arch=arm64;condition=sites_only;local_nvme=true;n_timed=20;suite_id=s03;clone_run_index=15
2026-09-18,perl,release_115.2,gnomad_v2.1.1_chr21,GRCh37,r8gd.8xlarge,16,1491.990,,,,,warm,methodology=cross_instance_parallel_clone;sweep_id=sweep-20260918T224520Z;arch=arm64;condition=sites_only;local_nvme=true;n_timed=20;suite_id=s03;clone_run_index=16
2026-09-18,perl,release_115.2,gnomad_v2.1.1_chr21,GRCh37,r8gd.8xlarge,17,1510.190,,,,,warm,methodology=cross_instance_parallel_clone;sweep_id=sweep-20260918T224520Z;arch=arm64;condition=sites_only;local_nvme=true;n_timed=20;suite_id=s03;clone_run_index=17
2026-09-18,perl,release_115.2,gnomad_v2.1.1_chr21,GRCh37,r8gd.8xlarge,18,1541.350,,,,,warm,methodology=cross_instance_parallel_clone;sweep_id=sweep-20260918T224520Z;arch=arm64;condition=sites_only;local_nvme=true;n_timed=20;suite_id=s03;clone_run_index=18
2026-09-18,perl,release_115.2,gnomad_v2.1.1_chr21,GRCh37,r8gd.8xlarge,19,1484.660,,,,,warm,methodology=cross_instance_parallel_clone;sweep_id=sweep-20260918T224520Z;arch=arm64;condition=sites_only;local_nvme=true;n_timed=20;suite_id=s03;clone_run_index=19
2026-09-18,perl,release_115.2,gnomad_v2.1.1_chr21,GRCh37,r8gd.8xlarge,20,1534.050,,,,,warm,methodology=cross_instance_parallel_clone;sweep_id=sweep-20260918T224520Z;arch=arm64;condition=sites_only;local_nvme=true;n_timed=20;suite_id=s03;clone_run_index=20
2026-09-18,perl,release_115.2,gnomad_v2.1.1_chr21,GRCh37,r8gd.8xlarge,median_of_20,1500.910,,,,,warm,methodology=cross_instance_parallel_clone;sweep_id=sweep-20260918T224520Z;arch=arm64;condition=sites_only;local_nvme=true;n_timed=20;suite_id=s03;p5=1484.943;p25=1492.107;p75=1515.730;p95=1549.824;min=1484.660;max=1550.270;n_clones=20;warmup_run_discarded_per_clone=1;p95_p5_ratio=1.044
2026-09-18,perl,release_115.2,gnomad_v2.1.1_chr21,GRCh37,r8id.8xlarge,1,1333.820,,,,,warm,methodology=cross_instance_parallel_clone;sweep_id=sweep-20260918T224520Z;arch=x86_64;condition=sites_only;local_nvme=true;n_timed=20;suite_id=s03;clone_run_index=1
2026-09-18,perl,release_115.2,gnomad_v2.1.1_chr21,GRCh37,r8id.8xlarge,2,1319.650,,,,,warm,methodology=cross_instance_parallel_clone;sweep_id=sweep-20260918T224520Z;arch=x86_64;condition=sites_only;local_nvme=true;n_timed=20;suite_id=s03;clone_run_index=2
2026-09-18,perl,release_115.2,gnomad_v2.1.1_chr21,GRCh37,r8id.8xlarge,3,1340.590,,,,,warm,methodology=cross_instance_parallel_clone;sweep_id=sweep-20260918T224520Z;arch=x86_64;condition=sites_only;local_nvme=true;n_timed=20;suite_id=s03;clone_run_index=3
2026-09-18,perl,release_115.2,gnomad_v2.1.1_chr21,GRCh37,r8id.8xlarge,4,1343.210,,,,,warm,methodology=cross_instance_parallel_clone;sweep_id=sweep-20260918T224520Z;arch=x86_64;condition=sites_only;local_nvme=true;n_timed=20;suite_id=s03;clone_run_index=4
2026-09-18,perl,release_115.2,gnomad_v2.1.1_chr21,GRCh37,r8id.8xlarge,5,1324.140,,,,,warm,methodology=cross_instance_parallel_clone;sweep_id=sweep-20260918T224520Z;arch=x86_64;condition=sites_only;local_nvme=true;n_timed=20;suite_id=s03;clone_run_index=5
2026-09-18,perl,release_115.2,gnomad_v2.1.1_chr21,GRCh37,r8id.8xlarge,6,1384.690,,,,,warm,methodology=cross_instance_parallel_clone;sweep_id=sweep-20260918T224520Z;arch=x86_64;condition=sites_only;local_nvme=true;n_timed=20;suite_id=s03;clone_run_index=6
2026-09-18,perl,release_115.2,gnomad_v2.1.1_chr21,GRCh37,r8id.8xlarge,7,1359.260,,,,,warm,methodology=cross_instance_parallel_clone;sweep_id=sweep-20260918T224520Z;arch=x86_64;condition=sites_only;local_nvme=true;n_timed=20;suite_id=s03;clone_run_index=7
2026-09-18,perl,release_115.2,gnomad_v2.1.1_chr21,GRCh37,r8id.8xlarge,8,1346.050,,,,,warm,methodology=cross_instance_parallel_clone;sweep_id=sweep-20260918T224520Z;arch=x86_64;condition=sites_only;local_nvme=true;n_timed=20;suite_id=s03;clone_run_index=8
2026-09-18,perl,release_115.2,gnomad_v2.1.1_chr21,GRCh37,r8id.8xlarge,9,1343.980,,,,,warm,methodology=cross_instance_parallel_clone;sweep_id=sweep-20260918T224520Z;arch=x86_64;condition=sites_only;local_nvme=true;n_timed=20;suite_id=s03;clone_run_index=9
2026-09-18,perl,release_115.2,gnomad_v2.1.1_chr21,GRCh37,r8id.8xlarge,10,1371.090,,,,,warm,methodology=cross_instance_parallel_clone;sweep_id=sweep-20260918T224520Z;arch=x86_64;condition=sites_only;local_nvme=true;n_timed=20;suite_id=s03;clone_run_index=10
2026-09-18,perl,release_115.2,gnomad_v2.1.1_chr21,GRCh37,r8id.8xlarge,11,1325.860,,,,,warm,methodology=cross_instance_parallel_clone;sweep_id=sweep-20260918T224520Z;arch=x86_64;condition=sites_only;local_nvme=true;n_timed=20;suite_id=s03;clone_run_index=11
2026-09-18,perl,release_115.2,gnomad_v2.1.1_chr21,GRCh37,r8id.8xlarge,12,1339.110,,,,,warm,methodology=cross_instance_parallel_clone;sweep_id=sweep-20260918T224520Z;arch=x86_64;condition=sites_only;local_nvme=true;n_timed=20;suite_id=s03;clone_run_index=12
2026-09-18,perl,release_115.2,gnomad_v2.1.1_chr21,GRCh37,r8id.8xlarge,13,1380.240,,,,,warm,methodology=cross_instance_parallel_clone;sweep_id=sweep-20260918T224520Z;arch=x86_64;condition=sites_only;local_nvme=true;n_timed=20;suite_id=s03;clone_run_index=13
2026-09-18,perl,release_115.2,gnomad_v2.1.1_chr21,GRCh37,r8id.8xlarge,14,1317.940,,,,,warm,methodology=cross_instance_parallel_clone;sweep_id=sweep-20260918T224520Z;arch=x86_64;condition=sites_only;local_nvme=true;n_timed=20;suite_id=s03;clone_run_index=14
2026-09-18,perl,release_115.2,gnomad_v2.1.1_chr21,GRCh37,r8id.8xlarge,15,1329.590,,,,,warm,methodology=cross_instance_parallel_clone;sweep_id=sweep-20260918T224520Z;arch=x86_64;condition=sites_only;local_nvme=true;n_timed=20;suite_id=s03;clone_run_index=15
2026-09-18,perl,release_115.2,gnomad_v2.1.1_chr21,GRCh37,r8id.8xlarge,16,1325.190,,,,,warm,methodology=cross_instance_parallel_clone;sweep_id=sweep-20260918T224520Z;arch=x86_64;condition=sites_only;local_nvme=true;n_timed=20;suite_id=s03;clone_run_index=16
2026-09-18,perl,release_115.2,gnomad_v2.1.1_chr21,GRCh37,r8id.8xlarge,17,1342.640,,,,,warm,methodology=cross_instance_parallel_clone;sweep_id=sweep-20260918T224520Z;arch=x86_64;condition=sites_only;local_nvme=true;n_timed=20;suite_id=s03;clone_run_index=17
2026-09-18,perl,release_115.2,gnomad_v2.1.1_chr21,GRCh37,r8id.8xlarge,18,1332.680,,,,,warm,methodology=cross_instance_parallel_clone;sweep_id=sweep-20260918T224520Z;arch=x86_64;condition=sites_only;local_nvme=true;n_timed=20;suite_id=s03;clone_run_index=18
2026-09-18,perl,release_115.2,gnomad_v2.1.1_chr21,GRCh37,r8id.8xlarge,19,1348.860,,,,,warm,methodology=cross_instance_parallel_clone;sweep_id=sweep-20260918T224520Z;arch=x86_64;condition=sites_only;local_nvme=true;n_timed=20;suite_id=s03;clone_run_index=19
2026-09-18,perl,release_115.2,gnomad_v2.1.1_chr21,GRCh37,r8id.8xlarge,20,1354.090,,,,,warm,methodology=cross_instance_parallel_clone;sweep_id=sweep-20260918T224520Z;arch=x86_64;condition=sites_only;local_nvme=true;n_timed=20;suite_id=s03;clone_run_index=20
2026-09-18,perl,release_115.2,gnomad_v2.1.1_chr21,GRCh37,r8id.8xlarge,median_of_20,1341.615,,,,,warm,methodology=cross_instance_parallel_clone;sweep_id=sweep-20260918T224520Z;arch=x86_64;condition=sites_only;local_nvme=true;n_timed=20;suite_id=s03;p5=1318.026;p25=1326.793;p75=1352.782;p95=1384.468;min=1317.940;max=1384.690;n_clones=20;warmup_run_discarded_per_clone=1;p95_p5_ratio=1.050
2026-09-18,perl,release_115.2,gnomad_v4.1_chr21,GRCh38,r8gd.8xlarge,1,3948.000,,,,,warm,methodology=cross_instance_parallel_clone;sweep_id=sweep-20260918T224520Z;arch=arm64;condition=sites_only;local_nvme=true;n_timed=20;suite_id=s04;clone_run_index=1
2026-09-18,perl,release_115.2,gnomad_v4.1_chr21,GRCh38,r8gd.8xlarge,2,3950.000,,,,,warm,methodology=cross_instance_parallel_clone;sweep_id=sweep-20260918T224520Z;arch=arm64;condition=sites_only;local_nvme=true;n_timed=20;suite_id=s04;clone_run_index=2
2026-09-18,perl,release_115.2,gnomad_v4.1_chr21,GRCh38,r8gd.8xlarge,3,3955.000,,,,,warm,methodology=cross_instance_parallel_clone;sweep_id=sweep-20260918T224520Z;arch=arm64;condition=sites_only;local_nvme=true;n_timed=20;suite_id=s04;clone_run_index=3
2026-09-18,perl,release_115.2,gnomad_v4.1_chr21,GRCh38,r8gd.8xlarge,4,3945.000,,,,,warm,methodology=cross_instance_parallel_clone;sweep_id=sweep-20260918T224520Z;arch=arm64;condition=sites_only;local_nvme=true;n_timed=20;suite_id=s04;clone_run_index=4
2026-09-18,perl,release_115.2,gnomad_v4.1_chr21,GRCh38,r8gd.8xlarge,5,3929.000,,,,,warm,methodology=cross_instance_parallel_clone;sweep_id=sweep-20260918T224520Z;arch=arm64;condition=sites_only;local_nvme=true;n_timed=20;suite_id=s04;clone_run_index=5
2026-09-18,perl,release_115.2,gnomad_v4.1_chr21,GRCh38,r8gd.8xlarge,6,3993.000,,,,,warm,methodology=cross_instance_parallel_clone;sweep_id=sweep-20260918T224520Z;arch=arm64;condition=sites_only;local_nvme=true;n_timed=20;suite_id=s04;clone_run_index=6
2026-09-18,perl,release_115.2,gnomad_v4.1_chr21,GRCh38,r8gd.8xlarge,7,3973.000,,,,,warm,methodology=cross_instance_parallel_clone;sweep_id=sweep-20260918T224520Z;arch=arm64;condition=sites_only;local_nvme=true;n_timed=20;suite_id=s04;clone_run_index=7
2026-09-18,perl,release_115.2,gnomad_v4.1_chr21,GRCh38,r8gd.8xlarge,8,3963.000,,,,,warm,methodology=cross_instance_parallel_clone;sweep_id=sweep-20260918T224520Z;arch=arm64;condition=sites_only;local_nvme=true;n_timed=20;suite_id=s04;clone_run_index=8
2026-09-18,perl,release_115.2,gnomad_v4.1_chr21,GRCh38,r8gd.8xlarge,9,3891.000,,,,,warm,methodology=cross_instance_parallel_clone;sweep_id=sweep-20260918T224520Z;arch=arm64;condition=sites_only;local_nvme=true;n_timed=20;suite_id=s04;clone_run_index=9
2026-09-18,perl,release_115.2,gnomad_v4.1_chr21,GRCh38,r8gd.8xlarge,10,3981.000,,,,,warm,methodology=cross_instance_parallel_clone;sweep_id=sweep-20260918T224520Z;arch=arm64;condition=sites_only;local_nvme=true;n_timed=20;suite_id=s04;clone_run_index=10
2026-09-18,perl,release_115.2,gnomad_v4.1_chr21,GRCh38,r8gd.8xlarge,11,3970.000,,,,,warm,methodology=cross_instance_parallel_clone;sweep_id=sweep-20260918T224520Z;arch=arm64;condition=sites_only;local_nvme=true;n_timed=20;suite_id=s04;clone_run_index=11
2026-09-18,perl,release_115.2,gnomad_v4.1_chr21,GRCh38,r8gd.8xlarge,12,3882.000,,,,,warm,methodology=cross_instance_parallel_clone;sweep_id=sweep-20260918T224520Z;arch=arm64;condition=sites_only;local_nvme=true;n_timed=20;suite_id=s04;clone_run_index=12
2026-09-18,perl,release_115.2,gnomad_v4.1_chr21,GRCh38,r8gd.8xlarge,13,3978.000,,,,,warm,methodology=cross_instance_parallel_clone;sweep_id=sweep-20260918T224520Z;arch=arm64;condition=sites_only;local_nvme=true;n_timed=20;suite_id=s04;clone_run_index=13
2026-09-18,perl,release_115.2,gnomad_v4.1_chr21,GRCh38,r8gd.8xlarge,14,3940.000,,,,,warm,methodology=cross_instance_parallel_clone;sweep_id=sweep-20260918T224520Z;arch=arm64;condition=sites_only;local_nvme=true;n_timed=20;suite_id=s04;clone_run_index=14
2026-09-18,perl,release_115.2,gnomad_v4.1_chr21,GRCh38,r8gd.8xlarge,15,4047.000,,,,,warm,methodology=cross_instance_parallel_clone;sweep_id=sweep-20260918T224520Z;arch=arm64;condition=sites_only;local_nvme=true;n_timed=20;suite_id=s04;clone_run_index=15
2026-09-18,perl,release_115.2,gnomad_v4.1_chr21,GRCh38,r8gd.8xlarge,16,3916.000,,,,,warm,methodology=cross_instance_parallel_clone;sweep_id=sweep-20260918T224520Z;arch=arm64;condition=sites_only;local_nvme=true;n_timed=20;suite_id=s04;clone_run_index=16
2026-09-18,perl,release_115.2,gnomad_v4.1_chr21,GRCh38,r8gd.8xlarge,17,3989.000,,,,,warm,methodology=cross_instance_parallel_clone;sweep_id=sweep-20260918T224520Z;arch=arm64;condition=sites_only;local_nvme=true;n_timed=20;suite_id=s04;clone_run_index=17
2026-09-18,perl,release_115.2,gnomad_v4.1_chr21,GRCh38,r8gd.8xlarge,18,4001.000,,,,,warm,methodology=cross_instance_parallel_clone;sweep_id=sweep-20260918T224520Z;arch=arm64;condition=sites_only;local_nvme=true;n_timed=20;suite_id=s04;clone_run_index=18
2026-09-18,perl,release_115.2,gnomad_v4.1_chr21,GRCh38,r8gd.8xlarge,19,3951.000,,,,,warm,methodology=cross_instance_parallel_clone;sweep_id=sweep-20260918T224520Z;arch=arm64;condition=sites_only;local_nvme=true;n_timed=20;suite_id=s04;clone_run_index=19
2026-09-18,perl,release_115.2,gnomad_v4.1_chr21,GRCh38,r8gd.8xlarge,20,3924.000,,,,,warm,methodology=cross_instance_parallel_clone;sweep_id=sweep-20260918T224520Z;arch=arm64;condition=sites_only;local_nvme=true;n_timed=20;suite_id=s04;clone_run_index=20
2026-09-18,perl,release_115.2,gnomad_v4.1_chr21,GRCh38,r8gd.8xlarge,median_of_20,3953.000,,,,,warm,methodology=cross_instance_parallel_clone;sweep_id=sweep-20260918T224520Z;arch=arm64;condition=sites_only;local_nvme=true;n_timed=20;suite_id=s04;p5=3882.450;p25=3931.750;p75=3980.250;p95=4044.700;min=3882.000;max=4047.000;n_clones=20;warmup_run_discarded_per_clone=1;p95_p5_ratio=1.042
2026-09-18,perl,release_115.2,gnomad_v4.1_chr21,GRCh38,r8id.8xlarge,1,3218.820,,,,,warm,methodology=cross_instance_parallel_clone;sweep_id=sweep-20260918T224520Z;arch=x86_64;condition=sites_only;local_nvme=true;n_timed=20;suite_id=s04;clone_run_index=1
2026-09-18,perl,release_115.2,gnomad_v4.1_chr21,GRCh38,r8id.8xlarge,2,3207.340,,,,,warm,methodology=cross_instance_parallel_clone;sweep_id=sweep-20260918T224520Z;arch=x86_64;condition=sites_only;local_nvme=true;n_timed=20;suite_id=s04;clone_run_index=2
2026-09-18,perl,release_115.2,gnomad_v4.1_chr21,GRCh38,r8id.8xlarge,3,3367.600,,,,,warm,methodology=cross_instance_parallel_clone;sweep_id=sweep-20260918T224520Z;arch=x86_64;condition=sites_only;local_nvme=true;n_timed=20;suite_id=s04;clone_run_index=3
2026-09-18,perl,release_115.2,gnomad_v4.1_chr21,GRCh38,r8id.8xlarge,4,3386.290,,,,,warm,methodology=cross_instance_parallel_clone;sweep_id=sweep-20260918T224520Z;arch=x86_64;condition=sites_only;local_nvme=true;n_timed=20;suite_id=s04;clone_run_index=4
2026-09-18,perl,release_115.2,gnomad_v4.1_chr21,GRCh38,r8id.8xlarge,5,3215.510,,,,,warm,methodology=cross_instance_parallel_clone;sweep_id=sweep-20260918T224520Z;arch=x86_64;condition=sites_only;local_nvme=true;n_timed=20;suite_id=s04;clone_run_index=5
2026-09-18,perl,release_115.2,gnomad_v4.1_chr21,GRCh38,r8id.8xlarge,6,3246.480,,,,,warm,methodology=cross_instance_parallel_clone;sweep_id=sweep-20260918T224520Z;arch=x86_64;condition=sites_only;local_nvme=true;n_timed=20;suite_id=s04;clone_run_index=6
2026-09-18,perl,release_115.2,gnomad_v4.1_chr21,GRCh38,r8id.8xlarge,7,3300.480,,,,,warm,methodology=cross_instance_parallel_clone;sweep_id=sweep-20260918T224520Z;arch=x86_64;condition=sites_only;local_nvme=true;n_timed=20;suite_id=s04;clone_run_index=7
2026-09-18,perl,release_115.2,gnomad_v4.1_chr21,GRCh38,r8id.8xlarge,8,3294.230,,,,,warm,methodology=cross_instance_parallel_clone;sweep_id=sweep-20260918T224520Z;arch=x86_64;condition=sites_only;local_nvme=true;n_timed=20;suite_id=s04;clone_run_index=8
2026-09-18,perl,release_115.2,gnomad_v4.1_chr21,GRCh38,r8id.8xlarge,9,3242.760,,,,,warm,methodology=cross_instance_parallel_clone;sweep_id=sweep-20260918T224520Z;arch=x86_64;condition=sites_only;local_nvme=true;n_timed=20;suite_id=s04;clone_run_index=9
2026-09-18,perl,release_115.2,gnomad_v4.1_chr21,GRCh38,r8id.8xlarge,10,3373.770,,,,,warm,methodology=cross_instance_parallel_clone;sweep_id=sweep-20260918T224520Z;arch=x86_64;condition=sites_only;local_nvme=true;n_timed=20;suite_id=s04;clone_run_index=10
2026-09-18,perl,release_115.2,gnomad_v4.1_chr21,GRCh38,r8id.8xlarge,11,3205.840,,,,,warm,methodology=cross_instance_parallel_clone;sweep_id=sweep-20260918T224520Z;arch=x86_64;condition=sites_only;local_nvme=true;n_timed=20;suite_id=s04;clone_run_index=11
2026-09-18,perl,release_115.2,gnomad_v4.1_chr21,GRCh38,r8id.8xlarge,12,3204.420,,,,,warm,methodology=cross_instance_parallel_clone;sweep_id=sweep-20260918T224520Z;arch=x86_64;condition=sites_only;local_nvme=true;n_timed=20;suite_id=s04;clone_run_index=12
2026-09-18,perl,release_115.2,gnomad_v4.1_chr21,GRCh38,r8id.8xlarge,13,3269.940,,,,,warm,methodology=cross_instance_parallel_clone;sweep_id=sweep-20260918T224520Z;arch=x86_64;condition=sites_only;local_nvme=true;n_timed=20;suite_id=s04;clone_run_index=13
2026-09-18,perl,release_115.2,gnomad_v4.1_chr21,GRCh38,r8id.8xlarge,14,3206.840,,,,,warm,methodology=cross_instance_parallel_clone;sweep_id=sweep-20260918T224520Z;arch=x86_64;condition=sites_only;local_nvme=true;n_timed=20;suite_id=s04;clone_run_index=14
2026-09-18,perl,release_115.2,gnomad_v4.1_chr21,GRCh38,r8id.8xlarge,15,3194.570,,,,,warm,methodology=cross_instance_parallel_clone;sweep_id=sweep-20260918T224520Z;arch=x86_64;condition=sites_only;local_nvme=true;n_timed=20;suite_id=s04;clone_run_index=15
2026-09-18,perl,release_115.2,gnomad_v4.1_chr21,GRCh38,r8id.8xlarge,16,3413.490,,,,,warm,methodology=cross_instance_parallel_clone;sweep_id=sweep-20260918T224520Z;arch=x86_64;condition=sites_only;local_nvme=true;n_timed=20;suite_id=s04;clone_run_index=16
2026-09-18,perl,release_115.2,gnomad_v4.1_chr21,GRCh38,r8id.8xlarge,17,3283.090,,,,,warm,methodology=cross_instance_parallel_clone;sweep_id=sweep-20260918T224520Z;arch=x86_64;condition=sites_only;local_nvme=true;n_timed=20;suite_id=s04;clone_run_index=17
2026-09-18,perl,release_115.2,gnomad_v4.1_chr21,GRCh38,r8id.8xlarge,18,3391.420,,,,,warm,methodology=cross_instance_parallel_clone;sweep_id=sweep-20260918T224520Z;arch=x86_64;condition=sites_only;local_nvme=true;n_timed=20;suite_id=s04;clone_run_index=18
2026-09-18,perl,release_115.2,gnomad_v4.1_chr21,GRCh38,r8id.8xlarge,19,3404.520,,,,,warm,methodology=cross_instance_parallel_clone;sweep_id=sweep-20260918T224520Z;arch=x86_64;condition=sites_only;local_nvme=true;n_timed=20;suite_id=s04;clone_run_index=19
2026-09-18,perl,release_115.2,gnomad_v4.1_chr21,GRCh38,r8id.8xlarge,20,3377.470,,,,,warm,methodology=cross_instance_parallel_clone;sweep_id=sweep-20260918T224520Z;arch=x86_64;condition=sites_only;local_nvme=true;n_timed=20;suite_id=s04;clone_run_index=20
2026-09-18,perl,release_115.2,gnomad_v4.1_chr21,GRCh38,r8id.8xlarge,median_of_20,3276.515,,,,,warm,methodology=cross_instance_parallel_clone;sweep_id=sweep-20260918T224520Z;arch=x86_64;condition=sites_only;local_nvme=true;n_timed=20;suite_id=s04;p5=3195.063;p25=3209.383;p75=3376.545;p95=3413.042;min=3194.570;max=3413.490;n_clones=20;warmup_run_discarded_per_clone=1;p95_p5_ratio=1.068
2026-09-18,perl,release_115.2,1kg_integrated_chr21,GRCh37,r8gd.8xlarge,1,105.490,,,,,warm,methodology=cross_instance_parallel_clone;sweep_id=sweep-20260918T224520Z;arch=arm64;condition=sites_only;local_nvme=true;n_timed=20;suite_id=s05;clone_run_index=1
2026-09-18,perl,release_115.2,1kg_integrated_chr21,GRCh37,r8gd.8xlarge,2,108.670,,,,,warm,methodology=cross_instance_parallel_clone;sweep_id=sweep-20260918T224520Z;arch=arm64;condition=sites_only;local_nvme=true;n_timed=20;suite_id=s05;clone_run_index=2
2026-09-18,perl,release_115.2,1kg_integrated_chr21,GRCh37,r8gd.8xlarge,3,104.630,,,,,warm,methodology=cross_instance_parallel_clone;sweep_id=sweep-20260918T224520Z;arch=arm64;condition=sites_only;local_nvme=true;n_timed=20;suite_id=s05;clone_run_index=3
2026-09-18,perl,release_115.2,1kg_integrated_chr21,GRCh37,r8gd.8xlarge,4,105.800,,,,,warm,methodology=cross_instance_parallel_clone;sweep_id=sweep-20260918T224520Z;arch=arm64;condition=sites_only;local_nvme=true;n_timed=20;suite_id=s05;clone_run_index=4
2026-09-18,perl,release_115.2,1kg_integrated_chr21,GRCh37,r8gd.8xlarge,5,104.060,,,,,warm,methodology=cross_instance_parallel_clone;sweep_id=sweep-20260918T224520Z;arch=arm64;condition=sites_only;local_nvme=true;n_timed=20;suite_id=s05;clone_run_index=5
2026-09-18,perl,release_115.2,1kg_integrated_chr21,GRCh37,r8gd.8xlarge,6,108.220,,,,,warm,methodology=cross_instance_parallel_clone;sweep_id=sweep-20260918T224520Z;arch=arm64;condition=sites_only;local_nvme=true;n_timed=20;suite_id=s05;clone_run_index=6
2026-09-18,perl,release_115.2,1kg_integrated_chr21,GRCh37,r8gd.8xlarge,7,106.710,,,,,warm,methodology=cross_instance_parallel_clone;sweep_id=sweep-20260918T224520Z;arch=arm64;condition=sites_only;local_nvme=true;n_timed=20;suite_id=s05;clone_run_index=7
2026-09-18,perl,release_115.2,1kg_integrated_chr21,GRCh37,r8gd.8xlarge,8,106.370,,,,,warm,methodology=cross_instance_parallel_clone;sweep_id=sweep-20260918T224520Z;arch=arm64;condition=sites_only;local_nvme=true;n_timed=20;suite_id=s05;clone_run_index=8
2026-09-18,perl,release_115.2,1kg_integrated_chr21,GRCh37,r8gd.8xlarge,9,105.190,,,,,warm,methodology=cross_instance_parallel_clone;sweep_id=sweep-20260918T224520Z;arch=arm64;condition=sites_only;local_nvme=true;n_timed=20;suite_id=s05;clone_run_index=9
2026-09-18,perl,release_115.2,1kg_integrated_chr21,GRCh37,r8gd.8xlarge,10,107.410,,,,,warm,methodology=cross_instance_parallel_clone;sweep_id=sweep-20260918T224520Z;arch=arm64;condition=sites_only;local_nvme=true;n_timed=20;suite_id=s05;clone_run_index=10
2026-09-18,perl,release_115.2,1kg_integrated_chr21,GRCh37,r8gd.8xlarge,11,106.200,,,,,warm,methodology=cross_instance_parallel_clone;sweep_id=sweep-20260918T224520Z;arch=arm64;condition=sites_only;local_nvme=true;n_timed=20;suite_id=s05;clone_run_index=11
2026-09-18,perl,release_115.2,1kg_integrated_chr21,GRCh37,r8gd.8xlarge,12,103.850,,,,,warm,methodology=cross_instance_parallel_clone;sweep_id=sweep-20260918T224520Z;arch=arm64;condition=sites_only;local_nvme=true;n_timed=20;suite_id=s05;clone_run_index=12
2026-09-18,perl,release_115.2,1kg_integrated_chr21,GRCh37,r8gd.8xlarge,13,108.090,,,,,warm,methodology=cross_instance_parallel_clone;sweep_id=sweep-20260918T224520Z;arch=arm64;condition=sites_only;local_nvme=true;n_timed=20;suite_id=s05;clone_run_index=13
2026-09-18,perl,release_115.2,1kg_integrated_chr21,GRCh37,r8gd.8xlarge,14,105.900,,,,,warm,methodology=cross_instance_parallel_clone;sweep_id=sweep-20260918T224520Z;arch=arm64;condition=sites_only;local_nvme=true;n_timed=20;suite_id=s05;clone_run_index=14
2026-09-18,perl,release_115.2,1kg_integrated_chr21,GRCh37,r8gd.8xlarge,15,107.660,,,,,warm,methodology=cross_instance_parallel_clone;sweep_id=sweep-20260918T224520Z;arch=arm64;condition=sites_only;local_nvme=true;n_timed=20;suite_id=s05;clone_run_index=15
2026-09-18,perl,release_115.2,1kg_integrated_chr21,GRCh37,r8gd.8xlarge,16,104.700,,,,,warm,methodology=cross_instance_parallel_clone;sweep_id=sweep-20260918T224520Z;arch=arm64;condition=sites_only;local_nvme=true;n_timed=20;suite_id=s05;clone_run_index=16
2026-09-18,perl,release_115.2,1kg_integrated_chr21,GRCh37,r8gd.8xlarge,17,106.600,,,,,warm,methodology=cross_instance_parallel_clone;sweep_id=sweep-20260918T224520Z;arch=arm64;condition=sites_only;local_nvme=true;n_timed=20;suite_id=s05;clone_run_index=17
2026-09-18,perl,release_115.2,1kg_integrated_chr21,GRCh37,r8gd.8xlarge,18,104.590,,,,,warm,methodology=cross_instance_parallel_clone;sweep_id=sweep-20260918T224520Z;arch=arm64;condition=sites_only;local_nvme=true;n_timed=20;suite_id=s05;clone_run_index=18
2026-09-18,perl,release_115.2,1kg_integrated_chr21,GRCh37,r8gd.8xlarge,19,108.880,,,,,warm,methodology=cross_instance_parallel_clone;sweep_id=sweep-20260918T224520Z;arch=arm64;condition=sites_only;local_nvme=true;n_timed=20;suite_id=s05;clone_run_index=19
2026-09-18,perl,release_115.2,1kg_integrated_chr21,GRCh37,r8gd.8xlarge,20,107.380,,,,,warm,methodology=cross_instance_parallel_clone;sweep_id=sweep-20260918T224520Z;arch=arm64;condition=sites_only;local_nvme=true;n_timed=20;suite_id=s05;clone_run_index=20
2026-09-18,perl,release_115.2,1kg_integrated_chr21,GRCh37,r8gd.8xlarge,median_of_20,106.285,,,,,warm,methodology=cross_instance_parallel_clone;sweep_id=sweep-20260918T224520Z;arch=arm64;condition=sites_only;local_nvme=true;n_timed=20;suite_id=s05;p5=103.861;p25=104.822;p75=107.598;p95=108.869;min=103.850;max=108.880;n_clones=20;warmup_run_discarded_per_clone=1;p95_p5_ratio=1.048
2026-09-18,perl,release_115.2,1kg_integrated_chr21,GRCh37,r8id.8xlarge,1,83.640,,,,,warm,methodology=cross_instance_parallel_clone;sweep_id=sweep-20260918T224520Z;arch=x86_64;condition=sites_only;local_nvme=true;n_timed=20;suite_id=s05;clone_run_index=1
2026-09-18,perl,release_115.2,1kg_integrated_chr21,GRCh37,r8id.8xlarge,2,83.640,,,,,warm,methodology=cross_instance_parallel_clone;sweep_id=sweep-20260918T224520Z;arch=x86_64;condition=sites_only;local_nvme=true;n_timed=20;suite_id=s05;clone_run_index=2
2026-09-18,perl,release_115.2,1kg_integrated_chr21,GRCh37,r8id.8xlarge,3,86.880,,,,,warm,methodology=cross_instance_parallel_clone;sweep_id=sweep-20260918T224520Z;arch=x86_64;condition=sites_only;local_nvme=true;n_timed=20;suite_id=s05;clone_run_index=3
2026-09-18,perl,release_115.2,1kg_integrated_chr21,GRCh37,r8id.8xlarge,4,88.470,,,,,warm,methodology=cross_instance_parallel_clone;sweep_id=sweep-20260918T224520Z;arch=x86_64;condition=sites_only;local_nvme=true;n_timed=20;suite_id=s05;clone_run_index=4
2026-09-18,perl,release_115.2,1kg_integrated_chr21,GRCh37,r8id.8xlarge,5,84.210,,,,,warm,methodology=cross_instance_parallel_clone;sweep_id=sweep-20260918T224520Z;arch=x86_64;condition=sites_only;local_nvme=true;n_timed=20;suite_id=s05;clone_run_index=5
2026-09-18,perl,release_115.2,1kg_integrated_chr21,GRCh37,r8id.8xlarge,6,85.050,,,,,warm,methodology=cross_instance_parallel_clone;sweep_id=sweep-20260918T224520Z;arch=x86_64;condition=sites_only;local_nvme=true;n_timed=20;suite_id=s05;clone_run_index=6
2026-09-18,perl,release_115.2,1kg_integrated_chr21,GRCh37,r8id.8xlarge,7,85.560,,,,,warm,methodology=cross_instance_parallel_clone;sweep_id=sweep-20260918T224520Z;arch=x86_64;condition=sites_only;local_nvme=true;n_timed=20;suite_id=s05;clone_run_index=7
2026-09-18,perl,release_115.2,1kg_integrated_chr21,GRCh37,r8id.8xlarge,8,86.560,,,,,warm,methodology=cross_instance_parallel_clone;sweep_id=sweep-20260918T224520Z;arch=x86_64;condition=sites_only;local_nvme=true;n_timed=20;suite_id=s05;clone_run_index=8
2026-09-18,perl,release_115.2,1kg_integrated_chr21,GRCh37,r8id.8xlarge,9,85.510,,,,,warm,methodology=cross_instance_parallel_clone;sweep_id=sweep-20260918T224520Z;arch=x86_64;condition=sites_only;local_nvme=true;n_timed=20;suite_id=s05;clone_run_index=9
2026-09-18,perl,release_115.2,1kg_integrated_chr21,GRCh37,r8id.8xlarge,10,90.060,,,,,warm,methodology=cross_instance_parallel_clone;sweep_id=sweep-20260918T224520Z;arch=x86_64;condition=sites_only;local_nvme=true;n_timed=20;suite_id=s05;clone_run_index=10
2026-09-18,perl,release_115.2,1kg_integrated_chr21,GRCh37,r8id.8xlarge,11,83.610,,,,,warm,methodology=cross_instance_parallel_clone;sweep_id=sweep-20260918T224520Z;arch=x86_64;condition=sites_only;local_nvme=true;n_timed=20;suite_id=s05;clone_run_index=11
2026-09-18,perl,release_115.2,1kg_integrated_chr21,GRCh37,r8id.8xlarge,12,83.840,,,,,warm,methodology=cross_instance_parallel_clone;sweep_id=sweep-20260918T224520Z;arch=x86_64;condition=sites_only;local_nvme=true;n_timed=20;suite_id=s05;clone_run_index=12
2026-09-18,perl,release_115.2,1kg_integrated_chr21,GRCh37,r8id.8xlarge,13,85.100,,,,,warm,methodology=cross_instance_parallel_clone;sweep_id=sweep-20260918T224520Z;arch=x86_64;condition=sites_only;local_nvme=true;n_timed=20;suite_id=s05;clone_run_index=13
2026-09-18,perl,release_115.2,1kg_integrated_chr21,GRCh37,r8id.8xlarge,14,83.330,,,,,warm,methodology=cross_instance_parallel_clone;sweep_id=sweep-20260918T224520Z;arch=x86_64;condition=sites_only;local_nvme=true;n_timed=20;suite_id=s05;clone_run_index=14
2026-09-18,perl,release_115.2,1kg_integrated_chr21,GRCh37,r8id.8xlarge,15,83.340,,,,,warm,methodology=cross_instance_parallel_clone;sweep_id=sweep-20260918T224520Z;arch=x86_64;condition=sites_only;local_nvme=true;n_timed=20;suite_id=s05;clone_run_index=15
2026-09-18,perl,release_115.2,1kg_integrated_chr21,GRCh37,r8id.8xlarge,16,86.460,,,,,warm,methodology=cross_instance_parallel_clone;sweep_id=sweep-20260918T224520Z;arch=x86_64;condition=sites_only;local_nvme=true;n_timed=20;suite_id=s05;clone_run_index=16
2026-09-18,perl,release_115.2,1kg_integrated_chr21,GRCh37,r8id.8xlarge,17,84.770,,,,,warm,methodology=cross_instance_parallel_clone;sweep_id=sweep-20260918T224520Z;arch=x86_64;condition=sites_only;local_nvme=true;n_timed=20;suite_id=s05;clone_run_index=17
2026-09-18,perl,release_115.2,1kg_integrated_chr21,GRCh37,r8id.8xlarge,18,90.620,,,,,warm,methodology=cross_instance_parallel_clone;sweep_id=sweep-20260918T224520Z;arch=x86_64;condition=sites_only;local_nvme=true;n_timed=20;suite_id=s05;clone_run_index=18
2026-09-18,perl,release_115.2,1kg_integrated_chr21,GRCh37,r8id.8xlarge,19,88.390,,,,,warm,methodology=cross_instance_parallel_clone;sweep_id=sweep-20260918T224520Z;arch=x86_64;condition=sites_only;local_nvme=true;n_timed=20;suite_id=s05;clone_run_index=19
2026-09-18,perl,release_115.2,1kg_integrated_chr21,GRCh37,r8id.8xlarge,20,87.900,,,,,warm,methodology=cross_instance_parallel_clone;sweep_id=sweep-20260918T224520Z;arch=x86_64;condition=sites_only;local_nvme=true;n_timed=20;suite_id=s05;clone_run_index=20
2026-09-18,perl,release_115.2,1kg_integrated_chr21,GRCh37,r8id.8xlarge,median_of_20,85.305,,,,,warm,methodology=cross_instance_parallel_clone;sweep_id=sweep-20260918T224520Z;arch=x86_64;condition=sites_only;local_nvme=true;n_timed=20;suite_id=s05;p5=83.331;p25=83.690;p75=87.645;p95=90.592;min=83.330;max=90.620;n_clones=20;warmup_run_discarded_per_clone=1;p95_p5_ratio=1.087
2026-09-18,perl,release_115.2,1kg_highcov_chr21,GRCh38,r8gd.8xlarge,1,248.550,,,,,warm,methodology=cross_instance_parallel_clone;sweep_id=sweep-20260918T224520Z;arch=arm64;condition=sites_only;local_nvme=true;n_timed=20;suite_id=s06;clone_run_index=1
2026-09-18,perl,release_115.2,1kg_highcov_chr21,GRCh38,r8gd.8xlarge,2,248.750,,,,,warm,methodology=cross_instance_parallel_clone;sweep_id=sweep-20260918T224520Z;arch=arm64;condition=sites_only;local_nvme=true;n_timed=20;suite_id=s06;clone_run_index=2
2026-09-18,perl,release_115.2,1kg_highcov_chr21,GRCh38,r8gd.8xlarge,3,249.020,,,,,warm,methodology=cross_instance_parallel_clone;sweep_id=sweep-20260918T224520Z;arch=arm64;condition=sites_only;local_nvme=true;n_timed=20;suite_id=s06;clone_run_index=3
2026-09-18,perl,release_115.2,1kg_highcov_chr21,GRCh38,r8gd.8xlarge,4,250.850,,,,,warm,methodology=cross_instance_parallel_clone;sweep_id=sweep-20260918T224520Z;arch=arm64;condition=sites_only;local_nvme=true;n_timed=20;suite_id=s06;clone_run_index=4
2026-09-18,perl,release_115.2,1kg_highcov_chr21,GRCh38,r8gd.8xlarge,5,246.050,,,,,warm,methodology=cross_instance_parallel_clone;sweep_id=sweep-20260918T224520Z;arch=arm64;condition=sites_only;local_nvme=true;n_timed=20;suite_id=s06;clone_run_index=5
2026-09-18,perl,release_115.2,1kg_highcov_chr21,GRCh38,r8gd.8xlarge,6,253.630,,,,,warm,methodology=cross_instance_parallel_clone;sweep_id=sweep-20260918T224520Z;arch=arm64;condition=sites_only;local_nvme=true;n_timed=20;suite_id=s06;clone_run_index=6
2026-09-18,perl,release_115.2,1kg_highcov_chr21,GRCh38,r8gd.8xlarge,7,248.970,,,,,warm,methodology=cross_instance_parallel_clone;sweep_id=sweep-20260918T224520Z;arch=arm64;condition=sites_only;local_nvme=true;n_timed=20;suite_id=s06;clone_run_index=7
2026-09-18,perl,release_115.2,1kg_highcov_chr21,GRCh38,r8gd.8xlarge,8,253.080,,,,,warm,methodology=cross_instance_parallel_clone;sweep_id=sweep-20260918T224520Z;arch=arm64;condition=sites_only;local_nvme=true;n_timed=20;suite_id=s06;clone_run_index=8
2026-09-18,perl,release_115.2,1kg_highcov_chr21,GRCh38,r8gd.8xlarge,9,247.600,,,,,warm,methodology=cross_instance_parallel_clone;sweep_id=sweep-20260918T224520Z;arch=arm64;condition=sites_only;local_nvme=true;n_timed=20;suite_id=s06;clone_run_index=9
2026-09-18,perl,release_115.2,1kg_highcov_chr21,GRCh38,r8gd.8xlarge,10,252.390,,,,,warm,methodology=cross_instance_parallel_clone;sweep_id=sweep-20260918T224520Z;arch=arm64;condition=sites_only;local_nvme=true;n_timed=20;suite_id=s06;clone_run_index=10
2026-09-18,perl,release_115.2,1kg_highcov_chr21,GRCh38,r8gd.8xlarge,11,249.280,,,,,warm,methodology=cross_instance_parallel_clone;sweep_id=sweep-20260918T224520Z;arch=arm64;condition=sites_only;local_nvme=true;n_timed=20;suite_id=s06;clone_run_index=11
2026-09-18,perl,release_115.2,1kg_highcov_chr21,GRCh38,r8gd.8xlarge,12,242.740,,,,,warm,methodology=cross_instance_parallel_clone;sweep_id=sweep-20260918T224520Z;arch=arm64;condition=sites_only;local_nvme=true;n_timed=20;suite_id=s06;clone_run_index=12
2026-09-18,perl,release_115.2,1kg_highcov_chr21,GRCh38,r8gd.8xlarge,13,254.120,,,,,warm,methodology=cross_instance_parallel_clone;sweep_id=sweep-20260918T224520Z;arch=arm64;condition=sites_only;local_nvme=true;n_timed=20;suite_id=s06;clone_run_index=13
2026-09-18,perl,release_115.2,1kg_highcov_chr21,GRCh38,r8gd.8xlarge,14,250.230,,,,,warm,methodology=cross_instance_parallel_clone;sweep_id=sweep-20260918T224520Z;arch=arm64;condition=sites_only;local_nvme=true;n_timed=20;suite_id=s06;clone_run_index=14
2026-09-18,perl,release_115.2,1kg_highcov_chr21,GRCh38,r8gd.8xlarge,15,254.090,,,,,warm,methodology=cross_instance_parallel_clone;sweep_id=sweep-20260918T224520Z;arch=arm64;condition=sites_only;local_nvme=true;n_timed=20;suite_id=s06;clone_run_index=15
2026-09-18,perl,release_115.2,1kg_highcov_chr21,GRCh38,r8gd.8xlarge,16,246.800,,,,,warm,methodology=cross_instance_parallel_clone;sweep_id=sweep-20260918T224520Z;arch=arm64;condition=sites_only;local_nvme=true;n_timed=20;suite_id=s06;clone_run_index=16
2026-09-18,perl,release_115.2,1kg_highcov_chr21,GRCh38,r8gd.8xlarge,17,253.520,,,,,warm,methodology=cross_instance_parallel_clone;sweep_id=sweep-20260918T224520Z;arch=arm64;condition=sites_only;local_nvme=true;n_timed=20;suite_id=s06;clone_run_index=17
2026-09-18,perl,release_115.2,1kg_highcov_chr21,GRCh38,r8gd.8xlarge,18,250.170,,,,,warm,methodology=cross_instance_parallel_clone;sweep_id=sweep-20260918T224520Z;arch=arm64;condition=sites_only;local_nvme=true;n_timed=20;suite_id=s06;clone_run_index=18
2026-09-18,perl,release_115.2,1kg_highcov_chr21,GRCh38,r8gd.8xlarge,19,246.370,,,,,warm,methodology=cross_instance_parallel_clone;sweep_id=sweep-20260918T224520Z;arch=arm64;condition=sites_only;local_nvme=true;n_timed=20;suite_id=s06;clone_run_index=19
2026-09-18,perl,release_115.2,1kg_highcov_chr21,GRCh38,r8gd.8xlarge,20,248.590,,,,,warm,methodology=cross_instance_parallel_clone;sweep_id=sweep-20260918T224520Z;arch=arm64;condition=sites_only;local_nvme=true;n_timed=20;suite_id=s06;clone_run_index=20
2026-09-18,perl,release_115.2,1kg_highcov_chr21,GRCh38,r8gd.8xlarge,median_of_20,249.150,,,,,warm,methodology=cross_instance_parallel_clone;sweep_id=sweep-20260918T224520Z;arch=arm64;condition=sites_only;local_nvme=true;n_timed=20;suite_id=s06;p5=242.906;p25=247.838;p75=252.907;p95=254.118;min=242.740;max=254.120;n_clones=20;warmup_run_discarded_per_clone=1;p95_p5_ratio=1.046
2026-09-18,perl,release_115.2,1kg_highcov_chr21,GRCh38,r8id.8xlarge,1,202.150,,,,,warm,methodology=cross_instance_parallel_clone;sweep_id=sweep-20260918T224520Z;arch=x86_64;condition=sites_only;local_nvme=true;n_timed=20;suite_id=s06;clone_run_index=1
2026-09-18,perl,release_115.2,1kg_highcov_chr21,GRCh38,r8id.8xlarge,2,199.790,,,,,warm,methodology=cross_instance_parallel_clone;sweep_id=sweep-20260918T224520Z;arch=x86_64;condition=sites_only;local_nvme=true;n_timed=20;suite_id=s06;clone_run_index=2
2026-09-18,perl,release_115.2,1kg_highcov_chr21,GRCh38,r8id.8xlarge,3,205.500,,,,,warm,methodology=cross_instance_parallel_clone;sweep_id=sweep-20260918T224520Z;arch=x86_64;condition=sites_only;local_nvme=true;n_timed=20;suite_id=s06;clone_run_index=3
2026-09-18,perl,release_115.2,1kg_highcov_chr21,GRCh38,r8id.8xlarge,4,214.780,,,,,warm,methodology=cross_instance_parallel_clone;sweep_id=sweep-20260918T224520Z;arch=x86_64;condition=sites_only;local_nvme=true;n_timed=20;suite_id=s06;clone_run_index=4
2026-09-18,perl,release_115.2,1kg_highcov_chr21,GRCh38,r8id.8xlarge,5,201.400,,,,,warm,methodology=cross_instance_parallel_clone;sweep_id=sweep-20260918T224520Z;arch=x86_64;condition=sites_only;local_nvme=true;n_timed=20;suite_id=s06;clone_run_index=5
2026-09-18,perl,release_115.2,1kg_highcov_chr21,GRCh38,r8id.8xlarge,6,205.100,,,,,warm,methodology=cross_instance_parallel_clone;sweep_id=sweep-20260918T224520Z;arch=x86_64;condition=sites_only;local_nvme=true;n_timed=20;suite_id=s06;clone_run_index=6
2026-09-18,perl,release_115.2,1kg_highcov_chr21,GRCh38,r8id.8xlarge,7,206.180,,,,,warm,methodology=cross_instance_parallel_clone;sweep_id=sweep-20260918T224520Z;arch=x86_64;condition=sites_only;local_nvme=true;n_timed=20;suite_id=s06;clone_run_index=7
2026-09-18,perl,release_115.2,1kg_highcov_chr21,GRCh38,r8id.8xlarge,8,208.320,,,,,warm,methodology=cross_instance_parallel_clone;sweep_id=sweep-20260918T224520Z;arch=x86_64;condition=sites_only;local_nvme=true;n_timed=20;suite_id=s06;clone_run_index=8
2026-09-18,perl,release_115.2,1kg_highcov_chr21,GRCh38,r8id.8xlarge,9,204.250,,,,,warm,methodology=cross_instance_parallel_clone;sweep_id=sweep-20260918T224520Z;arch=x86_64;condition=sites_only;local_nvme=true;n_timed=20;suite_id=s06;clone_run_index=9
2026-09-18,perl,release_115.2,1kg_highcov_chr21,GRCh38,r8id.8xlarge,10,208.190,,,,,warm,methodology=cross_instance_parallel_clone;sweep_id=sweep-20260918T224520Z;arch=x86_64;condition=sites_only;local_nvme=true;n_timed=20;suite_id=s06;clone_run_index=10
2026-09-18,perl,release_115.2,1kg_highcov_chr21,GRCh38,r8id.8xlarge,11,201.570,,,,,warm,methodology=cross_instance_parallel_clone;sweep_id=sweep-20260918T224520Z;arch=x86_64;condition=sites_only;local_nvme=true;n_timed=20;suite_id=s06;clone_run_index=11
2026-09-18,perl,release_115.2,1kg_highcov_chr21,GRCh38,r8id.8xlarge,12,201.040,,,,,warm,methodology=cross_instance_parallel_clone;sweep_id=sweep-20260918T224520Z;arch=x86_64;condition=sites_only;local_nvme=true;n_timed=20;suite_id=s06;clone_run_index=12
2026-09-18,perl,release_115.2,1kg_highcov_chr21,GRCh38,r8id.8xlarge,13,204.610,,,,,warm,methodology=cross_instance_parallel_clone;sweep_id=sweep-20260918T224520Z;arch=x86_64;condition=sites_only;local_nvme=true;n_timed=20;suite_id=s06;clone_run_index=13
2026-09-18,perl,release_115.2,1kg_highcov_chr21,GRCh38,r8id.8xlarge,14,202.170,,,,,warm,methodology=cross_instance_parallel_clone;sweep_id=sweep-20260918T224520Z;arch=x86_64;condition=sites_only;local_nvme=true;n_timed=20;suite_id=s06;clone_run_index=14
2026-09-18,perl,release_115.2,1kg_highcov_chr21,GRCh38,r8id.8xlarge,15,200.620,,,,,warm,methodology=cross_instance_parallel_clone;sweep_id=sweep-20260918T224520Z;arch=x86_64;condition=sites_only;local_nvme=true;n_timed=20;suite_id=s06;clone_run_index=15
2026-09-18,perl,release_115.2,1kg_highcov_chr21,GRCh38,r8id.8xlarge,16,213.840,,,,,warm,methodology=cross_instance_parallel_clone;sweep_id=sweep-20260918T224520Z;arch=x86_64;condition=sites_only;local_nvme=true;n_timed=20;suite_id=s06;clone_run_index=16
2026-09-18,perl,release_115.2,1kg_highcov_chr21,GRCh38,r8id.8xlarge,17,205.220,,,,,warm,methodology=cross_instance_parallel_clone;sweep_id=sweep-20260918T224520Z;arch=x86_64;condition=sites_only;local_nvme=true;n_timed=20;suite_id=s06;clone_run_index=17
2026-09-18,perl,release_115.2,1kg_highcov_chr21,GRCh38,r8id.8xlarge,18,214.970,,,,,warm,methodology=cross_instance_parallel_clone;sweep_id=sweep-20260918T224520Z;arch=x86_64;condition=sites_only;local_nvme=true;n_timed=20;suite_id=s06;clone_run_index=18
2026-09-18,perl,release_115.2,1kg_highcov_chr21,GRCh38,r8id.8xlarge,19,208.550,,,,,warm,methodology=cross_instance_parallel_clone;sweep_id=sweep-20260918T224520Z;arch=x86_64;condition=sites_only;local_nvme=true;n_timed=20;suite_id=s06;clone_run_index=19
2026-09-18,perl,release_115.2,1kg_highcov_chr21,GRCh38,r8id.8xlarge,20,215.610,,,,,warm,methodology=cross_instance_parallel_clone;sweep_id=sweep-20260918T224520Z;arch=x86_64;condition=sites_only;local_nvme=true;n_timed=20;suite_id=s06;clone_run_index=20
2026-09-18,perl,release_115.2,1kg_highcov_chr21,GRCh38,r8id.8xlarge,median_of_20,205.160,,,,,warm,methodology=cross_instance_parallel_clone;sweep_id=sweep-20260918T224520Z;arch=x86_64;condition=sites_only;local_nvme=true;n_timed=20;suite_id=s06;p5=199.831;p25=201.715;p75=208.493;p95=215.578;min=199.790;max=215.610;n_clones=20;warmup_run_discarded_per_clone=1;p95_p5_ratio=1.079
2026-09-20,fastvep,0.3.0,sv_grch37,GRCh37,r8gd.8xlarge,1,18.710,622.5,109,112,2673218,warm,methodology=cross_instance_parallel_clone;sweep_id=sweep-20260920T012411Z;arch=arm64;condition=sites_only;local_nvme=true;n_timed=20;suite_id=s07;clone_run_index=1
2026-09-20,fastvep,0.3.0,sv_grch37,GRCh37,r8gd.8xlarge,2,19.020,622.6,109,110,2676572,warm,methodology=cross_instance_parallel_clone;sweep_id=sweep-20260920T012411Z;arch=arm64;condition=sites_only;local_nvme=true;n_timed=20;suite_id=s07;clone_run_index=2
2026-09-20,fastvep,0.3.0,sv_grch37,GRCh37,r8gd.8xlarge,3,18.800,622.6,109,76,2681846,warm,methodology=cross_instance_parallel_clone;sweep_id=sweep-20260920T012411Z;arch=arm64;condition=sites_only;local_nvme=true;n_timed=20;suite_id=s07;clone_run_index=3
2026-09-20,fastvep,0.3.0,sv_grch37,GRCh37,r8gd.8xlarge,4,18.590,622.6,109,97,2688578,warm,methodology=cross_instance_parallel_clone;sweep_id=sweep-20260920T012411Z;arch=arm64;condition=sites_only;local_nvme=true;n_timed=20;suite_id=s07;clone_run_index=4
2026-09-20,fastvep,0.3.0,sv_grch37,GRCh37,r8gd.8xlarge,5,18.780,622.6,109,81,2690560,warm,methodology=cross_instance_parallel_clone;sweep_id=sweep-20260920T012411Z;arch=arm64;condition=sites_only;local_nvme=true;n_timed=20;suite_id=s07;clone_run_index=5
2026-09-20,fastvep,0.3.0,sv_grch37,GRCh37,r8gd.8xlarge,6,18.790,622.6,110,74,2682820,warm,methodology=cross_instance_parallel_clone;sweep_id=sweep-20260920T012411Z;arch=arm64;condition=sites_only;local_nvme=true;n_timed=20;suite_id=s07;clone_run_index=6
2026-09-20,fastvep,0.3.0,sv_grch37,GRCh37,r8gd.8xlarge,7,18.870,622.5,109,96,2696375,warm,methodology=cross_instance_parallel_clone;sweep_id=sweep-20260920T012411Z;arch=arm64;condition=sites_only;local_nvme=true;n_timed=20;suite_id=s07;clone_run_index=7
2026-09-20,fastvep,0.3.0,sv_grch37,GRCh37,r8gd.8xlarge,8,18.690,622.5,110,65,2689094,warm,methodology=cross_instance_parallel_clone;sweep_id=sweep-20260920T012411Z;arch=arm64;condition=sites_only;local_nvme=true;n_timed=20;suite_id=s07;clone_run_index=8
2026-09-20,fastvep,0.3.0,sv_grch37,GRCh37,r8gd.8xlarge,9,18.800,622.3,109,93,2680485,warm,methodology=cross_instance_parallel_clone;sweep_id=sweep-20260920T012411Z;arch=arm64;condition=sites_only;local_nvme=true;n_timed=20;suite_id=s07;clone_run_index=9
2026-09-20,fastvep,0.3.0,sv_grch37,GRCh37,r8gd.8xlarge,10,18.760,622.5,109,81,2696281,warm,methodology=cross_instance_parallel_clone;sweep_id=sweep-20260920T012411Z;arch=arm64;condition=sites_only;local_nvme=true;n_timed=20;suite_id=s07;clone_run_index=10
2026-09-20,fastvep,0.3.0,sv_grch37,GRCh37,r8gd.8xlarge,11,18.970,622.6,109,113,2697271,warm,methodology=cross_instance_parallel_clone;sweep_id=sweep-20260920T012411Z;arch=arm64;condition=sites_only;local_nvme=true;n_timed=20;suite_id=s07;clone_run_index=11
2026-09-20,fastvep,0.3.0,sv_grch37,GRCh37,r8gd.8xlarge,12,18.780,622.6,109,108,2692659,warm,methodology=cross_instance_parallel_clone;sweep_id=sweep-20260920T012411Z;arch=arm64;condition=sites_only;local_nvme=true;n_timed=20;suite_id=s07;clone_run_index=12
2026-09-20,fastvep,0.3.0,sv_grch37,GRCh37,r8gd.8xlarge,13,19.310,622.6,109,61,2696688,warm,methodology=cross_instance_parallel_clone;sweep_id=sweep-20260920T012411Z;arch=arm64;condition=sites_only;local_nvme=true;n_timed=20;suite_id=s07;clone_run_index=13
2026-09-20,fastvep,0.3.0,sv_grch37,GRCh37,r8gd.8xlarge,14,18.710,622.6,109,100,2696372,warm,methodology=cross_instance_parallel_clone;sweep_id=sweep-20260920T012411Z;arch=arm64;condition=sites_only;local_nvme=true;n_timed=20;suite_id=s07;clone_run_index=14
2026-09-20,fastvep,0.3.0,sv_grch37,GRCh37,r8gd.8xlarge,15,18.930,622.5,109,105,2686973,warm,methodology=cross_instance_parallel_clone;sweep_id=sweep-20260920T012411Z;arch=arm64;condition=sites_only;local_nvme=true;n_timed=20;suite_id=s07;clone_run_index=15
2026-09-20,fastvep,0.3.0,sv_grch37,GRCh37,r8gd.8xlarge,16,18.760,622.5,109,95,2688456,warm,methodology=cross_instance_parallel_clone;sweep_id=sweep-20260920T012411Z;arch=arm64;condition=sites_only;local_nvme=true;n_timed=20;suite_id=s07;clone_run_index=16
2026-09-20,fastvep,0.3.0,sv_grch37,GRCh37,r8gd.8xlarge,17,18.670,622.6,109,88,2677625,warm,methodology=cross_instance_parallel_clone;sweep_id=sweep-20260920T012411Z;arch=arm64;condition=sites_only;local_nvme=true;n_timed=20;suite_id=s07;clone_run_index=17
2026-09-20,fastvep,0.3.0,sv_grch37,GRCh37,r8gd.8xlarge,18,19.100,622.5,109,117,2688359,warm,methodology=cross_instance_parallel_clone;sweep_id=sweep-20260920T012411Z;arch=arm64;condition=sites_only;local_nvme=true;n_timed=20;suite_id=s07;clone_run_index=18
2026-09-20,fastvep,0.3.0,sv_grch37,GRCh37,r8gd.8xlarge,19,18.770,622.4,109,77,2687602,warm,methodology=cross_instance_parallel_clone;sweep_id=sweep-20260920T012411Z;arch=arm64;condition=sites_only;local_nvme=true;n_timed=20;suite_id=s07;clone_run_index=19
2026-09-20,fastvep,0.3.0,sv_grch37,GRCh37,r8gd.8xlarge,20,18.660,622.5,110,97,2685085,warm,methodology=cross_instance_parallel_clone;sweep_id=sweep-20260920T012411Z;arch=arm64;condition=sites_only;local_nvme=true;n_timed=20;suite_id=s07;clone_run_index=20
2026-09-20,fastvep,0.3.0,sv_grch37,GRCh37,r8gd.8xlarge,median_of_20,18.780,622.6,,,,warm,methodology=cross_instance_parallel_clone;sweep_id=sweep-20260920T012411Z;arch=arm64;condition=sites_only;local_nvme=true;n_timed=20;suite_id=s07;p5=18.594;p25=18.710;p75=18.915;p95=19.300;min=18.590;max=19.310;n_clones=20;warmup_run_discarded_per_clone=1;p95_p5_ratio=1.038
2026-09-20,fastvep,0.3.0,sv_grch37,GRCh37,r8id.8xlarge,1,17.740,623.2,109,16,2680752,warm,methodology=cross_instance_parallel_clone;sweep_id=sweep-20260920T012411Z;arch=x86_64;condition=sites_only;local_nvme=true;n_timed=20;suite_id=s07;clone_run_index=1
2026-09-20,fastvep,0.3.0,sv_grch37,GRCh37,r8id.8xlarge,2,17.500,623.3,109,20,2702453,warm,methodology=cross_instance_parallel_clone;sweep_id=sweep-20260920T012411Z;arch=x86_64;condition=sites_only;local_nvme=true;n_timed=20;suite_id=s07;clone_run_index=2
2026-09-20,fastvep,0.3.0,sv_grch37,GRCh37,r8id.8xlarge,3,17.510,623.2,109,4,2681876,warm,methodology=cross_instance_parallel_clone;sweep_id=sweep-20260920T012411Z;arch=x86_64;condition=sites_only;local_nvme=true;n_timed=20;suite_id=s07;clone_run_index=3
2026-09-20,fastvep,0.3.0,sv_grch37,GRCh37,r8id.8xlarge,4,17.480,623.0,109,10,2680097,warm,methodology=cross_instance_parallel_clone;sweep_id=sweep-20260920T012411Z;arch=x86_64;condition=sites_only;local_nvme=true;n_timed=20;suite_id=s07;clone_run_index=4
2026-09-20,fastvep,0.3.0,sv_grch37,GRCh37,r8id.8xlarge,5,17.720,623.3,109,14,2686977,warm,methodology=cross_instance_parallel_clone;sweep_id=sweep-20260920T012411Z;arch=x86_64;condition=sites_only;local_nvme=true;n_timed=20;suite_id=s07;clone_run_index=5
2026-09-20,fastvep,0.3.0,sv_grch37,GRCh37,r8id.8xlarge,6,17.450,623.2,109,30,2696359,warm,methodology=cross_instance_parallel_clone;sweep_id=sweep-20260920T012411Z;arch=x86_64;condition=sites_only;local_nvme=true;n_timed=20;suite_id=s07;clone_run_index=6
2026-09-20,fastvep,0.3.0,sv_grch37,GRCh37,r8id.8xlarge,7,17.540,623.2,109,21,2685828,warm,methodology=cross_instance_parallel_clone;sweep_id=sweep-20260920T012411Z;arch=x86_64;condition=sites_only;local_nvme=true;n_timed=20;suite_id=s07;clone_run_index=7
2026-09-20,fastvep,0.3.0,sv_grch37,GRCh37,r8id.8xlarge,8,17.510,623.2,109,20,2683329,warm,methodology=cross_instance_parallel_clone;sweep_id=sweep-20260920T012411Z;arch=x86_64;condition=sites_only;local_nvme=true;n_timed=20;suite_id=s07;clone_run_index=8
2026-09-20,fastvep,0.3.0,sv_grch37,GRCh37,r8id.8xlarge,9,17.470,623.2,109,10,2684166,warm,methodology=cross_instance_parallel_clone;sweep_id=sweep-20260920T012411Z;arch=x86_64;condition=sites_only;local_nvme=true;n_timed=20;suite_id=s07;clone_run_index=9
2026-09-20,fastvep,0.3.0,sv_grch37,GRCh37,r8id.8xlarge,10,17.530,623.0,109,8,2691387,warm,methodology=cross_instance_parallel_clone;sweep_id=sweep-20260920T012411Z;arch=x86_64;condition=sites_only;local_nvme=true;n_timed=20;suite_id=s07;clone_run_index=10
2026-09-20,fastvep,0.3.0,sv_grch37,GRCh37,r8id.8xlarge,11,17.820,623.2,109,13,2684954,warm,methodology=cross_instance_parallel_clone;sweep_id=sweep-20260920T012411Z;arch=x86_64;condition=sites_only;local_nvme=true;n_timed=20;suite_id=s07;clone_run_index=11
2026-09-20,fastvep,0.3.0,sv_grch37,GRCh37,r8id.8xlarge,12,17.550,623.3,109,36,2676549,warm,methodology=cross_instance_parallel_clone;sweep_id=sweep-20260920T012411Z;arch=x86_64;condition=sites_only;local_nvme=true;n_timed=20;suite_id=s07;clone_run_index=12
2026-09-20,fastvep,0.3.0,sv_grch37,GRCh37,r8id.8xlarge,13,17.780,622.9,109,12,2674442,warm,methodology=cross_instance_parallel_clone;sweep_id=sweep-20260920T012411Z;arch=x86_64;condition=sites_only;local_nvme=true;n_timed=20;suite_id=s07;clone_run_index=13
2026-09-20,fastvep,0.3.0,sv_grch37,GRCh37,r8id.8xlarge,14,17.760,623.2,109,14,2685701,warm,methodology=cross_instance_parallel_clone;sweep_id=sweep-20260920T012411Z;arch=x86_64;condition=sites_only;local_nvme=true;n_timed=20;suite_id=s07;clone_run_index=14
2026-09-20,fastvep,0.3.0,sv_grch37,GRCh37,r8id.8xlarge,15,17.810,623.3,109,11,2674451,warm,methodology=cross_instance_parallel_clone;sweep_id=sweep-20260920T012411Z;arch=x86_64;condition=sites_only;local_nvme=true;n_timed=20;suite_id=s07;clone_run_index=15
2026-09-20,fastvep,0.3.0,sv_grch37,GRCh37,r8id.8xlarge,16,17.560,623.1,109,8,2678240,warm,methodology=cross_instance_parallel_clone;sweep_id=sweep-20260920T012411Z;arch=x86_64;condition=sites_only;local_nvme=true;n_timed=20;suite_id=s07;clone_run_index=16
2026-09-20,fastvep,0.3.0,sv_grch37,GRCh37,r8id.8xlarge,17,17.790,623.3,109,16,2680686,warm,methodology=cross_instance_parallel_clone;sweep_id=sweep-20260920T012411Z;arch=x86_64;condition=sites_only;local_nvme=true;n_timed=20;suite_id=s07;clone_run_index=17
2026-09-20,fastvep,0.3.0,sv_grch37,GRCh37,r8id.8xlarge,18,17.780,623.3,109,17,2679149,warm,methodology=cross_instance_parallel_clone;sweep_id=sweep-20260920T012411Z;arch=x86_64;condition=sites_only;local_nvme=true;n_timed=20;suite_id=s07;clone_run_index=18
2026-09-20,fastvep,0.3.0,sv_grch37,GRCh37,r8id.8xlarge,19,17.390,623.3,109,12,2681800,warm,methodology=cross_instance_parallel_clone;sweep_id=sweep-20260920T012411Z;arch=x86_64;condition=sites_only;local_nvme=true;n_timed=20;suite_id=s07;clone_run_index=19
2026-09-20,fastvep,0.3.0,sv_grch37,GRCh37,r8id.8xlarge,20,17.780,623.2,109,18,2684457,warm,methodology=cross_instance_parallel_clone;sweep_id=sweep-20260920T012411Z;arch=x86_64;condition=sites_only;local_nvme=true;n_timed=20;suite_id=s07;clone_run_index=20
2026-09-20,fastvep,0.3.0,sv_grch37,GRCh37,r8id.8xlarge,median_of_20,17.555,623.2,,,,warm,methodology=cross_instance_parallel_clone;sweep_id=sweep-20260920T012411Z;arch=x86_64;condition=sites_only;local_nvme=true;n_timed=20;suite_id=s07;p5=17.393;p25=17.503;p75=17.780;p95=17.819;min=17.390;max=17.820;n_clones=20;warmup_run_discarded_per_clone=1;p95_p5_ratio=1.025
2026-09-20,fastvep,0.3.0,sv_grch38,GRCh38,r8gd.8xlarge,1,72.040,2218.0,105,62,9404983,warm,methodology=cross_instance_parallel_clone;sweep_id=sweep-20260920T012411Z;arch=arm64;condition=sites_only;local_nvme=true;n_timed=20;suite_id=s08;clone_run_index=1
2026-09-20,fastvep,0.3.0,sv_grch38,GRCh38,r8gd.8xlarge,2,73.740,2217.9,105,107,9388437,warm,methodology=cross_instance_parallel_clone;sweep_id=sweep-20260920T012411Z;arch=arm64;condition=sites_only;local_nvme=true;n_timed=20;suite_id=s08;clone_run_index=2
2026-09-20,fastvep,0.3.0,sv_grch38,GRCh38,r8gd.8xlarge,3,71.910,2218.1,106,92,9397751,warm,methodology=cross_instance_parallel_clone;sweep_id=sweep-20260920T012411Z;arch=arm64;condition=sites_only;local_nvme=true;n_timed=20;suite_id=s08;clone_run_index=3
2026-09-20,fastvep,0.3.0,sv_grch38,GRCh38,r8gd.8xlarge,4,71.440,2218.0,106,110,9400787,warm,methodology=cross_instance_parallel_clone;sweep_id=sweep-20260920T012411Z;arch=arm64;condition=sites_only;local_nvme=true;n_timed=20;suite_id=s08;clone_run_index=4
2026-09-20,fastvep,0.3.0,sv_grch38,GRCh38,r8gd.8xlarge,5,72.760,2218.1,106,126,9394529,warm,methodology=cross_instance_parallel_clone;sweep_id=sweep-20260920T012411Z;arch=arm64;condition=sites_only;local_nvme=true;n_timed=20;suite_id=s08;clone_run_index=5
2026-09-20,fastvep,0.3.0,sv_grch38,GRCh38,r8gd.8xlarge,6,72.440,2218.0,105,123,9406614,warm,methodology=cross_instance_parallel_clone;sweep_id=sweep-20260920T012411Z;arch=arm64;condition=sites_only;local_nvme=true;n_timed=20;suite_id=s08;clone_run_index=6
2026-09-20,fastvep,0.3.0,sv_grch38,GRCh38,r8gd.8xlarge,7,72.640,2218.0,105,96,9403172,warm,methodology=cross_instance_parallel_clone;sweep_id=sweep-20260920T012411Z;arch=arm64;condition=sites_only;local_nvme=true;n_timed=20;suite_id=s08;clone_run_index=7
2026-09-20,fastvep,0.3.0,sv_grch38,GRCh38,r8gd.8xlarge,8,71.480,2216.7,106,94,9408991,warm,methodology=cross_instance_parallel_clone;sweep_id=sweep-20260920T012411Z;arch=arm64;condition=sites_only;local_nvme=true;n_timed=20;suite_id=s08;clone_run_index=8
2026-09-20,fastvep,0.3.0,sv_grch38,GRCh38,r8gd.8xlarge,9,72.100,2218.1,106,110,9402298,warm,methodology=cross_instance_parallel_clone;sweep_id=sweep-20260920T012411Z;arch=arm64;condition=sites_only;local_nvme=true;n_timed=20;suite_id=s08;clone_run_index=9
2026-09-20,fastvep,0.3.0,sv_grch38,GRCh38,r8gd.8xlarge,10,71.870,2217.9,106,90,9397691,warm,methodology=cross_instance_parallel_clone;sweep_id=sweep-20260920T012411Z;arch=arm64;condition=sites_only;local_nvme=true;n_timed=20;suite_id=s08;clone_run_index=10
2026-09-20,fastvep,0.3.0,sv_grch38,GRCh38,r8gd.8xlarge,11,72.660,2216.8,105,116,9396380,warm,methodology=cross_instance_parallel_clone;sweep_id=sweep-20260920T012411Z;arch=arm64;condition=sites_only;local_nvme=true;n_timed=20;suite_id=s08;clone_run_index=11
2026-09-20,fastvep,0.3.0,sv_grch38,GRCh38,r8gd.8xlarge,12,72.250,2218.1,106,114,9394387,warm,methodology=cross_instance_parallel_clone;sweep_id=sweep-20260920T012411Z;arch=arm64;condition=sites_only;local_nvme=true;n_timed=20;suite_id=s08;clone_run_index=12
2026-09-20,fastvep,0.3.0,sv_grch38,GRCh38,r8gd.8xlarge,13,74.590,2218.1,105,96,9404389,warm,methodology=cross_instance_parallel_clone;sweep_id=sweep-20260920T012411Z;arch=arm64;condition=sites_only;local_nvme=true;n_timed=20;suite_id=s08;clone_run_index=13
2026-09-20,fastvep,0.3.0,sv_grch38,GRCh38,r8gd.8xlarge,14,71.800,2218.1,105,96,9401742,warm,methodology=cross_instance_parallel_clone;sweep_id=sweep-20260920T012411Z;arch=arm64;condition=sites_only;local_nvme=true;n_timed=20;suite_id=s08;clone_run_index=14
2026-09-20,fastvep,0.3.0,sv_grch38,GRCh38,r8gd.8xlarge,15,72.370,2218.0,106,90,9380378,warm,methodology=cross_instance_parallel_clone;sweep_id=sweep-20260920T012411Z;arch=arm64;condition=sites_only;local_nvme=true;n_timed=20;suite_id=s08;clone_run_index=15
2026-09-20,fastvep,0.3.0,sv_grch38,GRCh38,r8gd.8xlarge,16,72.470,2218.2,105,104,9419259,warm,methodology=cross_instance_parallel_clone;sweep_id=sweep-20260920T012411Z;arch=arm64;condition=sites_only;local_nvme=true;n_timed=20;suite_id=s08;clone_run_index=16
2026-09-20,fastvep,0.3.0,sv_grch38,GRCh38,r8gd.8xlarge,17,72.050,2218.2,106,86,9390187,warm,methodology=cross_instance_parallel_clone;sweep_id=sweep-20260920T012411Z;arch=arm64;condition=sites_only;local_nvme=true;n_timed=20;suite_id=s08;clone_run_index=17
2026-09-20,fastvep,0.3.0,sv_grch38,GRCh38,r8gd.8xlarge,18,73.470,2218.1,105,136,9379526,warm,methodology=cross_instance_parallel_clone;sweep_id=sweep-20260920T012411Z;arch=arm64;condition=sites_only;local_nvme=true;n_timed=20;suite_id=s08;clone_run_index=18
2026-09-20,fastvep,0.3.0,sv_grch38,GRCh38,r8gd.8xlarge,19,71.990,2217.9,106,82,9390882,warm,methodology=cross_instance_parallel_clone;sweep_id=sweep-20260920T012411Z;arch=arm64;condition=sites_only;local_nvme=true;n_timed=20;suite_id=s08;clone_run_index=19
2026-09-20,fastvep,0.3.0,sv_grch38,GRCh38,r8gd.8xlarge,20,71.960,2218.0,105,95,9386064,warm,methodology=cross_instance_parallel_clone;sweep_id=sweep-20260920T012411Z;arch=arm64;condition=sites_only;local_nvme=true;n_timed=20;suite_id=s08;clone_run_index=20
2026-09-20,fastvep,0.3.0,sv_grch38,GRCh38,r8gd.8xlarge,median_of_20,72.175,2218.0,,,,warm,methodology=cross_instance_parallel_clone;sweep_id=sweep-20260920T012411Z;arch=arm64;condition=sites_only;local_nvme=true;n_timed=20;suite_id=s08;p5=71.442;p25=71.922;p75=72.655;p95=74.548;min=71.440;max=74.590;n_clones=20;warmup_run_discarded_per_clone=1;p95_p5_ratio=1.043
2026-09-20,fastvep,0.3.0,sv_grch38,GRCh38,r8id.8xlarge,1,68.930,2218.7,105,13,9408084,warm,methodology=cross_instance_parallel_clone;sweep_id=sweep-20260920T012411Z;arch=x86_64;condition=sites_only;local_nvme=true;n_timed=20;suite_id=s08;clone_run_index=1
2026-09-20,fastvep,0.3.0,sv_grch38,GRCh38,r8id.8xlarge,2,68.360,2217.4,105,5,9381638,warm,methodology=cross_instance_parallel_clone;sweep_id=sweep-20260920T012411Z;arch=x86_64;condition=sites_only;local_nvme=true;n_timed=20;suite_id=s08;clone_run_index=2
2026-09-20,fastvep,0.3.0,sv_grch38,GRCh38,r8id.8xlarge,3,68.480,2218.6,104,22,9392338,warm,methodology=cross_instance_parallel_clone;sweep_id=sweep-20260920T012411Z;arch=x86_64;condition=sites_only;local_nvme=true;n_timed=20;suite_id=s08;clone_run_index=3
2026-09-20,fastvep,0.3.0,sv_grch38,GRCh38,r8id.8xlarge,4,68.510,2218.8,105,18,9417316,warm,methodology=cross_instance_parallel_clone;sweep_id=sweep-20260920T012411Z;arch=x86_64;condition=sites_only;local_nvme=true;n_timed=20;suite_id=s08;clone_run_index=4
2026-09-20,fastvep,0.3.0,sv_grch38,GRCh38,r8id.8xlarge,5,69.070,2218.6,104,18,9392301,warm,methodology=cross_instance_parallel_clone;sweep_id=sweep-20260920T012411Z;arch=x86_64;condition=sites_only;local_nvme=true;n_timed=20;suite_id=s08;clone_run_index=5
2026-09-20,fastvep,0.3.0,sv_grch38,GRCh38,r8id.8xlarge,6,68.660,2218.8,105,18,9403611,warm,methodology=cross_instance_parallel_clone;sweep_id=sweep-20260920T012411Z;arch=x86_64;condition=sites_only;local_nvme=true;n_timed=20;suite_id=s08;clone_run_index=6
2026-09-20,fastvep,0.3.0,sv_grch38,GRCh38,r8id.8xlarge,7,68.620,2218.7,105,16,9379154,warm,methodology=cross_instance_parallel_clone;sweep_id=sweep-20260920T012411Z;arch=x86_64;condition=sites_only;local_nvme=true;n_timed=20;suite_id=s08;clone_run_index=7
2026-09-20,fastvep,0.3.0,sv_grch38,GRCh38,r8id.8xlarge,8,68.580,2218.8,105,7,9400513,warm,methodology=cross_instance_parallel_clone;sweep_id=sweep-20260920T012411Z;arch=x86_64;condition=sites_only;local_nvme=true;n_timed=20;suite_id=s08;clone_run_index=8
2026-09-20,fastvep,0.3.0,sv_grch38,GRCh38,r8id.8xlarge,9,68.490,2218.8,105,23,9391417,warm,methodology=cross_instance_parallel_clone;sweep_id=sweep-20260920T012411Z;arch=x86_64;condition=sites_only;local_nvme=true;n_timed=20;suite_id=s08;clone_run_index=9
2026-09-20,fastvep,0.3.0,sv_grch38,GRCh38,r8id.8xlarge,10,68.610,2218.7,105,7,9386830,warm,methodology=cross_instance_parallel_clone;sweep_id=sweep-20260920T012411Z;arch=x86_64;condition=sites_only;local_nvme=true;n_timed=20;suite_id=s08;clone_run_index=10
2026-09-20,fastvep,0.3.0,sv_grch38,GRCh38,r8id.8xlarge,11,68.640,2218.8,105,8,9411941,warm,methodology=cross_instance_parallel_clone;sweep_id=sweep-20260920T012411Z;arch=x86_64;condition=sites_only;local_nvme=true;n_timed=20;suite_id=s08;clone_run_index=11
2026-09-20,fastvep,0.3.0,sv_grch38,GRCh38,r8id.8xlarge,12,68.590,2218.9,105,7,9401404,warm,methodology=cross_instance_parallel_clone;sweep_id=sweep-20260920T012411Z;arch=x86_64;condition=sites_only;local_nvme=true;n_timed=20;suite_id=s08;clone_run_index=12
2026-09-20,fastvep,0.3.0,sv_grch38,GRCh38,r8id.8xlarge,13,68.780,2218.8,104,22,9387320,warm,methodology=cross_instance_parallel_clone;sweep_id=sweep-20260920T012411Z;arch=x86_64;condition=sites_only;local_nvme=true;n_timed=20;suite_id=s08;clone_run_index=13
2026-09-20,fastvep,0.3.0,sv_grch38,GRCh38,r8id.8xlarge,14,68.830,2218.8,105,28,9389772,warm,methodology=cross_instance_parallel_clone;sweep_id=sweep-20260920T012411Z;arch=x86_64;condition=sites_only;local_nvme=true;n_timed=20;suite_id=s08;clone_run_index=14
2026-09-20,fastvep,0.3.0,sv_grch38,GRCh38,r8id.8xlarge,15,69.430,2218.7,104,10,9389190,warm,methodology=cross_instance_parallel_clone;sweep_id=sweep-20260920T012411Z;arch=x86_64;condition=sites_only;local_nvme=true;n_timed=20;suite_id=s08;clone_run_index=15
2026-09-20,fastvep,0.3.0,sv_grch38,GRCh38,r8id.8xlarge,16,68.840,2218.8,104,27,9413262,warm,methodology=cross_instance_parallel_clone;sweep_id=sweep-20260920T012411Z;arch=x86_64;condition=sites_only;local_nvme=true;n_timed=20;suite_id=s08;clone_run_index=16
2026-09-20,fastvep,0.3.0,sv_grch38,GRCh38,r8id.8xlarge,17,68.970,2218.8,105,42,9384475,warm,methodology=cross_instance_parallel_clone;sweep_id=sweep-20260920T012411Z;arch=x86_64;condition=sites_only;local_nvme=true;n_timed=20;suite_id=s08;clone_run_index=17
2026-09-20,fastvep,0.3.0,sv_grch38,GRCh38,r8id.8xlarge,18,69.220,2218.9,104,15,9384534,warm,methodology=cross_instance_parallel_clone;sweep_id=sweep-20260920T012411Z;arch=x86_64;condition=sites_only;local_nvme=true;n_timed=20;suite_id=s08;clone_run_index=18
2026-09-20,fastvep,0.3.0,sv_grch38,GRCh38,r8id.8xlarge,19,68.150,2218.8,105,11,9381846,warm,methodology=cross_instance_parallel_clone;sweep_id=sweep-20260920T012411Z;arch=x86_64;condition=sites_only;local_nvme=true;n_timed=20;suite_id=s08;clone_run_index=19
2026-09-20,fastvep,0.3.0,sv_grch38,GRCh38,r8id.8xlarge,20,68.890,2218.8,105,6,9377942,warm,methodology=cross_instance_parallel_clone;sweep_id=sweep-20260920T012411Z;arch=x86_64;condition=sites_only;local_nvme=true;n_timed=20;suite_id=s08;clone_run_index=20
2026-09-20,fastvep,0.3.0,sv_grch38,GRCh38,r8id.8xlarge,median_of_20,68.650,2218.8,,,,warm,methodology=cross_instance_parallel_clone;sweep_id=sweep-20260920T012411Z;arch=x86_64;condition=sites_only;local_nvme=true;n_timed=20;suite_id=s08;p5=68.161;p25=68.528;p75=68.920;p95=69.420;min=68.150;max=69.430;n_clones=20;warmup_run_discarded_per_clone=1;p95_p5_ratio=1.018
2026-09-20,perl,release_115.2,sv_grch37,GRCh37,r8gd.8xlarge,1,33.080,,,,,warm,methodology=cross_instance_parallel_clone;sweep_id=sweep-20260920T012411Z;arch=arm64;condition=sites_only;local_nvme=true;n_timed=20;suite_id=s07;clone_run_index=1
2026-09-20,perl,release_115.2,sv_grch37,GRCh37,r8gd.8xlarge,2,32.520,,,,,warm,methodology=cross_instance_parallel_clone;sweep_id=sweep-20260920T012411Z;arch=arm64;condition=sites_only;local_nvme=true;n_timed=20;suite_id=s07;clone_run_index=2
2026-09-20,perl,release_115.2,sv_grch37,GRCh37,r8gd.8xlarge,3,32.040,,,,,warm,methodology=cross_instance_parallel_clone;sweep_id=sweep-20260920T012411Z;arch=arm64;condition=sites_only;local_nvme=true;n_timed=20;suite_id=s07;clone_run_index=3
2026-09-20,perl,release_115.2,sv_grch37,GRCh37,r8gd.8xlarge,4,32.370,,,,,warm,methodology=cross_instance_parallel_clone;sweep_id=sweep-20260920T012411Z;arch=arm64;condition=sites_only;local_nvme=true;n_timed=20;suite_id=s07;clone_run_index=4
2026-09-20,perl,release_115.2,sv_grch37,GRCh37,r8gd.8xlarge,5,31.950,,,,,warm,methodology=cross_instance_parallel_clone;sweep_id=sweep-20260920T012411Z;arch=arm64;condition=sites_only;local_nvme=true;n_timed=20;suite_id=s07;clone_run_index=5
2026-09-20,perl,release_115.2,sv_grch37,GRCh37,r8gd.8xlarge,6,32.190,,,,,warm,methodology=cross_instance_parallel_clone;sweep_id=sweep-20260920T012411Z;arch=arm64;condition=sites_only;local_nvme=true;n_timed=20;suite_id=s07;clone_run_index=6
2026-09-20,perl,release_115.2,sv_grch37,GRCh37,r8gd.8xlarge,7,32.580,,,,,warm,methodology=cross_instance_parallel_clone;sweep_id=sweep-20260920T012411Z;arch=arm64;condition=sites_only;local_nvme=true;n_timed=20;suite_id=s07;clone_run_index=7
2026-09-20,perl,release_115.2,sv_grch37,GRCh37,r8gd.8xlarge,8,31.530,,,,,warm,methodology=cross_instance_parallel_clone;sweep_id=sweep-20260920T012411Z;arch=arm64;condition=sites_only;local_nvme=true;n_timed=20;suite_id=s07;clone_run_index=8
2026-09-20,perl,release_115.2,sv_grch37,GRCh37,r8gd.8xlarge,9,32.490,,,,,warm,methodology=cross_instance_parallel_clone;sweep_id=sweep-20260920T012411Z;arch=arm64;condition=sites_only;local_nvme=true;n_timed=20;suite_id=s07;clone_run_index=9
2026-09-20,perl,release_115.2,sv_grch37,GRCh37,r8gd.8xlarge,10,31.640,,,,,warm,methodology=cross_instance_parallel_clone;sweep_id=sweep-20260920T012411Z;arch=arm64;condition=sites_only;local_nvme=true;n_timed=20;suite_id=s07;clone_run_index=10
2026-09-20,perl,release_115.2,sv_grch37,GRCh37,r8gd.8xlarge,11,32.290,,,,,warm,methodology=cross_instance_parallel_clone;sweep_id=sweep-20260920T012411Z;arch=arm64;condition=sites_only;local_nvme=true;n_timed=20;suite_id=s07;clone_run_index=11
2026-09-20,perl,release_115.2,sv_grch37,GRCh37,r8gd.8xlarge,12,32.400,,,,,warm,methodology=cross_instance_parallel_clone;sweep_id=sweep-20260920T012411Z;arch=arm64;condition=sites_only;local_nvme=true;n_timed=20;suite_id=s07;clone_run_index=12
2026-09-20,perl,release_115.2,sv_grch37,GRCh37,r8gd.8xlarge,13,32.810,,,,,warm,methodology=cross_instance_parallel_clone;sweep_id=sweep-20260920T012411Z;arch=arm64;condition=sites_only;local_nvme=true;n_timed=20;suite_id=s07;clone_run_index=13
2026-09-20,perl,release_115.2,sv_grch37,GRCh37,r8gd.8xlarge,14,33.060,,,,,warm,methodology=cross_instance_parallel_clone;sweep_id=sweep-20260920T012411Z;arch=arm64;condition=sites_only;local_nvme=true;n_timed=20;suite_id=s07;clone_run_index=14
2026-09-20,perl,release_115.2,sv_grch37,GRCh37,r8gd.8xlarge,15,32.030,,,,,warm,methodology=cross_instance_parallel_clone;sweep_id=sweep-20260920T012411Z;arch=arm64;condition=sites_only;local_nvme=true;n_timed=20;suite_id=s07;clone_run_index=15
2026-09-20,perl,release_115.2,sv_grch37,GRCh37,r8gd.8xlarge,16,32.260,,,,,warm,methodology=cross_instance_parallel_clone;sweep_id=sweep-20260920T012411Z;arch=arm64;condition=sites_only;local_nvme=true;n_timed=20;suite_id=s07;clone_run_index=16
2026-09-20,perl,release_115.2,sv_grch37,GRCh37,r8gd.8xlarge,17,32.070,,,,,warm,methodology=cross_instance_parallel_clone;sweep_id=sweep-20260920T012411Z;arch=arm64;condition=sites_only;local_nvme=true;n_timed=20;suite_id=s07;clone_run_index=17
2026-09-20,perl,release_115.2,sv_grch37,GRCh37,r8gd.8xlarge,18,31.880,,,,,warm,methodology=cross_instance_parallel_clone;sweep_id=sweep-20260920T012411Z;arch=arm64;condition=sites_only;local_nvme=true;n_timed=20;suite_id=s07;clone_run_index=18
2026-09-20,perl,release_115.2,sv_grch37,GRCh37,r8gd.8xlarge,19,32.300,,,,,warm,methodology=cross_instance_parallel_clone;sweep_id=sweep-20260920T012411Z;arch=arm64;condition=sites_only;local_nvme=true;n_timed=20;suite_id=s07;clone_run_index=19
2026-09-20,perl,release_115.2,sv_grch37,GRCh37,r8gd.8xlarge,20,32.200,,,,,warm,methodology=cross_instance_parallel_clone;sweep_id=sweep-20260920T012411Z;arch=arm64;condition=sites_only;local_nvme=true;n_timed=20;suite_id=s07;clone_run_index=20
2026-09-20,perl,release_115.2,sv_grch37,GRCh37,r8gd.8xlarge,median_of_20,32.275,,,,,warm,methodology=cross_instance_parallel_clone;sweep_id=sweep-20260920T012411Z;arch=arm64;condition=sites_only;local_nvme=true;n_timed=20;suite_id=s07;p5=31.536;p25=32.033;p75=32.513;p95=33.079;min=31.530;max=33.080;n_clones=20;warmup_run_discarded_per_clone=1;p95_p5_ratio=1.049
2026-09-20,perl,release_115.2,sv_grch37,GRCh37,r8id.8xlarge,1,29.460,,,,,warm,methodology=cross_instance_parallel_clone;sweep_id=sweep-20260920T012411Z;arch=x86_64;condition=sites_only;local_nvme=true;n_timed=20;suite_id=s07;clone_run_index=1
2026-09-20,perl,release_115.2,sv_grch37,GRCh37,r8id.8xlarge,2,29.410,,,,,warm,methodology=cross_instance_parallel_clone;sweep_id=sweep-20260920T012411Z;arch=x86_64;condition=sites_only;local_nvme=true;n_timed=20;suite_id=s07;clone_run_index=2
2026-09-20,perl,release_115.2,sv_grch37,GRCh37,r8id.8xlarge,3,29.630,,,,,warm,methodology=cross_instance_parallel_clone;sweep_id=sweep-20260920T012411Z;arch=x86_64;condition=sites_only;local_nvme=true;n_timed=20;suite_id=s07;clone_run_index=3
2026-09-20,perl,release_115.2,sv_grch37,GRCh37,r8id.8xlarge,4,29.290,,,,,warm,methodology=cross_instance_parallel_clone;sweep_id=sweep-20260920T012411Z;arch=x86_64;condition=sites_only;local_nvme=true;n_timed=20;suite_id=s07;clone_run_index=4
2026-09-20,perl,release_115.2,sv_grch37,GRCh37,r8id.8xlarge,5,29.630,,,,,warm,methodology=cross_instance_parallel_clone;sweep_id=sweep-20260920T012411Z;arch=x86_64;condition=sites_only;local_nvme=true;n_timed=20;suite_id=s07;clone_run_index=5
2026-09-20,perl,release_115.2,sv_grch37,GRCh37,r8id.8xlarge,6,29.820,,,,,warm,methodology=cross_instance_parallel_clone;sweep_id=sweep-20260920T012411Z;arch=x86_64;condition=sites_only;local_nvme=true;n_timed=20;suite_id=s07;clone_run_index=6
2026-09-20,perl,release_115.2,sv_grch37,GRCh37,r8id.8xlarge,7,29.270,,,,,warm,methodology=cross_instance_parallel_clone;sweep_id=sweep-20260920T012411Z;arch=x86_64;condition=sites_only;local_nvme=true;n_timed=20;suite_id=s07;clone_run_index=7
2026-09-20,perl,release_115.2,sv_grch37,GRCh37,r8id.8xlarge,8,30.150,,,,,warm,methodology=cross_instance_parallel_clone;sweep_id=sweep-20260920T012411Z;arch=x86_64;condition=sites_only;local_nvme=true;n_timed=20;suite_id=s07;clone_run_index=8
2026-09-20,perl,release_115.2,sv_grch37,GRCh37,r8id.8xlarge,9,30.170,,,,,warm,methodology=cross_instance_parallel_clone;sweep_id=sweep-20260920T012411Z;arch=x86_64;condition=sites_only;local_nvme=true;n_timed=20;suite_id=s07;clone_run_index=9
2026-09-20,perl,release_115.2,sv_grch37,GRCh37,r8id.8xlarge,10,30.510,,,,,warm,methodology=cross_instance_parallel_clone;sweep_id=sweep-20260920T012411Z;arch=x86_64;condition=sites_only;local_nvme=true;n_timed=20;suite_id=s07;clone_run_index=10
2026-09-20,perl,release_115.2,sv_grch37,GRCh37,r8id.8xlarge,11,28.940,,,,,warm,methodology=cross_instance_parallel_clone;sweep_id=sweep-20260920T012411Z;arch=x86_64;condition=sites_only;local_nvme=true;n_timed=20;suite_id=s07;clone_run_index=11
2026-09-20,perl,release_115.2,sv_grch37,GRCh37,r8id.8xlarge,12,29.390,,,,,warm,methodology=cross_instance_parallel_clone;sweep_id=sweep-20260920T012411Z;arch=x86_64;condition=sites_only;local_nvme=true;n_timed=20;suite_id=s07;clone_run_index=12
2026-09-20,perl,release_115.2,sv_grch37,GRCh37,r8id.8xlarge,13,29.100,,,,,warm,methodology=cross_instance_parallel_clone;sweep_id=sweep-20260920T012411Z;arch=x86_64;condition=sites_only;local_nvme=true;n_timed=20;suite_id=s07;clone_run_index=13
2026-09-20,perl,release_115.2,sv_grch37,GRCh37,r8id.8xlarge,14,29.990,,,,,warm,methodology=cross_instance_parallel_clone;sweep_id=sweep-20260920T012411Z;arch=x86_64;condition=sites_only;local_nvme=true;n_timed=20;suite_id=s07;clone_run_index=14
2026-09-20,perl,release_115.2,sv_grch37,GRCh37,r8id.8xlarge,15,29.600,,,,,warm,methodology=cross_instance_parallel_clone;sweep_id=sweep-20260920T012411Z;arch=x86_64;condition=sites_only;local_nvme=true;n_timed=20;suite_id=s07;clone_run_index=15
2026-09-20,perl,release_115.2,sv_grch37,GRCh37,r8id.8xlarge,16,30.020,,,,,warm,methodology=cross_instance_parallel_clone;sweep_id=sweep-20260920T012411Z;arch=x86_64;condition=sites_only;local_nvme=true;n_timed=20;suite_id=s07;clone_run_index=16
2026-09-20,perl,release_115.2,sv_grch37,GRCh37,r8id.8xlarge,17,29.000,,,,,warm,methodology=cross_instance_parallel_clone;sweep_id=sweep-20260920T012411Z;arch=x86_64;condition=sites_only;local_nvme=true;n_timed=20;suite_id=s07;clone_run_index=17
2026-09-20,perl,release_115.2,sv_grch37,GRCh37,r8id.8xlarge,18,29.550,,,,,warm,methodology=cross_instance_parallel_clone;sweep_id=sweep-20260920T012411Z;arch=x86_64;condition=sites_only;local_nvme=true;n_timed=20;suite_id=s07;clone_run_index=18
2026-09-20,perl,release_115.2,sv_grch37,GRCh37,r8id.8xlarge,19,29.880,,,,,warm,methodology=cross_instance_parallel_clone;sweep_id=sweep-20260920T012411Z;arch=x86_64;condition=sites_only;local_nvme=true;n_timed=20;suite_id=s07;clone_run_index=19
2026-09-20,perl,release_115.2,sv_grch37,GRCh37,r8id.8xlarge,20,29.700,,,,,warm,methodology=cross_instance_parallel_clone;sweep_id=sweep-20260920T012411Z;arch=x86_64;condition=sites_only;local_nvme=true;n_timed=20;suite_id=s07;clone_run_index=20
2026-09-20,perl,release_115.2,sv_grch37,GRCh37,r8id.8xlarge,median_of_20,29.615,,,,,warm,methodology=cross_instance_parallel_clone;sweep_id=sweep-20260920T012411Z;arch=x86_64;condition=sites_only;local_nvme=true;n_timed=20;suite_id=s07;p5=28.943;p25=29.315;p75=29.963;p95=30.493;min=28.940;max=30.510;n_clones=20;warmup_run_discarded_per_clone=1;p95_p5_ratio=1.054
2026-09-20,perl,release_115.2,sv_grch38,GRCh38,r8gd.8xlarge,1,68.090,,,,,warm,methodology=cross_instance_parallel_clone;sweep_id=sweep-20260920T012411Z;arch=arm64;condition=sites_only;local_nvme=true;n_timed=20;suite_id=s08;clone_run_index=1
2026-09-20,perl,release_115.2,sv_grch38,GRCh38,r8gd.8xlarge,2,65.390,,,,,warm,methodology=cross_instance_parallel_clone;sweep_id=sweep-20260920T012411Z;arch=arm64;condition=sites_only;local_nvme=true;n_timed=20;suite_id=s08;clone_run_index=2
2026-09-20,perl,release_115.2,sv_grch38,GRCh38,r8gd.8xlarge,3,64.900,,,,,warm,methodology=cross_instance_parallel_clone;sweep_id=sweep-20260920T012411Z;arch=arm64;condition=sites_only;local_nvme=true;n_timed=20;suite_id=s08;clone_run_index=3
2026-09-20,perl,release_115.2,sv_grch38,GRCh38,r8gd.8xlarge,4,64.830,,,,,warm,methodology=cross_instance_parallel_clone;sweep_id=sweep-20260920T012411Z;arch=arm64;condition=sites_only;local_nvme=true;n_timed=20;suite_id=s08;clone_run_index=4
2026-09-20,perl,release_115.2,sv_grch38,GRCh38,r8gd.8xlarge,5,64.100,,,,,warm,methodology=cross_instance_parallel_clone;sweep_id=sweep-20260920T012411Z;arch=arm64;condition=sites_only;local_nvme=true;n_timed=20;suite_id=s08;clone_run_index=5
2026-09-20,perl,release_115.2,sv_grch38,GRCh38,r8gd.8xlarge,6,64.960,,,,,warm,methodology=cross_instance_parallel_clone;sweep_id=sweep-20260920T012411Z;arch=arm64;condition=sites_only;local_nvme=true;n_timed=20;suite_id=s08;clone_run_index=6
2026-09-20,perl,release_115.2,sv_grch38,GRCh38,r8gd.8xlarge,7,65.540,,,,,warm,methodology=cross_instance_parallel_clone;sweep_id=sweep-20260920T012411Z;arch=arm64;condition=sites_only;local_nvme=true;n_timed=20;suite_id=s08;clone_run_index=7
2026-09-20,perl,release_115.2,sv_grch38,GRCh38,r8gd.8xlarge,8,64.600,,,,,warm,methodology=cross_instance_parallel_clone;sweep_id=sweep-20260920T012411Z;arch=arm64;condition=sites_only;local_nvme=true;n_timed=20;suite_id=s08;clone_run_index=8
2026-09-20,perl,release_115.2,sv_grch38,GRCh38,r8gd.8xlarge,9,64.880,,,,,warm,methodology=cross_instance_parallel_clone;sweep_id=sweep-20260920T012411Z;arch=arm64;condition=sites_only;local_nvme=true;n_timed=20;suite_id=s08;clone_run_index=9
2026-09-20,perl,release_115.2,sv_grch38,GRCh38,r8gd.8xlarge,10,64.480,,,,,warm,methodology=cross_instance_parallel_clone;sweep_id=sweep-20260920T012411Z;arch=arm64;condition=sites_only;local_nvme=true;n_timed=20;suite_id=s08;clone_run_index=10
2026-09-20,perl,release_115.2,sv_grch38,GRCh38,r8gd.8xlarge,11,65.160,,,,,warm,methodology=cross_instance_parallel_clone;sweep_id=sweep-20260920T012411Z;arch=arm64;condition=sites_only;local_nvme=true;n_timed=20;suite_id=s08;clone_run_index=11
2026-09-20,perl,release_115.2,sv_grch38,GRCh38,r8gd.8xlarge,12,64.970,,,,,warm,methodology=cross_instance_parallel_clone;sweep_id=sweep-20260920T012411Z;arch=arm64;condition=sites_only;local_nvme=true;n_timed=20;suite_id=s08;clone_run_index=12
2026-09-20,perl,release_115.2,sv_grch38,GRCh38,r8gd.8xlarge,13,64.930,,,,,warm,methodology=cross_instance_parallel_clone;sweep_id=sweep-20260920T012411Z;arch=arm64;condition=sites_only;local_nvme=true;n_timed=20;suite_id=s08;clone_run_index=13
2026-09-20,perl,release_115.2,sv_grch38,GRCh38,r8gd.8xlarge,14,68.760,,,,,warm,methodology=cross_instance_parallel_clone;sweep_id=sweep-20260920T012411Z;arch=arm64;condition=sites_only;local_nvme=true;n_timed=20;suite_id=s08;clone_run_index=14
2026-09-20,perl,release_115.2,sv_grch38,GRCh38,r8gd.8xlarge,15,64.850,,,,,warm,methodology=cross_instance_parallel_clone;sweep_id=sweep-20260920T012411Z;arch=arm64;condition=sites_only;local_nvme=true;n_timed=20;suite_id=s08;clone_run_index=15
2026-09-20,perl,release_115.2,sv_grch38,GRCh38,r8gd.8xlarge,16,65.020,,,,,warm,methodology=cross_instance_parallel_clone;sweep_id=sweep-20260920T012411Z;arch=arm64;condition=sites_only;local_nvme=true;n_timed=20;suite_id=s08;clone_run_index=16
2026-09-20,perl,release_115.2,sv_grch38,GRCh38,r8gd.8xlarge,17,64.270,,,,,warm,methodology=cross_instance_parallel_clone;sweep_id=sweep-20260920T012411Z;arch=arm64;condition=sites_only;local_nvme=true;n_timed=20;suite_id=s08;clone_run_index=17
2026-09-20,perl,release_115.2,sv_grch38,GRCh38,r8gd.8xlarge,18,64.600,,,,,warm,methodology=cross_instance_parallel_clone;sweep_id=sweep-20260920T012411Z;arch=arm64;condition=sites_only;local_nvme=true;n_timed=20;suite_id=s08;clone_run_index=18
2026-09-20,perl,release_115.2,sv_grch38,GRCh38,r8gd.8xlarge,19,65.090,,,,,warm,methodology=cross_instance_parallel_clone;sweep_id=sweep-20260920T012411Z;arch=arm64;condition=sites_only;local_nvme=true;n_timed=20;suite_id=s08;clone_run_index=19
2026-09-20,perl,release_115.2,sv_grch38,GRCh38,r8gd.8xlarge,20,64.560,,,,,warm,methodology=cross_instance_parallel_clone;sweep_id=sweep-20260920T012411Z;arch=arm64;condition=sites_only;local_nvme=true;n_timed=20;suite_id=s08;clone_run_index=20
2026-09-20,perl,release_115.2,sv_grch38,GRCh38,r8gd.8xlarge,median_of_20,64.915,,,,,warm,methodology=cross_instance_parallel_clone;sweep_id=sweep-20260920T012411Z;arch=arm64;condition=sites_only;local_nvme=true;n_timed=20;suite_id=s08;p5=64.108;p25=64.600;p75=65.143;p95=68.727;min=64.100;max=68.760;n_clones=20;warmup_run_discarded_per_clone=1;p95_p5_ratio=1.072
2026-09-20,perl,release_115.2,sv_grch38,GRCh38,r8id.8xlarge,1,59.300,,,,,warm,methodology=cross_instance_parallel_clone;sweep_id=sweep-20260920T012411Z;arch=x86_64;condition=sites_only;local_nvme=true;n_timed=20;suite_id=s08;clone_run_index=1
2026-09-20,perl,release_115.2,sv_grch38,GRCh38,r8id.8xlarge,2,58.840,,,,,warm,methodology=cross_instance_parallel_clone;sweep_id=sweep-20260920T012411Z;arch=x86_64;condition=sites_only;local_nvme=true;n_timed=20;suite_id=s08;clone_run_index=2
2026-09-20,perl,release_115.2,sv_grch38,GRCh38,r8id.8xlarge,3,59.130,,,,,warm,methodology=cross_instance_parallel_clone;sweep_id=sweep-20260920T012411Z;arch=x86_64;condition=sites_only;local_nvme=true;n_timed=20;suite_id=s08;clone_run_index=3
2026-09-20,perl,release_115.2,sv_grch38,GRCh38,r8id.8xlarge,4,60.590,,,,,warm,methodology=cross_instance_parallel_clone;sweep_id=sweep-20260920T012411Z;arch=x86_64;condition=sites_only;local_nvme=true;n_timed=20;suite_id=s08;clone_run_index=4
2026-09-20,perl,release_115.2,sv_grch38,GRCh38,r8id.8xlarge,5,59.720,,,,,warm,methodology=cross_instance_parallel_clone;sweep_id=sweep-20260920T012411Z;arch=x86_64;condition=sites_only;local_nvme=true;n_timed=20;suite_id=s08;clone_run_index=5
2026-09-20,perl,release_115.2,sv_grch38,GRCh38,r8id.8xlarge,6,59.700,,,,,warm,methodology=cross_instance_parallel_clone;sweep_id=sweep-20260920T012411Z;arch=x86_64;condition=sites_only;local_nvme=true;n_timed=20;suite_id=s08;clone_run_index=6
2026-09-20,perl,release_115.2,sv_grch38,GRCh38,r8id.8xlarge,7,58.570,,,,,warm,methodology=cross_instance_parallel_clone;sweep_id=sweep-20260920T012411Z;arch=x86_64;condition=sites_only;local_nvme=true;n_timed=20;suite_id=s08;clone_run_index=7
2026-09-20,perl,release_115.2,sv_grch38,GRCh38,r8id.8xlarge,8,59.380,,,,,warm,methodology=cross_instance_parallel_clone;sweep_id=sweep-20260920T012411Z;arch=x86_64;condition=sites_only;local_nvme=true;n_timed=20;suite_id=s08;clone_run_index=8
2026-09-20,perl,release_115.2,sv_grch38,GRCh38,r8id.8xlarge,9,59.670,,,,,warm,methodology=cross_instance_parallel_clone;sweep_id=sweep-20260920T012411Z;arch=x86_64;condition=sites_only;local_nvme=true;n_timed=20;suite_id=s08;clone_run_index=9
2026-09-20,perl,release_115.2,sv_grch38,GRCh38,r8id.8xlarge,10,60.230,,,,,warm,methodology=cross_instance_parallel_clone;sweep_id=sweep-20260920T012411Z;arch=x86_64;condition=sites_only;local_nvme=true;n_timed=20;suite_id=s08;clone_run_index=10
2026-09-20,perl,release_115.2,sv_grch38,GRCh38,r8id.8xlarge,11,59.750,,,,,warm,methodology=cross_instance_parallel_clone;sweep_id=sweep-20260920T012411Z;arch=x86_64;condition=sites_only;local_nvme=true;n_timed=20;suite_id=s08;clone_run_index=11
2026-09-20,perl,release_115.2,sv_grch38,GRCh38,r8id.8xlarge,12,58.000,,,,,warm,methodology=cross_instance_parallel_clone;sweep_id=sweep-20260920T012411Z;arch=x86_64;condition=sites_only;local_nvme=true;n_timed=20;suite_id=s08;clone_run_index=12
2026-09-20,perl,release_115.2,sv_grch38,GRCh38,r8id.8xlarge,13,58.520,,,,,warm,methodology=cross_instance_parallel_clone;sweep_id=sweep-20260920T012411Z;arch=x86_64;condition=sites_only;local_nvme=true;n_timed=20;suite_id=s08;clone_run_index=13
2026-09-20,perl,release_115.2,sv_grch38,GRCh38,r8id.8xlarge,14,58.900,,,,,warm,methodology=cross_instance_parallel_clone;sweep_id=sweep-20260920T012411Z;arch=x86_64;condition=sites_only;local_nvme=true;n_timed=20;suite_id=s08;clone_run_index=14
2026-09-20,perl,release_115.2,sv_grch38,GRCh38,r8id.8xlarge,15,59.300,,,,,warm,methodology=cross_instance_parallel_clone;sweep_id=sweep-20260920T012411Z;arch=x86_64;condition=sites_only;local_nvme=true;n_timed=20;suite_id=s08;clone_run_index=15
2026-09-20,perl,release_115.2,sv_grch38,GRCh38,r8id.8xlarge,16,59.280,,,,,warm,methodology=cross_instance_parallel_clone;sweep_id=sweep-20260920T012411Z;arch=x86_64;condition=sites_only;local_nvme=true;n_timed=20;suite_id=s08;clone_run_index=16
2026-09-20,perl,release_115.2,sv_grch38,GRCh38,r8id.8xlarge,17,59.260,,,,,warm,methodology=cross_instance_parallel_clone;sweep_id=sweep-20260920T012411Z;arch=x86_64;condition=sites_only;local_nvme=true;n_timed=20;suite_id=s08;clone_run_index=17
2026-09-20,perl,release_115.2,sv_grch38,GRCh38,r8id.8xlarge,18,58.660,,,,,warm,methodology=cross_instance_parallel_clone;sweep_id=sweep-20260920T012411Z;arch=x86_64;condition=sites_only;local_nvme=true;n_timed=20;suite_id=s08;clone_run_index=18
2026-09-20,perl,release_115.2,sv_grch38,GRCh38,r8id.8xlarge,19,59.950,,,,,warm,methodology=cross_instance_parallel_clone;sweep_id=sweep-20260920T012411Z;arch=x86_64;condition=sites_only;local_nvme=true;n_timed=20;suite_id=s08;clone_run_index=19
2026-09-20,perl,release_115.2,sv_grch38,GRCh38,r8id.8xlarge,20,58.870,,,,,warm,methodology=cross_instance_parallel_clone;sweep_id=sweep-20260920T012411Z;arch=x86_64;condition=sites_only;local_nvme=true;n_timed=20;suite_id=s08;clone_run_index=20
2026-09-20,perl,release_115.2,sv_grch38,GRCh38,r8id.8xlarge,median_of_20,59.290,,,,,warm,methodology=cross_instance_parallel_clone;sweep_id=sweep-20260920T012411Z;arch=x86_64;condition=sites_only;local_nvme=true;n_timed=20;suite_id=s08;p5=58.026;p25=58.848;p75=59.715;p95=60.572;min=58.000;max=60.590;n_clones=20;warmup_run_discarded_per_clone=1;p95_p5_ratio=1.044
2026-09-20,vep-rs,0.1.0-23a294cf,clinvar_grch37,GRCh37,r8gd.8xlarge,1,5.980,2206.2,1064,0,114499,warm,methodology=cross_instance_parallel_clone;sweep_id=sweep-20260920T012411Z;arch=arm64;condition=sites_only;local_nvme=true;n_timed=20;suite_id=s01;clone_run_index=1
2026-09-20,vep-rs,0.1.0-23a294cf,clinvar_grch37,GRCh37,r8gd.8xlarge,2,6.190,2220.8,1060,0,119920,warm,methodology=cross_instance_parallel_clone;sweep_id=sweep-20260920T012411Z;arch=arm64;condition=sites_only;local_nvme=true;n_timed=20;suite_id=s01;clone_run_index=2
2026-09-20,vep-rs,0.1.0-23a294cf,clinvar_grch37,GRCh37,r8gd.8xlarge,3,6.120,2188.4,1066,0,125721,warm,methodology=cross_instance_parallel_clone;sweep_id=sweep-20260920T012411Z;arch=arm64;condition=sites_only;local_nvme=true;n_timed=20;suite_id=s01;clone_run_index=3
2026-09-20,vep-rs,0.1.0-23a294cf,clinvar_grch37,GRCh37,r8gd.8xlarge,4,6.040,2182.5,1064,0,137978,warm,methodology=cross_instance_parallel_clone;sweep_id=sweep-20260920T012411Z;arch=arm64;condition=sites_only;local_nvme=true;n_timed=20;suite_id=s01;clone_run_index=4
2026-09-20,vep-rs,0.1.0-23a294cf,clinvar_grch37,GRCh37,r8gd.8xlarge,5,5.960,2164.9,1067,1,114023,warm,methodology=cross_instance_parallel_clone;sweep_id=sweep-20260920T012411Z;arch=arm64;condition=sites_only;local_nvme=true;n_timed=20;suite_id=s01;clone_run_index=5
2026-09-20,vep-rs,0.1.0-23a294cf,clinvar_grch37,GRCh37,r8gd.8xlarge,6,5.930,2207.1,1067,0,122761,warm,methodology=cross_instance_parallel_clone;sweep_id=sweep-20260920T012411Z;arch=arm64;condition=sites_only;local_nvme=true;n_timed=20;suite_id=s01;clone_run_index=6
2026-09-20,vep-rs,0.1.0-23a294cf,clinvar_grch37,GRCh37,r8gd.8xlarge,7,6.100,2164.9,1060,1,109968,warm,methodology=cross_instance_parallel_clone;sweep_id=sweep-20260920T012411Z;arch=arm64;condition=sites_only;local_nvme=true;n_timed=20;suite_id=s01;clone_run_index=7
2026-09-20,vep-rs,0.1.0-23a294cf,clinvar_grch37,GRCh37,r8gd.8xlarge,8,6.140,2220.7,1057,0,113708,warm,methodology=cross_instance_parallel_clone;sweep_id=sweep-20260920T012411Z;arch=arm64;condition=sites_only;local_nvme=true;n_timed=20;suite_id=s01;clone_run_index=8
2026-09-20,vep-rs,0.1.0-23a294cf,clinvar_grch37,GRCh37,r8gd.8xlarge,9,6.010,2135.6,1068,1,123242,warm,methodology=cross_instance_parallel_clone;sweep_id=sweep-20260920T012411Z;arch=arm64;condition=sites_only;local_nvme=true;n_timed=20;suite_id=s01;clone_run_index=9
2026-09-20,vep-rs,0.1.0-23a294cf,clinvar_grch37,GRCh37,r8gd.8xlarge,10,6.020,2181.0,1063,0,125385,warm,methodology=cross_instance_parallel_clone;sweep_id=sweep-20260920T012411Z;arch=arm64;condition=sites_only;local_nvme=true;n_timed=20;suite_id=s01;clone_run_index=10
2026-09-20,vep-rs,0.1.0-23a294cf,clinvar_grch37,GRCh37,r8gd.8xlarge,11,5.980,2186.9,1064,0,119269,warm,methodology=cross_instance_parallel_clone;sweep_id=sweep-20260920T012411Z;arch=arm64;condition=sites_only;local_nvme=true;n_timed=20;suite_id=s01;clone_run_index=11
2026-09-20,vep-rs,0.1.0-23a294cf,clinvar_grch37,GRCh37,r8gd.8xlarge,12,6.030,2177.9,1063,0,112079,warm,methodology=cross_instance_parallel_clone;sweep_id=sweep-20260920T012411Z;arch=arm64;condition=sites_only;local_nvme=true;n_timed=20;suite_id=s01;clone_run_index=12
2026-09-20,vep-rs,0.1.0-23a294cf,clinvar_grch37,GRCh37,r8gd.8xlarge,13,5.960,2207.5,1073,0,121415,warm,methodology=cross_instance_parallel_clone;sweep_id=sweep-20260920T012411Z;arch=arm64;condition=sites_only;local_nvme=true;n_timed=20;suite_id=s01;clone_run_index=13
2026-09-20,vep-rs,0.1.0-23a294cf,clinvar_grch37,GRCh37,r8gd.8xlarge,14,5.980,2146.3,1065,0,123578,warm,methodology=cross_instance_parallel_clone;sweep_id=sweep-20260920T012411Z;arch=arm64;condition=sites_only;local_nvme=true;n_timed=20;suite_id=s01;clone_run_index=14
2026-09-20,vep-rs,0.1.0-23a294cf,clinvar_grch37,GRCh37,r8gd.8xlarge,15,5.900,2122.0,1070,0,118811,warm,methodology=cross_instance_parallel_clone;sweep_id=sweep-20260920T012411Z;arch=arm64;condition=sites_only;local_nvme=true;n_timed=20;suite_id=s01;clone_run_index=15
2026-09-20,vep-rs,0.1.0-23a294cf,clinvar_grch37,GRCh37,r8gd.8xlarge,16,6.170,2161.8,1052,0,112059,warm,methodology=cross_instance_parallel_clone;sweep_id=sweep-20260920T012411Z;arch=arm64;condition=sites_only;local_nvme=true;n_timed=20;suite_id=s01;clone_run_index=16
2026-09-20,vep-rs,0.1.0-23a294cf,clinvar_grch37,GRCh37,r8gd.8xlarge,17,5.900,2129.0,1070,0,109951,warm,methodology=cross_instance_parallel_clone;sweep_id=sweep-20260920T012411Z;arch=arm64;condition=sites_only;local_nvme=true;n_timed=20;suite_id=s01;clone_run_index=17
2026-09-20,vep-rs,0.1.0-23a294cf,clinvar_grch37,GRCh37,r8gd.8xlarge,18,5.930,2154.7,1064,1,136877,warm,methodology=cross_instance_parallel_clone;sweep_id=sweep-20260920T012411Z;arch=arm64;condition=sites_only;local_nvme=true;n_timed=20;suite_id=s01;clone_run_index=18
2026-09-20,vep-rs,0.1.0-23a294cf,clinvar_grch37,GRCh37,r8gd.8xlarge,19,5.970,2226.1,1068,1,129394,warm,methodology=cross_instance_parallel_clone;sweep_id=sweep-20260920T012411Z;arch=arm64;condition=sites_only;local_nvme=true;n_timed=20;suite_id=s01;clone_run_index=19
2026-09-20,vep-rs,0.1.0-23a294cf,clinvar_grch37,GRCh37,r8gd.8xlarge,20,6.040,2209.6,1058,0,118916,warm,methodology=cross_instance_parallel_clone;sweep_id=sweep-20260920T012411Z;arch=arm64;condition=sites_only;local_nvme=true;n_timed=20;suite_id=s01;clone_run_index=20
2026-09-20,vep-rs,0.1.0-23a294cf,clinvar_grch37,GRCh37,r8gd.8xlarge,median_of_20,5.995,2181.8,,,,warm,methodology=cross_instance_parallel_clone;sweep_id=sweep-20260920T012411Z;arch=arm64;condition=sites_only;local_nvme=true;n_timed=20;suite_id=s01;p5=5.900;p25=5.960;p75=6.085;p95=6.189;min=5.900;max=6.190;n_clones=20;warmup_run_discarded_per_clone=1;p95_p5_ratio=1.049
2026-09-20,vep-rs,0.1.0-48b2a959,clinvar_grch37,GRCh37,r8id.8xlarge,1,6.280,2216.2,1197,3,132761,warm,methodology=cross_instance_parallel_clone;sweep_id=sweep-20260920T012411Z;arch=x86_64;condition=sites_only;local_nvme=true;n_timed=20;suite_id=s01;clone_run_index=1
2026-09-20,vep-rs,0.1.0-48b2a959,clinvar_grch37,GRCh37,r8id.8xlarge,2,6.170,2195.4,1217,7,128274,warm,methodology=cross_instance_parallel_clone;sweep_id=sweep-20260920T012411Z;arch=x86_64;condition=sites_only;local_nvme=true;n_timed=20;suite_id=s01;clone_run_index=2
2026-09-20,vep-rs,0.1.0-48b2a959,clinvar_grch37,GRCh37,r8id.8xlarge,3,6.200,2148.5,1221,0,126533,warm,methodology=cross_instance_parallel_clone;sweep_id=sweep-20260920T012411Z;arch=x86_64;condition=sites_only;local_nvme=true;n_timed=20;suite_id=s01;clone_run_index=3
2026-09-20,vep-rs,0.1.0-48b2a959,clinvar_grch37,GRCh37,r8id.8xlarge,4,6.280,2200.5,1211,1,132740,warm,methodology=cross_instance_parallel_clone;sweep_id=sweep-20260920T012411Z;arch=x86_64;condition=sites_only;local_nvme=true;n_timed=20;suite_id=s01;clone_run_index=4
2026-09-20,vep-rs,0.1.0-48b2a959,clinvar_grch37,GRCh37,r8id.8xlarge,5,6.090,2161.2,1219,0,146662,warm,methodology=cross_instance_parallel_clone;sweep_id=sweep-20260920T012411Z;arch=x86_64;condition=sites_only;local_nvme=true;n_timed=20;suite_id=s01;clone_run_index=5
2026-09-20,vep-rs,0.1.0-48b2a959,clinvar_grch37,GRCh37,r8id.8xlarge,6,6.290,2227.1,1213,1,92974,warm,methodology=cross_instance_parallel_clone;sweep_id=sweep-20260920T012411Z;arch=x86_64;condition=sites_only;local_nvme=true;n_timed=20;suite_id=s01;clone_run_index=6
2026-09-20,vep-rs,0.1.0-48b2a959,clinvar_grch37,GRCh37,r8id.8xlarge,7,6.160,2236.3,1217,4,132649,warm,methodology=cross_instance_parallel_clone;sweep_id=sweep-20260920T012411Z;arch=x86_64;condition=sites_only;local_nvme=true;n_timed=20;suite_id=s01;clone_run_index=7
2026-09-20,vep-rs,0.1.0-48b2a959,clinvar_grch37,GRCh37,r8id.8xlarge,8,6.220,2229.0,1219,0,130510,warm,methodology=cross_instance_parallel_clone;sweep_id=sweep-20260920T012411Z;arch=x86_64;condition=sites_only;local_nvme=true;n_timed=20;suite_id=s01;clone_run_index=8
2026-09-20,vep-rs,0.1.0-48b2a959,clinvar_grch37,GRCh37,r8id.8xlarge,9,6.240,2200.9,1218,2,130397,warm,methodology=cross_instance_parallel_clone;sweep_id=sweep-20260920T012411Z;arch=x86_64;condition=sites_only;local_nvme=true;n_timed=20;suite_id=s01;clone_run_index=9
2026-09-20,vep-rs,0.1.0-48b2a959,clinvar_grch37,GRCh37,r8id.8xlarge,10,6.150,2222.6,1225,2,126547,warm,methodology=cross_instance_parallel_clone;sweep_id=sweep-20260920T012411Z;arch=x86_64;condition=sites_only;local_nvme=true;n_timed=20;suite_id=s01;clone_run_index=10
2026-09-20,vep-rs,0.1.0-48b2a959,clinvar_grch37,GRCh37,r8id.8xlarge,11,6.160,2206.0,1224,11,127621,warm,methodology=cross_instance_parallel_clone;sweep_id=sweep-20260920T012411Z;arch=x86_64;condition=sites_only;local_nvme=true;n_timed=20;suite_id=s01;clone_run_index=11
2026-09-20,vep-rs,0.1.0-48b2a959,clinvar_grch37,GRCh37,r8id.8xlarge,12,6.320,2199.2,1210,0,139182,warm,methodology=cross_instance_parallel_clone;sweep_id=sweep-20260920T012411Z;arch=x86_64;condition=sites_only;local_nvme=true;n_timed=20;suite_id=s01;clone_run_index=12
2026-09-20,vep-rs,0.1.0-48b2a959,clinvar_grch37,GRCh37,r8id.8xlarge,13,6.250,2276.4,1205,3,126354,warm,methodology=cross_instance_parallel_clone;sweep_id=sweep-20260920T012411Z;arch=x86_64;condition=sites_only;local_nvme=true;n_timed=20;suite_id=s01;clone_run_index=13
2026-09-20,vep-rs,0.1.0-48b2a959,clinvar_grch37,GRCh37,r8id.8xlarge,14,6.160,2288.4,1227,0,120100,warm,methodology=cross_instance_parallel_clone;sweep_id=sweep-20260920T012411Z;arch=x86_64;condition=sites_only;local_nvme=true;n_timed=20;suite_id=s01;clone_run_index=14
2026-09-20,vep-rs,0.1.0-48b2a959,clinvar_grch37,GRCh37,r8id.8xlarge,15,6.160,2167.8,1221,0,108832,warm,methodology=cross_instance_parallel_clone;sweep_id=sweep-20260920T012411Z;arch=x86_64;condition=sites_only;local_nvme=true;n_timed=20;suite_id=s01;clone_run_index=15
2026-09-20,vep-rs,0.1.0-48b2a959,clinvar_grch37,GRCh37,r8id.8xlarge,16,6.220,2219.6,1222,0,125424,warm,methodology=cross_instance_parallel_clone;sweep_id=sweep-20260920T012411Z;arch=x86_64;condition=sites_only;local_nvme=true;n_timed=20;suite_id=s01;clone_run_index=16
2026-09-20,vep-rs,0.1.0-48b2a959,clinvar_grch37,GRCh37,r8id.8xlarge,17,6.240,2241.3,1216,0,133297,warm,methodology=cross_instance_parallel_clone;sweep_id=sweep-20260920T012411Z;arch=x86_64;condition=sites_only;local_nvme=true;n_timed=20;suite_id=s01;clone_run_index=17
2026-09-20,vep-rs,0.1.0-48b2a959,clinvar_grch37,GRCh37,r8id.8xlarge,18,6.190,2194.9,1215,1,136727,warm,methodology=cross_instance_parallel_clone;sweep_id=sweep-20260920T012411Z;arch=x86_64;condition=sites_only;local_nvme=true;n_timed=20;suite_id=s01;clone_run_index=18
2026-09-20,vep-rs,0.1.0-48b2a959,clinvar_grch37,GRCh37,r8id.8xlarge,19,6.150,2174.7,1214,0,119138,warm,methodology=cross_instance_parallel_clone;sweep_id=sweep-20260920T012411Z;arch=x86_64;condition=sites_only;local_nvme=true;n_timed=20;suite_id=s01;clone_run_index=19
2026-09-20,vep-rs,0.1.0-48b2a959,clinvar_grch37,GRCh37,r8id.8xlarge,20,6.160,2177.3,1219,9,108333,warm,methodology=cross_instance_parallel_clone;sweep_id=sweep-20260920T012411Z;arch=x86_64;condition=sites_only;local_nvme=true;n_timed=20;suite_id=s01;clone_run_index=20
2026-09-20,vep-rs,0.1.0-48b2a959,clinvar_grch37,GRCh37,r8id.8xlarge,median_of_20,6.195,2203.5,,,,warm,methodology=cross_instance_parallel_clone;sweep_id=sweep-20260920T012411Z;arch=x86_64;condition=sites_only;local_nvme=true;n_timed=20;suite_id=s01;p5=6.093;p25=6.160;p75=6.248;p95=6.319;min=6.090;max=6.320;n_clones=20;warmup_run_discarded_per_clone=1;p95_p5_ratio=1.037
2026-09-20,vep-rs,0.1.0-23a294cf,clinvar_grch38,GRCh38,r8gd.8xlarge,1,12.350,4669.7,1215,1,509986,warm,methodology=cross_instance_parallel_clone;sweep_id=sweep-20260920T012411Z;arch=arm64;condition=sites_only;local_nvme=true;n_timed=20;suite_id=s02;clone_run_index=1
2026-09-20,vep-rs,0.1.0-23a294cf,clinvar_grch38,GRCh38,r8gd.8xlarge,2,12.610,4636.1,1218,0,422713,warm,methodology=cross_instance_parallel_clone;sweep_id=sweep-20260920T012411Z;arch=arm64;condition=sites_only;local_nvme=true;n_timed=20;suite_id=s02;clone_run_index=2
2026-09-20,vep-rs,0.1.0-23a294cf,clinvar_grch38,GRCh38,r8gd.8xlarge,3,12.500,4636.6,1221,0,428264,warm,methodology=cross_instance_parallel_clone;sweep_id=sweep-20260920T012411Z;arch=arm64;condition=sites_only;local_nvme=true;n_timed=20;suite_id=s02;clone_run_index=3
2026-09-20,vep-rs,0.1.0-23a294cf,clinvar_grch38,GRCh38,r8gd.8xlarge,4,12.380,4722.5,1217,0,481135,warm,methodology=cross_instance_parallel_clone;sweep_id=sweep-20260920T012411Z;arch=arm64;condition=sites_only;local_nvme=true;n_timed=20;suite_id=s02;clone_run_index=4
2026-09-20,vep-rs,0.1.0-23a294cf,clinvar_grch38,GRCh38,r8gd.8xlarge,5,12.350,4665.5,1217,0,408600,warm,methodology=cross_instance_parallel_clone;sweep_id=sweep-20260920T012411Z;arch=arm64;condition=sites_only;local_nvme=true;n_timed=20;suite_id=s02;clone_run_index=5
2026-09-20,vep-rs,0.1.0-23a294cf,clinvar_grch38,GRCh38,r8gd.8xlarge,6,12.310,4649.3,1215,1,453178,warm,methodology=cross_instance_parallel_clone;sweep_id=sweep-20260920T012411Z;arch=arm64;condition=sites_only;local_nvme=true;n_timed=20;suite_id=s02;clone_run_index=6
2026-09-20,vep-rs,0.1.0-23a294cf,clinvar_grch38,GRCh38,r8gd.8xlarge,7,12.450,4679.7,1215,0,423780,warm,methodology=cross_instance_parallel_clone;sweep_id=sweep-20260920T012411Z;arch=arm64;condition=sites_only;local_nvme=true;n_timed=20;suite_id=s02;clone_run_index=7
2026-09-20,vep-rs,0.1.0-23a294cf,clinvar_grch38,GRCh38,r8gd.8xlarge,8,12.520,4709.4,1220,0,399516,warm,methodology=cross_instance_parallel_clone;sweep_id=sweep-20260920T012411Z;arch=arm64;condition=sites_only;local_nvme=true;n_timed=20;suite_id=s02;clone_run_index=8
2026-09-20,vep-rs,0.1.0-23a294cf,clinvar_grch38,GRCh38,r8gd.8xlarge,9,12.370,4690.2,1222,5,464681,warm,methodology=cross_instance_parallel_clone;sweep_id=sweep-20260920T012411Z;arch=arm64;condition=sites_only;local_nvme=true;n_timed=20;suite_id=s02;clone_run_index=9
2026-09-20,vep-rs,0.1.0-23a294cf,clinvar_grch38,GRCh38,r8gd.8xlarge,10,12.390,4672.6,1219,4,425139,warm,methodology=cross_instance_parallel_clone;sweep_id=sweep-20260920T012411Z;arch=arm64;condition=sites_only;local_nvme=true;n_timed=20;suite_id=s02;clone_run_index=10
2026-09-20,vep-rs,0.1.0-23a294cf,clinvar_grch38,GRCh38,r8gd.8xlarge,11,12.300,4658.3,1222,1,431774,warm,methodology=cross_instance_parallel_clone;sweep_id=sweep-20260920T012411Z;arch=arm64;condition=sites_only;local_nvme=true;n_timed=20;suite_id=s02;clone_run_index=11
2026-09-20,vep-rs,0.1.0-23a294cf,clinvar_grch38,GRCh38,r8gd.8xlarge,12,12.300,4712.1,1219,2,426414,warm,methodology=cross_instance_parallel_clone;sweep_id=sweep-20260920T012411Z;arch=arm64;condition=sites_only;local_nvme=true;n_timed=20;suite_id=s02;clone_run_index=12
2026-09-20,vep-rs,0.1.0-23a294cf,clinvar_grch38,GRCh38,r8gd.8xlarge,13,12.330,4667.8,1222,0,448866,warm,methodology=cross_instance_parallel_clone;sweep_id=sweep-20260920T012411Z;arch=arm64;condition=sites_only;local_nvme=true;n_timed=20;suite_id=s02;clone_run_index=13
2026-09-20,vep-rs,0.1.0-23a294cf,clinvar_grch38,GRCh38,r8gd.8xlarge,14,12.250,4651.4,1225,0,370797,warm,methodology=cross_instance_parallel_clone;sweep_id=sweep-20260920T012411Z;arch=arm64;condition=sites_only;local_nvme=true;n_timed=20;suite_id=s02;clone_run_index=14
2026-09-20,vep-rs,0.1.0-23a294cf,clinvar_grch38,GRCh38,r8gd.8xlarge,15,12.160,4720.3,1224,6,337838,warm,methodology=cross_instance_parallel_clone;sweep_id=sweep-20260920T012411Z;arch=arm64;condition=sites_only;local_nvme=true;n_timed=20;suite_id=s02;clone_run_index=15
2026-09-20,vep-rs,0.1.0-23a294cf,clinvar_grch38,GRCh38,r8gd.8xlarge,16,12.490,4720.2,1216,4,417003,warm,methodology=cross_instance_parallel_clone;sweep_id=sweep-20260920T012411Z;arch=arm64;condition=sites_only;local_nvme=true;n_timed=20;suite_id=s02;clone_run_index=16
2026-09-20,vep-rs,0.1.0-23a294cf,clinvar_grch38,GRCh38,r8gd.8xlarge,17,12.220,4717.7,1221,2,421755,warm,methodology=cross_instance_parallel_clone;sweep_id=sweep-20260920T012411Z;arch=arm64;condition=sites_only;local_nvme=true;n_timed=20;suite_id=s02;clone_run_index=17
2026-09-20,vep-rs,0.1.0-23a294cf,clinvar_grch38,GRCh38,r8gd.8xlarge,18,12.240,4668.6,1217,6,374880,warm,methodology=cross_instance_parallel_clone;sweep_id=sweep-20260920T012411Z;arch=arm64;condition=sites_only;local_nvme=true;n_timed=20;suite_id=s02;clone_run_index=18
2026-09-20,vep-rs,0.1.0-23a294cf,clinvar_grch38,GRCh38,r8gd.8xlarge,19,12.250,4763.1,1224,3,390964,warm,methodology=cross_instance_parallel_clone;sweep_id=sweep-20260920T012411Z;arch=arm64;condition=sites_only;local_nvme=true;n_timed=20;suite_id=s02;clone_run_index=19
2026-09-20,vep-rs,0.1.0-23a294cf,clinvar_grch38,GRCh38,r8gd.8xlarge,20,12.420,4647.7,1211,0,516974,warm,methodology=cross_instance_parallel_clone;sweep_id=sweep-20260920T012411Z;arch=arm64;condition=sites_only;local_nvme=true;n_timed=20;suite_id=s02;clone_run_index=20
2026-09-20,vep-rs,0.1.0-23a294cf,clinvar_grch38,GRCh38,r8gd.8xlarge,median_of_20,12.350,4671.2,,,,warm,methodology=cross_instance_parallel_clone;sweep_id=sweep-20260920T012411Z;arch=arm64;condition=sites_only;local_nvme=true;n_timed=20;suite_id=s02;p5=12.163;p25=12.263;p75=12.442;p95=12.606;min=12.160;max=12.610;n_clones=20;warmup_run_discarded_per_clone=1;p95_p5_ratio=1.036
2026-09-20,vep-rs,0.1.0-48b2a959,clinvar_grch38,GRCh38,r8id.8xlarge,1,12.530,4658.6,1297,0,367994,warm,methodology=cross_instance_parallel_clone;sweep_id=sweep-20260920T012411Z;arch=x86_64;condition=sites_only;local_nvme=true;n_timed=20;suite_id=s02;clone_run_index=1
2026-09-20,vep-rs,0.1.0-48b2a959,clinvar_grch38,GRCh38,r8id.8xlarge,2,12.510,4606.3,1306,0,434663,warm,methodology=cross_instance_parallel_clone;sweep_id=sweep-20260920T012411Z;arch=x86_64;condition=sites_only;local_nvme=true;n_timed=20;suite_id=s02;clone_run_index=2
2026-09-20,vep-rs,0.1.0-48b2a959,clinvar_grch38,GRCh38,r8id.8xlarge,3,12.560,4610.3,1288,0,450888,warm,methodology=cross_instance_parallel_clone;sweep_id=sweep-20260920T012411Z;arch=x86_64;condition=sites_only;local_nvme=true;n_timed=20;suite_id=s02;clone_run_index=3
2026-09-20,vep-rs,0.1.0-48b2a959,clinvar_grch38,GRCh38,r8id.8xlarge,4,12.690,4696.0,1289,0,435686,warm,methodology=cross_instance_parallel_clone;sweep_id=sweep-20260920T012411Z;arch=x86_64;condition=sites_only;local_nvme=true;n_timed=20;suite_id=s02;clone_run_index=4
2026-09-20,vep-rs,0.1.0-48b2a959,clinvar_grch38,GRCh38,r8id.8xlarge,5,12.640,4644.3,1294,4,378710,warm,methodology=cross_instance_parallel_clone;sweep_id=sweep-20260920T012411Z;arch=x86_64;condition=sites_only;local_nvme=true;n_timed=20;suite_id=s02;clone_run_index=5
2026-09-20,vep-rs,0.1.0-48b2a959,clinvar_grch38,GRCh38,r8id.8xlarge,6,12.600,4670.9,1298,0,370413,warm,methodology=cross_instance_parallel_clone;sweep_id=sweep-20260920T012411Z;arch=x86_64;condition=sites_only;local_nvme=true;n_timed=20;suite_id=s02;clone_run_index=6
2026-09-20,vep-rs,0.1.0-48b2a959,clinvar_grch38,GRCh38,r8id.8xlarge,7,12.590,4715.5,1292,0,416784,warm,methodology=cross_instance_parallel_clone;sweep_id=sweep-20260920T012411Z;arch=x86_64;condition=sites_only;local_nvme=true;n_timed=20;suite_id=s02;clone_run_index=7
2026-09-20,vep-rs,0.1.0-48b2a959,clinvar_grch38,GRCh38,r8id.8xlarge,8,12.540,4650.3,1298,0,399949,warm,methodology=cross_instance_parallel_clone;sweep_id=sweep-20260920T012411Z;arch=x86_64;condition=sites_only;local_nvme=true;n_timed=20;suite_id=s02;clone_run_index=8
2026-09-20,vep-rs,0.1.0-48b2a959,clinvar_grch38,GRCh38,r8id.8xlarge,9,12.490,4622.9,1297,1,433159,warm,methodology=cross_instance_parallel_clone;sweep_id=sweep-20260920T012411Z;arch=x86_64;condition=sites_only;local_nvme=true;n_timed=20;suite_id=s02;clone_run_index=9
2026-09-20,vep-rs,0.1.0-48b2a959,clinvar_grch38,GRCh38,r8id.8xlarge,10,12.690,4741.9,1296,1,395158,warm,methodology=cross_instance_parallel_clone;sweep_id=sweep-20260920T012411Z;arch=x86_64;condition=sites_only;local_nvme=true;n_timed=20;suite_id=s02;clone_run_index=10
2026-09-20,vep-rs,0.1.0-48b2a959,clinvar_grch38,GRCh38,r8id.8xlarge,11,12.400,4549.2,1299,0,405280,warm,methodology=cross_instance_parallel_clone;sweep_id=sweep-20260920T012411Z;arch=x86_64;condition=sites_only;local_nvme=true;n_timed=20;suite_id=s02;clone_run_index=11
2026-09-20,vep-rs,0.1.0-48b2a959,clinvar_grch38,GRCh38,r8id.8xlarge,12,12.460,4615.8,1307,4,428623,warm,methodology=cross_instance_parallel_clone;sweep_id=sweep-20260920T012411Z;arch=x86_64;condition=sites_only;local_nvme=true;n_timed=20;suite_id=s02;clone_run_index=12
2026-09-20,vep-rs,0.1.0-48b2a959,clinvar_grch38,GRCh38,r8id.8xlarge,13,12.580,4635.2,1299,0,420884,warm,methodology=cross_instance_parallel_clone;sweep_id=sweep-20260920T012411Z;arch=x86_64;condition=sites_only;local_nvme=true;n_timed=20;suite_id=s02;clone_run_index=13
2026-09-20,vep-rs,0.1.0-48b2a959,clinvar_grch38,GRCh38,r8id.8xlarge,14,12.300,4714.2,1305,1,442819,warm,methodology=cross_instance_parallel_clone;sweep_id=sweep-20260920T012411Z;arch=x86_64;condition=sites_only;local_nvme=true;n_timed=20;suite_id=s02;clone_run_index=14
2026-09-20,vep-rs,0.1.0-48b2a959,clinvar_grch38,GRCh38,r8id.8xlarge,15,12.340,4693.2,1298,0,370960,warm,methodology=cross_instance_parallel_clone;sweep_id=sweep-20260920T012411Z;arch=x86_64;condition=sites_only;local_nvme=true;n_timed=20;suite_id=s02;clone_run_index=15
2026-09-20,vep-rs,0.1.0-48b2a959,clinvar_grch38,GRCh38,r8id.8xlarge,16,12.570,4594.0,1299,0,424921,warm,methodology=cross_instance_parallel_clone;sweep_id=sweep-20260920T012411Z;arch=x86_64;condition=sites_only;local_nvme=true;n_timed=20;suite_id=s02;clone_run_index=16
2026-09-20,vep-rs,0.1.0-48b2a959,clinvar_grch38,GRCh38,r8id.8xlarge,17,12.550,4695.9,1312,0,357130,warm,methodology=cross_instance_parallel_clone;sweep_id=sweep-20260920T012411Z;arch=x86_64;condition=sites_only;local_nvme=true;n_timed=20;suite_id=s02;clone_run_index=17
2026-09-20,vep-rs,0.1.0-48b2a959,clinvar_grch38,GRCh38,r8id.8xlarge,18,12.590,4676.0,1287,0,445906,warm,methodology=cross_instance_parallel_clone;sweep_id=sweep-20260920T012411Z;arch=x86_64;condition=sites_only;local_nvme=true;n_timed=20;suite_id=s02;clone_run_index=18
2026-09-20,vep-rs,0.1.0-48b2a959,clinvar_grch38,GRCh38,r8id.8xlarge,19,12.470,4609.0,1300,1,465735,warm,methodology=cross_instance_parallel_clone;sweep_id=sweep-20260920T012411Z;arch=x86_64;condition=sites_only;local_nvme=true;n_timed=20;suite_id=s02;clone_run_index=19
2026-09-20,vep-rs,0.1.0-48b2a959,clinvar_grch38,GRCh38,r8id.8xlarge,20,12.580,4706.4,1293,0,410954,warm,methodology=cross_instance_parallel_clone;sweep_id=sweep-20260920T012411Z;arch=x86_64;condition=sites_only;local_nvme=true;n_timed=20;suite_id=s02;clone_run_index=20
2026-09-20,vep-rs,0.1.0-48b2a959,clinvar_grch38,GRCh38,r8id.8xlarge,median_of_20,12.555,4654.5,,,,warm,methodology=cross_instance_parallel_clone;sweep_id=sweep-20260920T012411Z;arch=x86_64;condition=sites_only;local_nvme=true;n_timed=20;suite_id=s02;p5=12.302;p25=12.475;p75=12.590;p95=12.690;min=12.300;max=12.690;n_clones=20;warmup_run_discarded_per_clone=1;p95_p5_ratio=1.032
2026-09-20,vep-rs,0.1.0-23a294cf,gnomad_v2.1.1_chr21,GRCh37,r8gd.8xlarge,1,6.840,652.3,1252,0,77751,warm,methodology=cross_instance_parallel_clone;sweep_id=sweep-20260920T012411Z;arch=arm64;condition=sites_only;local_nvme=true;n_timed=20;suite_id=s03;clone_run_index=1
2026-09-20,vep-rs,0.1.0-23a294cf,gnomad_v2.1.1_chr21,GRCh37,r8gd.8xlarge,2,6.890,623.9,1256,0,94535,warm,methodology=cross_instance_parallel_clone;sweep_id=sweep-20260920T012411Z;arch=arm64;condition=sites_only;local_nvme=true;n_timed=20;suite_id=s03;clone_run_index=2
2026-09-20,vep-rs,0.1.0-23a294cf,gnomad_v2.1.1_chr21,GRCh37,r8gd.8xlarge,3,6.850,653.6,1259,0,89648,warm,methodology=cross_instance_parallel_clone;sweep_id=sweep-20260920T012411Z;arch=arm64;condition=sites_only;local_nvme=true;n_timed=20;suite_id=s03;clone_run_index=3
2026-09-20,vep-rs,0.1.0-23a294cf,gnomad_v2.1.1_chr21,GRCh37,r8gd.8xlarge,4,6.840,636.0,1251,0,82567,warm,methodology=cross_instance_parallel_clone;sweep_id=sweep-20260920T012411Z;arch=arm64;condition=sites_only;local_nvme=true;n_timed=20;suite_id=s03;clone_run_index=4
2026-09-20,vep-rs,0.1.0-23a294cf,gnomad_v2.1.1_chr21,GRCh37,r8gd.8xlarge,5,6.870,641.7,1244,0,96591,warm,methodology=cross_instance_parallel_clone;sweep_id=sweep-20260920T012411Z;arch=arm64;condition=sites_only;local_nvme=true;n_timed=20;suite_id=s03;clone_run_index=5
2026-09-20,vep-rs,0.1.0-23a294cf,gnomad_v2.1.1_chr21,GRCh37,r8gd.8xlarge,6,6.830,647.3,1249,0,89515,warm,methodology=cross_instance_parallel_clone;sweep_id=sweep-20260920T012411Z;arch=arm64;condition=sites_only;local_nvme=true;n_timed=20;suite_id=s03;clone_run_index=6
2026-09-20,vep-rs,0.1.0-23a294cf,gnomad_v2.1.1_chr21,GRCh37,r8gd.8xlarge,7,6.880,641.1,1254,2,100157,warm,methodology=cross_instance_parallel_clone;sweep_id=sweep-20260920T012411Z;arch=arm64;condition=sites_only;local_nvme=true;n_timed=20;suite_id=s03;clone_run_index=7
2026-09-20,vep-rs,0.1.0-23a294cf,gnomad_v2.1.1_chr21,GRCh37,r8gd.8xlarge,8,6.850,622.5,1268,0,90467,warm,methodology=cross_instance_parallel_clone;sweep_id=sweep-20260920T012411Z;arch=arm64;condition=sites_only;local_nvme=true;n_timed=20;suite_id=s03;clone_run_index=8
2026-09-20,vep-rs,0.1.0-23a294cf,gnomad_v2.1.1_chr21,GRCh37,r8gd.8xlarge,9,6.860,687.8,1251,0,93767,warm,methodology=cross_instance_parallel_clone;sweep_id=sweep-20260920T012411Z;arch=arm64;condition=sites_only;local_nvme=true;n_timed=20;suite_id=s03;clone_run_index=9
2026-09-20,vep-rs,0.1.0-23a294cf,gnomad_v2.1.1_chr21,GRCh37,r8gd.8xlarge,10,6.870,626.2,1245,0,93849,warm,methodology=cross_instance_parallel_clone;sweep_id=sweep-20260920T012411Z;arch=arm64;condition=sites_only;local_nvme=true;n_timed=20;suite_id=s03;clone_run_index=10
2026-09-20,vep-rs,0.1.0-23a294cf,gnomad_v2.1.1_chr21,GRCh37,r8gd.8xlarge,11,6.830,645.1,1250,1,94160,warm,methodology=cross_instance_parallel_clone;sweep_id=sweep-20260920T012411Z;arch=arm64;condition=sites_only;local_nvme=true;n_timed=20;suite_id=s03;clone_run_index=11
2026-09-20,vep-rs,0.1.0-23a294cf,gnomad_v2.1.1_chr21,GRCh37,r8gd.8xlarge,12,6.830,670.4,1249,0,85703,warm,methodology=cross_instance_parallel_clone;sweep_id=sweep-20260920T012411Z;arch=arm64;condition=sites_only;local_nvme=true;n_timed=20;suite_id=s03;clone_run_index=12
2026-09-20,vep-rs,0.1.0-23a294cf,gnomad_v2.1.1_chr21,GRCh37,r8gd.8xlarge,13,6.840,627.6,1255,0,81313,warm,methodology=cross_instance_parallel_clone;sweep_id=sweep-20260920T012411Z;arch=arm64;condition=sites_only;local_nvme=true;n_timed=20;suite_id=s03;clone_run_index=13
2026-09-20,vep-rs,0.1.0-23a294cf,gnomad_v2.1.1_chr21,GRCh37,r8gd.8xlarge,14,6.830,665.8,1254,0,79693,warm,methodology=cross_instance_parallel_clone;sweep_id=sweep-20260920T012411Z;arch=arm64;condition=sites_only;local_nvme=true;n_timed=20;suite_id=s03;clone_run_index=14
2026-09-20,vep-rs,0.1.0-23a294cf,gnomad_v2.1.1_chr21,GRCh37,r8gd.8xlarge,15,6.810,655.6,1249,0,80837,warm,methodology=cross_instance_parallel_clone;sweep_id=sweep-20260920T012411Z;arch=arm64;condition=sites_only;local_nvme=true;n_timed=20;suite_id=s03;clone_run_index=15
2026-09-20,vep-rs,0.1.0-23a294cf,gnomad_v2.1.1_chr21,GRCh37,r8gd.8xlarge,16,6.870,630.7,1256,0,83735,warm,methodology=cross_instance_parallel_clone;sweep_id=sweep-20260920T012411Z;arch=arm64;condition=sites_only;local_nvme=true;n_timed=20;suite_id=s03;clone_run_index=16
2026-09-20,vep-rs,0.1.0-23a294cf,gnomad_v2.1.1_chr21,GRCh37,r8gd.8xlarge,17,6.830,674.7,1247,0,75534,warm,methodology=cross_instance_parallel_clone;sweep_id=sweep-20260920T012411Z;arch=arm64;condition=sites_only;local_nvme=true;n_timed=20;suite_id=s03;clone_run_index=17
2026-09-20,vep-rs,0.1.0-23a294cf,gnomad_v2.1.1_chr21,GRCh37,r8gd.8xlarge,18,6.830,621.9,1246,0,93203,warm,methodology=cross_instance_parallel_clone;sweep_id=sweep-20260920T012411Z;arch=arm64;condition=sites_only;local_nvme=true;n_timed=20;suite_id=s03;clone_run_index=18
2026-09-20,vep-rs,0.1.0-23a294cf,gnomad_v2.1.1_chr21,GRCh37,r8gd.8xlarge,19,6.830,660.6,1253,0,71270,warm,methodology=cross_instance_parallel_clone;sweep_id=sweep-20260920T012411Z;arch=arm64;condition=sites_only;local_nvme=true;n_timed=20;suite_id=s03;clone_run_index=19
2026-09-20,vep-rs,0.1.0-23a294cf,gnomad_v2.1.1_chr21,GRCh37,r8gd.8xlarge,20,6.840,641.8,1251,0,89594,warm,methodology=cross_instance_parallel_clone;sweep_id=sweep-20260920T012411Z;arch=arm64;condition=sites_only;local_nvme=true;n_timed=20;suite_id=s03;clone_run_index=20
2026-09-20,vep-rs,0.1.0-23a294cf,gnomad_v2.1.1_chr21,GRCh37,r8gd.8xlarge,median_of_20,6.840,643.5,,,,warm,methodology=cross_instance_parallel_clone;sweep_id=sweep-20260920T012411Z;arch=arm64;condition=sites_only;local_nvme=true;n_timed=20;suite_id=s03;p5=6.811;p25=6.830;p75=6.868;p95=6.890;min=6.810;max=6.890;n_clones=20;warmup_run_discarded_per_clone=1;p95_p5_ratio=1.012
2026-09-20,vep-rs,0.1.0-48b2a959,gnomad_v2.1.1_chr21,GRCh37,r8id.8xlarge,1,9.810,652.7,1218,0,130284,warm,methodology=cross_instance_parallel_clone;sweep_id=sweep-20260920T012411Z;arch=x86_64;condition=sites_only;local_nvme=true;n_timed=20;suite_id=s03;clone_run_index=1
2026-09-20,vep-rs,0.1.0-48b2a959,gnomad_v2.1.1_chr21,GRCh37,r8id.8xlarge,2,10.160,609.3,1177,0,124894,warm,methodology=cross_instance_parallel_clone;sweep_id=sweep-20260920T012411Z;arch=x86_64;condition=sites_only;local_nvme=true;n_timed=20;suite_id=s03;clone_run_index=2
2026-09-20,vep-rs,0.1.0-48b2a959,gnomad_v2.1.1_chr21,GRCh37,r8id.8xlarge,3,9.840,636.6,1212,0,118804,warm,methodology=cross_instance_parallel_clone;sweep_id=sweep-20260920T012411Z;arch=x86_64;condition=sites_only;local_nvme=true;n_timed=20;suite_id=s03;clone_run_index=3
2026-09-20,vep-rs,0.1.0-48b2a959,gnomad_v2.1.1_chr21,GRCh37,r8id.8xlarge,4,10.280,651.9,1172,0,104804,warm,methodology=cross_instance_parallel_clone;sweep_id=sweep-20260920T012411Z;arch=x86_64;condition=sites_only;local_nvme=true;n_timed=20;suite_id=s03;clone_run_index=4
2026-09-20,vep-rs,0.1.0-48b2a959,gnomad_v2.1.1_chr21,GRCh37,r8id.8xlarge,5,10.290,634.0,1178,0,117843,warm,methodology=cross_instance_parallel_clone;sweep_id=sweep-20260920T012411Z;arch=x86_64;condition=sites_only;local_nvme=true;n_timed=20;suite_id=s03;clone_run_index=5
2026-09-20,vep-rs,0.1.0-48b2a959,gnomad_v2.1.1_chr21,GRCh37,r8id.8xlarge,6,10.220,618.2,1183,0,117499,warm,methodology=cross_instance_parallel_clone;sweep_id=sweep-20260920T012411Z;arch=x86_64;condition=sites_only;local_nvme=true;n_timed=20;suite_id=s03;clone_run_index=6
2026-09-20,vep-rs,0.1.0-48b2a959,gnomad_v2.1.1_chr21,GRCh37,r8id.8xlarge,7,9.840,634.9,1217,0,125011,warm,methodology=cross_instance_parallel_clone;sweep_id=sweep-20260920T012411Z;arch=x86_64;condition=sites_only;local_nvme=true;n_timed=20;suite_id=s03;clone_run_index=7
2026-09-20,vep-rs,0.1.0-48b2a959,gnomad_v2.1.1_chr21,GRCh37,r8id.8xlarge,8,9.890,639.2,1205,1,127511,warm,methodology=cross_instance_parallel_clone;sweep_id=sweep-20260920T012411Z;arch=x86_64;condition=sites_only;local_nvme=true;n_timed=20;suite_id=s03;clone_run_index=8
2026-09-20,vep-rs,0.1.0-48b2a959,gnomad_v2.1.1_chr21,GRCh37,r8id.8xlarge,9,9.940,644.9,1217,0,122961,warm,methodology=cross_instance_parallel_clone;sweep_id=sweep-20260920T012411Z;arch=x86_64;condition=sites_only;local_nvme=true;n_timed=20;suite_id=s03;clone_run_index=9
2026-09-20,vep-rs,0.1.0-48b2a959,gnomad_v2.1.1_chr21,GRCh37,r8id.8xlarge,10,10.200,639.9,1180,0,111337,warm,methodology=cross_instance_parallel_clone;sweep_id=sweep-20260920T012411Z;arch=x86_64;condition=sites_only;local_nvme=true;n_timed=20;suite_id=s03;clone_run_index=10
2026-09-20,vep-rs,0.1.0-48b2a959,gnomad_v2.1.1_chr21,GRCh37,r8id.8xlarge,11,10.150,649.3,1174,0,132246,warm,methodology=cross_instance_parallel_clone;sweep_id=sweep-20260920T012411Z;arch=x86_64;condition=sites_only;local_nvme=true;n_timed=20;suite_id=s03;clone_run_index=11
2026-09-20,vep-rs,0.1.0-48b2a959,gnomad_v2.1.1_chr21,GRCh37,r8id.8xlarge,12,9.900,675.4,1214,0,116389,warm,methodology=cross_instance_parallel_clone;sweep_id=sweep-20260920T012411Z;arch=x86_64;condition=sites_only;local_nvme=true;n_timed=20;suite_id=s03;clone_run_index=12
2026-09-20,vep-rs,0.1.0-48b2a959,gnomad_v2.1.1_chr21,GRCh37,r8id.8xlarge,13,10.190,630.5,1176,4,125666,warm,methodology=cross_instance_parallel_clone;sweep_id=sweep-20260920T012411Z;arch=x86_64;condition=sites_only;local_nvme=true;n_timed=20;suite_id=s03;clone_run_index=13
2026-09-20,vep-rs,0.1.0-48b2a959,gnomad_v2.1.1_chr21,GRCh37,r8id.8xlarge,14,10.270,648.1,1176,0,115587,warm,methodology=cross_instance_parallel_clone;sweep_id=sweep-20260920T012411Z;arch=x86_64;condition=sites_only;local_nvme=true;n_timed=20;suite_id=s03;clone_run_index=14
2026-09-20,vep-rs,0.1.0-48b2a959,gnomad_v2.1.1_chr21,GRCh37,r8id.8xlarge,15,9.930,628.7,1209,0,118759,warm,methodology=cross_instance_parallel_clone;sweep_id=sweep-20260920T012411Z;arch=x86_64;condition=sites_only;local_nvme=true;n_timed=20;suite_id=s03;clone_run_index=15
2026-09-20,vep-rs,0.1.0-48b2a959,gnomad_v2.1.1_chr21,GRCh37,r8id.8xlarge,16,10.290,619.0,1184,2,118374,warm,methodology=cross_instance_parallel_clone;sweep_id=sweep-20260920T012411Z;arch=x86_64;condition=sites_only;local_nvme=true;n_timed=20;suite_id=s03;clone_run_index=16
2026-09-20,vep-rs,0.1.0-48b2a959,gnomad_v2.1.1_chr21,GRCh37,r8id.8xlarge,17,10.210,661.9,1179,0,123676,warm,methodology=cross_instance_parallel_clone;sweep_id=sweep-20260920T012411Z;arch=x86_64;condition=sites_only;local_nvme=true;n_timed=20;suite_id=s03;clone_run_index=17
2026-09-20,vep-rs,0.1.0-48b2a959,gnomad_v2.1.1_chr21,GRCh37,r8id.8xlarge,18,10.160,657.5,1183,0,116229,warm,methodology=cross_instance_parallel_clone;sweep_id=sweep-20260920T012411Z;arch=x86_64;condition=sites_only;local_nvme=true;n_timed=20;suite_id=s03;clone_run_index=18
2026-09-20,vep-rs,0.1.0-48b2a959,gnomad_v2.1.1_chr21,GRCh37,r8id.8xlarge,19,9.830,645.1,1216,0,124556,warm,methodology=cross_instance_parallel_clone;sweep_id=sweep-20260920T012411Z;arch=x86_64;condition=sites_only;local_nvme=true;n_timed=20;suite_id=s03;clone_run_index=19
2026-09-20,vep-rs,0.1.0-48b2a959,gnomad_v2.1.1_chr21,GRCh37,r8id.8xlarge,20,10.370,623.2,1151,0,117616,warm,methodology=cross_instance_parallel_clone;sweep_id=sweep-20260920T012411Z;arch=x86_64;condition=sites_only;local_nvme=true;n_timed=20;suite_id=s03;clone_run_index=20
2026-09-20,vep-rs,0.1.0-48b2a959,gnomad_v2.1.1_chr21,GRCh37,r8id.8xlarge,median_of_20,10.160,639.6,,,,warm,methodology=cross_instance_parallel_clone;sweep_id=sweep-20260920T012411Z;arch=x86_64;condition=sites_only;local_nvme=true;n_timed=20;suite_id=s03;p5=9.811;p25=9.893;p75=10.257;p95=10.366;min=9.810;max=10.370;n_clones=20;warmup_run_discarded_per_clone=1;p95_p5_ratio=1.057
2026-09-20,vep-rs,0.1.0-23a294cf,gnomad_v4.1_chr21,GRCh38,r8gd.8xlarge,1,13.980,1891.7,1527,0,447605,warm,methodology=cross_instance_parallel_clone;sweep_id=sweep-20260920T012411Z;arch=arm64;condition=sites_only;local_nvme=true;n_timed=20;suite_id=s04;clone_run_index=1
2026-09-20,vep-rs,0.1.0-23a294cf,gnomad_v4.1_chr21,GRCh38,r8gd.8xlarge,2,14.180,1918.2,1537,0,443444,warm,methodology=cross_instance_parallel_clone;sweep_id=sweep-20260920T012411Z;arch=arm64;condition=sites_only;local_nvme=true;n_timed=20;suite_id=s04;clone_run_index=2
2026-09-20,vep-rs,0.1.0-23a294cf,gnomad_v4.1_chr21,GRCh38,r8gd.8xlarge,3,14.440,1888.8,1515,0,380832,warm,methodology=cross_instance_parallel_clone;sweep_id=sweep-20260920T012411Z;arch=arm64;condition=sites_only;local_nvme=true;n_timed=20;suite_id=s04;clone_run_index=3
2026-09-20,vep-rs,0.1.0-23a294cf,gnomad_v4.1_chr21,GRCh38,r8gd.8xlarge,4,13.790,1896.2,1558,0,408781,warm,methodology=cross_instance_parallel_clone;sweep_id=sweep-20260920T012411Z;arch=arm64;condition=sites_only;local_nvme=true;n_timed=20;suite_id=s04;clone_run_index=4
2026-09-20,vep-rs,0.1.0-23a294cf,gnomad_v4.1_chr21,GRCh38,r8gd.8xlarge,5,13.610,1900.5,1566,0,376552,warm,methodology=cross_instance_parallel_clone;sweep_id=sweep-20260920T012411Z;arch=arm64;condition=sites_only;local_nvme=true;n_timed=20;suite_id=s04;clone_run_index=5
2026-09-20,vep-rs,0.1.0-23a294cf,gnomad_v4.1_chr21,GRCh38,r8gd.8xlarge,6,13.580,1896.2,1565,0,349569,warm,methodology=cross_instance_parallel_clone;sweep_id=sweep-20260920T012411Z;arch=arm64;condition=sites_only;local_nvme=true;n_timed=20;suite_id=s04;clone_run_index=6
2026-09-20,vep-rs,0.1.0-23a294cf,gnomad_v4.1_chr21,GRCh38,r8gd.8xlarge,7,14.080,1905.8,1530,0,452508,warm,methodology=cross_instance_parallel_clone;sweep_id=sweep-20260920T012411Z;arch=arm64;condition=sites_only;local_nvme=true;n_timed=20;suite_id=s04;clone_run_index=7
2026-09-20,vep-rs,0.1.0-23a294cf,gnomad_v4.1_chr21,GRCh38,r8gd.8xlarge,8,14.510,1910.9,1501,0,387738,warm,methodology=cross_instance_parallel_clone;sweep_id=sweep-20260920T012411Z;arch=arm64;condition=sites_only;local_nvme=true;n_timed=20;suite_id=s04;clone_run_index=8
2026-09-20,vep-rs,0.1.0-23a294cf,gnomad_v4.1_chr21,GRCh38,r8gd.8xlarge,9,14.080,1896.9,1527,0,446595,warm,methodology=cross_instance_parallel_clone;sweep_id=sweep-20260920T012411Z;arch=arm64;condition=sites_only;local_nvme=true;n_timed=20;suite_id=s04;clone_run_index=9
2026-09-20,vep-rs,0.1.0-23a294cf,gnomad_v4.1_chr21,GRCh38,r8gd.8xlarge,10,14.050,1885.9,1529,0,448998,warm,methodology=cross_instance_parallel_clone;sweep_id=sweep-20260920T012411Z;arch=arm64;condition=sites_only;local_nvme=true;n_timed=20;suite_id=s04;clone_run_index=10
2026-09-20,vep-rs,0.1.0-23a294cf,gnomad_v4.1_chr21,GRCh38,r8gd.8xlarge,11,13.880,1913.7,1545,0,406543,warm,methodology=cross_instance_parallel_clone;sweep_id=sweep-20260920T012411Z;arch=arm64;condition=sites_only;local_nvme=true;n_timed=20;suite_id=s04;clone_run_index=11
2026-09-20,vep-rs,0.1.0-23a294cf,gnomad_v4.1_chr21,GRCh38,r8gd.8xlarge,12,13.660,1918.2,1567,0,434527,warm,methodology=cross_instance_parallel_clone;sweep_id=sweep-20260920T012411Z;arch=arm64;condition=sites_only;local_nvme=true;n_timed=20;suite_id=s04;clone_run_index=12
2026-09-20,vep-rs,0.1.0-23a294cf,gnomad_v4.1_chr21,GRCh38,r8gd.8xlarge,13,13.960,1871.5,1538,1,405795,warm,methodology=cross_instance_parallel_clone;sweep_id=sweep-20260920T012411Z;arch=arm64;condition=sites_only;local_nvme=true;n_timed=20;suite_id=s04;clone_run_index=13
2026-09-20,vep-rs,0.1.0-23a294cf,gnomad_v4.1_chr21,GRCh38,r8gd.8xlarge,14,13.640,1899.0,1563,0,479175,warm,methodology=cross_instance_parallel_clone;sweep_id=sweep-20260920T012411Z;arch=arm64;condition=sites_only;local_nvme=true;n_timed=20;suite_id=s04;clone_run_index=14
2026-09-20,vep-rs,0.1.0-23a294cf,gnomad_v4.1_chr21,GRCh38,r8gd.8xlarge,15,13.660,1898.8,1550,0,428336,warm,methodology=cross_instance_parallel_clone;sweep_id=sweep-20260920T012411Z;arch=arm64;condition=sites_only;local_nvme=true;n_timed=20;suite_id=s04;clone_run_index=15
2026-09-20,vep-rs,0.1.0-23a294cf,gnomad_v4.1_chr21,GRCh38,r8gd.8xlarge,16,14.330,1854.7,1512,0,349420,warm,methodology=cross_instance_parallel_clone;sweep_id=sweep-20260920T012411Z;arch=arm64;condition=sites_only;local_nvme=true;n_timed=20;suite_id=s04;clone_run_index=16
2026-09-20,vep-rs,0.1.0-23a294cf,gnomad_v4.1_chr21,GRCh38,r8gd.8xlarge,17,13.620,1895.6,1560,0,410053,warm,methodology=cross_instance_parallel_clone;sweep_id=sweep-20260920T012411Z;arch=arm64;condition=sites_only;local_nvme=true;n_timed=20;suite_id=s04;clone_run_index=17
2026-09-20,vep-rs,0.1.0-23a294cf,gnomad_v4.1_chr21,GRCh38,r8gd.8xlarge,18,13.490,1886.6,1570,0,396495,warm,methodology=cross_instance_parallel_clone;sweep_id=sweep-20260920T012411Z;arch=arm64;condition=sites_only;local_nvme=true;n_timed=20;suite_id=s04;clone_run_index=18
2026-09-20,vep-rs,0.1.0-23a294cf,gnomad_v4.1_chr21,GRCh38,r8gd.8xlarge,19,14.100,1890.0,1523,0,369823,warm,methodology=cross_instance_parallel_clone;sweep_id=sweep-20260920T012411Z;arch=arm64;condition=sites_only;local_nvme=true;n_timed=20;suite_id=s04;clone_run_index=19
2026-09-20,vep-rs,0.1.0-23a294cf,gnomad_v4.1_chr21,GRCh38,r8gd.8xlarge,20,13.750,1873.2,1554,2,393367,warm,methodology=cross_instance_parallel_clone;sweep_id=sweep-20260920T012411Z;arch=arm64;condition=sites_only;local_nvme=true;n_timed=20;suite_id=s04;clone_run_index=20
2026-09-20,vep-rs,0.1.0-23a294cf,gnomad_v4.1_chr21,GRCh38,r8gd.8xlarge,median_of_20,13.920,1896.2,,,,warm,methodology=cross_instance_parallel_clone;sweep_id=sweep-20260920T012411Z;arch=arm64;condition=sites_only;local_nvme=true;n_timed=20;suite_id=s04;p5=13.494;p25=13.645;p75=14.095;p95=14.506;min=13.490;max=14.510;n_clones=20;warmup_run_discarded_per_clone=1;p95_p5_ratio=1.075
2026-09-20,vep-rs,0.1.0-48b2a959,gnomad_v4.1_chr21,GRCh38,r8id.8xlarge,1,16.990,1916.0,1806,0,484253,warm,methodology=cross_instance_parallel_clone;sweep_id=sweep-20260920T012411Z;arch=x86_64;condition=sites_only;local_nvme=true;n_timed=20;suite_id=s04;clone_run_index=1
2026-09-20,vep-rs,0.1.0-48b2a959,gnomad_v4.1_chr21,GRCh38,r8id.8xlarge,2,16.900,1932.7,1811,0,576363,warm,methodology=cross_instance_parallel_clone;sweep_id=sweep-20260920T012411Z;arch=x86_64;condition=sites_only;local_nvme=true;n_timed=20;suite_id=s04;clone_run_index=2
2026-09-20,vep-rs,0.1.0-48b2a959,gnomad_v4.1_chr21,GRCh38,r8id.8xlarge,3,17.080,1910.9,1794,5,656723,warm,methodology=cross_instance_parallel_clone;sweep_id=sweep-20260920T012411Z;arch=x86_64;condition=sites_only;local_nvme=true;n_timed=20;suite_id=s04;clone_run_index=3
2026-09-20,vep-rs,0.1.0-48b2a959,gnomad_v4.1_chr21,GRCh38,r8id.8xlarge,4,17.260,1865.7,1796,0,477841,warm,methodology=cross_instance_parallel_clone;sweep_id=sweep-20260920T012411Z;arch=x86_64;condition=sites_only;local_nvme=true;n_timed=20;suite_id=s04;clone_run_index=4
2026-09-20,vep-rs,0.1.0-48b2a959,gnomad_v4.1_chr21,GRCh38,r8id.8xlarge,5,17.210,1934.2,1788,0,637793,warm,methodology=cross_instance_parallel_clone;sweep_id=sweep-20260920T012411Z;arch=x86_64;condition=sites_only;local_nvme=true;n_timed=20;suite_id=s04;clone_run_index=5
2026-09-20,vep-rs,0.1.0-48b2a959,gnomad_v4.1_chr21,GRCh38,r8id.8xlarge,6,17.210,1902.8,1802,0,520586,warm,methodology=cross_instance_parallel_clone;sweep_id=sweep-20260920T012411Z;arch=x86_64;condition=sites_only;local_nvme=true;n_timed=20;suite_id=s04;clone_run_index=6
2026-09-20,vep-rs,0.1.0-48b2a959,gnomad_v4.1_chr21,GRCh38,r8id.8xlarge,7,17.180,1940.0,1803,0,502453,warm,methodology=cross_instance_parallel_clone;sweep_id=sweep-20260920T012411Z;arch=x86_64;condition=sites_only;local_nvme=true;n_timed=20;suite_id=s04;clone_run_index=7
2026-09-20,vep-rs,0.1.0-48b2a959,gnomad_v4.1_chr21,GRCh38,r8id.8xlarge,8,16.990,1890.4,1805,0,535357,warm,methodology=cross_instance_parallel_clone;sweep_id=sweep-20260920T012411Z;arch=x86_64;condition=sites_only;local_nvme=true;n_timed=20;suite_id=s04;clone_run_index=8
2026-09-20,vep-rs,0.1.0-48b2a959,gnomad_v4.1_chr21,GRCh38,r8id.8xlarge,9,17.210,1888.1,1798,0,559238,warm,methodology=cross_instance_parallel_clone;sweep_id=sweep-20260920T012411Z;arch=x86_64;condition=sites_only;local_nvme=true;n_timed=20;suite_id=s04;clone_run_index=9
2026-09-20,vep-rs,0.1.0-48b2a959,gnomad_v4.1_chr21,GRCh38,r8id.8xlarge,10,17.030,1930.7,1809,0,453125,warm,methodology=cross_instance_parallel_clone;sweep_id=sweep-20260920T012411Z;arch=x86_64;condition=sites_only;local_nvme=true;n_timed=20;suite_id=s04;clone_run_index=10
2026-09-20,vep-rs,0.1.0-48b2a959,gnomad_v4.1_chr21,GRCh38,r8id.8xlarge,11,17.000,1909.9,1804,0,585269,warm,methodology=cross_instance_parallel_clone;sweep_id=sweep-20260920T012411Z;arch=x86_64;condition=sites_only;local_nvme=true;n_timed=20;suite_id=s04;clone_run_index=11
2026-09-20,vep-rs,0.1.0-48b2a959,gnomad_v4.1_chr21,GRCh38,r8id.8xlarge,12,17.220,1928.4,1800,0,601347,warm,methodology=cross_instance_parallel_clone;sweep_id=sweep-20260920T012411Z;arch=x86_64;condition=sites_only;local_nvme=true;n_timed=20;suite_id=s04;clone_run_index=12
2026-09-20,vep-rs,0.1.0-48b2a959,gnomad_v4.1_chr21,GRCh38,r8id.8xlarge,13,16.980,1891.6,1813,0,455521,warm,methodology=cross_instance_parallel_clone;sweep_id=sweep-20260920T012411Z;arch=x86_64;condition=sites_only;local_nvme=true;n_timed=20;suite_id=s04;clone_run_index=13
2026-09-20,vep-rs,0.1.0-48b2a959,gnomad_v4.1_chr21,GRCh38,r8id.8xlarge,14,17.020,1920.7,1805,0,512956,warm,methodology=cross_instance_parallel_clone;sweep_id=sweep-20260920T012411Z;arch=x86_64;condition=sites_only;local_nvme=true;n_timed=20;suite_id=s04;clone_run_index=14
2026-09-20,vep-rs,0.1.0-48b2a959,gnomad_v4.1_chr21,GRCh38,r8id.8xlarge,15,17.030,1927.9,1814,0,483224,warm,methodology=cross_instance_parallel_clone;sweep_id=sweep-20260920T012411Z;arch=x86_64;condition=sites_only;local_nvme=true;n_timed=20;suite_id=s04;clone_run_index=15
2026-09-20,vep-rs,0.1.0-48b2a959,gnomad_v4.1_chr21,GRCh38,r8id.8xlarge,16,17.270,1898.9,1802,0,733400,warm,methodology=cross_instance_parallel_clone;sweep_id=sweep-20260920T012411Z;arch=x86_64;condition=sites_only;local_nvme=true;n_timed=20;suite_id=s04;clone_run_index=16
2026-09-20,vep-rs,0.1.0-48b2a959,gnomad_v4.1_chr21,GRCh38,r8id.8xlarge,17,17.170,1928.9,1808,1,524172,warm,methodology=cross_instance_parallel_clone;sweep_id=sweep-20260920T012411Z;arch=x86_64;condition=sites_only;local_nvme=true;n_timed=20;suite_id=s04;clone_run_index=17
2026-09-20,vep-rs,0.1.0-48b2a959,gnomad_v4.1_chr21,GRCh38,r8id.8xlarge,18,16.960,1920.9,1808,0,491108,warm,methodology=cross_instance_parallel_clone;sweep_id=sweep-20260920T012411Z;arch=x86_64;condition=sites_only;local_nvme=true;n_timed=20;suite_id=s04;clone_run_index=18
2026-09-20,vep-rs,0.1.0-48b2a959,gnomad_v4.1_chr21,GRCh38,r8id.8xlarge,19,17.180,1918.2,1796,0,521260,warm,methodology=cross_instance_parallel_clone;sweep_id=sweep-20260920T012411Z;arch=x86_64;condition=sites_only;local_nvme=true;n_timed=20;suite_id=s04;clone_run_index=19
2026-09-20,vep-rs,0.1.0-48b2a959,gnomad_v4.1_chr21,GRCh38,r8id.8xlarge,20,16.990,1870.0,1810,0,499380,warm,methodology=cross_instance_parallel_clone;sweep_id=sweep-20260920T012411Z;arch=x86_64;condition=sites_only;local_nvme=true;n_timed=20;suite_id=s04;clone_run_index=20
2026-09-20,vep-rs,0.1.0-48b2a959,gnomad_v4.1_chr21,GRCh38,r8id.8xlarge,median_of_20,17.055,1917.1,,,,warm,methodology=cross_instance_parallel_clone;sweep_id=sweep-20260920T012411Z;arch=x86_64;condition=sites_only;local_nvme=true;n_timed=20;suite_id=s04;p5=16.903;p25=16.990;p75=17.210;p95=17.270;min=16.900;max=17.270;n_clones=20;warmup_run_discarded_per_clone=1;p95_p5_ratio=1.022
2026-09-20,vep-rs,0.1.0-23a294cf,1kg_integrated_chr21,GRCh37,r8gd.8xlarge,1,1.040,711.9,661,1,1873,warm,methodology=cross_instance_parallel_clone;sweep_id=sweep-20260920T012411Z;arch=arm64;condition=sites_only;local_nvme=true;n_timed=20;suite_id=s05;clone_run_index=1
2026-09-20,vep-rs,0.1.0-23a294cf,1kg_integrated_chr21,GRCh37,r8gd.8xlarge,2,1.060,725.9,678,0,1846,warm,methodology=cross_instance_parallel_clone;sweep_id=sweep-20260920T012411Z;arch=arm64;condition=sites_only;local_nvme=true;n_timed=20;suite_id=s05;clone_run_index=2
2026-09-20,vep-rs,0.1.0-23a294cf,1kg_integrated_chr21,GRCh37,r8gd.8xlarge,3,1.080,697.9,639,0,1829,warm,methodology=cross_instance_parallel_clone;sweep_id=sweep-20260920T012411Z;arch=arm64;condition=sites_only;local_nvme=true;n_timed=20;suite_id=s05;clone_run_index=3
2026-09-20,vep-rs,0.1.0-23a294cf,1kg_integrated_chr21,GRCh37,r8gd.8xlarge,4,1.060,705.9,663,1,1805,warm,methodology=cross_instance_parallel_clone;sweep_id=sweep-20260920T012411Z;arch=arm64;condition=sites_only;local_nvme=true;n_timed=20;suite_id=s05;clone_run_index=4
2026-09-20,vep-rs,0.1.0-23a294cf,1kg_integrated_chr21,GRCh37,r8gd.8xlarge,5,1.050,705.9,643,0,1892,warm,methodology=cross_instance_parallel_clone;sweep_id=sweep-20260920T012411Z;arch=arm64;condition=sites_only;local_nvme=true;n_timed=20;suite_id=s05;clone_run_index=5
2026-09-20,vep-rs,0.1.0-23a294cf,1kg_integrated_chr21,GRCh37,r8gd.8xlarge,6,1.070,737.9,642,0,1821,warm,methodology=cross_instance_parallel_clone;sweep_id=sweep-20260920T012411Z;arch=arm64;condition=sites_only;local_nvme=true;n_timed=20;suite_id=s05;clone_run_index=6
2026-09-20,vep-rs,0.1.0-23a294cf,1kg_integrated_chr21,GRCh37,r8gd.8xlarge,7,1.080,663.9,642,1,1773,warm,methodology=cross_instance_parallel_clone;sweep_id=sweep-20260920T012411Z;arch=arm64;condition=sites_only;local_nvme=true;n_timed=20;suite_id=s05;clone_run_index=7
2026-09-20,vep-rs,0.1.0-23a294cf,1kg_integrated_chr21,GRCh37,r8gd.8xlarge,8,1.080,735.9,662,0,1972,warm,methodology=cross_instance_parallel_clone;sweep_id=sweep-20260920T012411Z;arch=arm64;condition=sites_only;local_nvme=true;n_timed=20;suite_id=s05;clone_run_index=8
2026-09-20,vep-rs,0.1.0-23a294cf,1kg_integrated_chr21,GRCh37,r8gd.8xlarge,9,1.050,757.9,662,0,1899,warm,methodology=cross_instance_parallel_clone;sweep_id=sweep-20260920T012411Z;arch=arm64;condition=sites_only;local_nvme=true;n_timed=20;suite_id=s05;clone_run_index=9
2026-09-20,vep-rs,0.1.0-23a294cf,1kg_integrated_chr21,GRCh37,r8gd.8xlarge,10,1.040,753.9,662,0,1883,warm,methodology=cross_instance_parallel_clone;sweep_id=sweep-20260920T012411Z;arch=arm64;condition=sites_only;local_nvme=true;n_timed=20;suite_id=s05;clone_run_index=10
2026-09-20,vep-rs,0.1.0-23a294cf,1kg_integrated_chr21,GRCh37,r8gd.8xlarge,11,1.040,727.9,654,0,1840,warm,methodology=cross_instance_parallel_clone;sweep_id=sweep-20260920T012411Z;arch=arm64;condition=sites_only;local_nvme=true;n_timed=20;suite_id=s05;clone_run_index=11
2026-09-20,vep-rs,0.1.0-23a294cf,1kg_integrated_chr21,GRCh37,r8gd.8xlarge,12,1.010,713.9,674,0,1847,warm,methodology=cross_instance_parallel_clone;sweep_id=sweep-20260920T012411Z;arch=arm64;condition=sites_only;local_nvme=true;n_timed=20;suite_id=s05;clone_run_index=12
2026-09-20,vep-rs,0.1.0-23a294cf,1kg_integrated_chr21,GRCh37,r8gd.8xlarge,13,1.050,707.9,659,0,1870,warm,methodology=cross_instance_parallel_clone;sweep_id=sweep-20260920T012411Z;arch=arm64;condition=sites_only;local_nvme=true;n_timed=20;suite_id=s05;clone_run_index=13
2026-09-20,vep-rs,0.1.0-23a294cf,1kg_integrated_chr21,GRCh37,r8gd.8xlarge,14,1.020,727.9,673,0,1889,warm,methodology=cross_instance_parallel_clone;sweep_id=sweep-20260920T012411Z;arch=arm64;condition=sites_only;local_nvme=true;n_timed=20;suite_id=s05;clone_run_index=14
2026-09-20,vep-rs,0.1.0-23a294cf,1kg_integrated_chr21,GRCh37,r8gd.8xlarge,15,1.030,707.9,654,0,1833,warm,methodology=cross_instance_parallel_clone;sweep_id=sweep-20260920T012411Z;arch=arm64;condition=sites_only;local_nvme=true;n_timed=20;suite_id=s05;clone_run_index=15
2026-09-20,vep-rs,0.1.0-23a294cf,1kg_integrated_chr21,GRCh37,r8gd.8xlarge,16,1.100,709.9,640,1,1803,warm,methodology=cross_instance_parallel_clone;sweep_id=sweep-20260920T012411Z;arch=arm64;condition=sites_only;local_nvme=true;n_timed=20;suite_id=s05;clone_run_index=16
2026-09-20,vep-rs,0.1.0-23a294cf,1kg_integrated_chr21,GRCh37,r8gd.8xlarge,17,1.000,713.7,676,1,1774,warm,methodology=cross_instance_parallel_clone;sweep_id=sweep-20260920T012411Z;arch=arm64;condition=sites_only;local_nvme=true;n_timed=20;suite_id=s05;clone_run_index=17
2026-09-20,vep-rs,0.1.0-23a294cf,1kg_integrated_chr21,GRCh37,r8gd.8xlarge,18,0.990,699.2,671,0,1864,warm,methodology=cross_instance_parallel_clone;sweep_id=sweep-20260920T012411Z;arch=arm64;condition=sites_only;local_nvme=true;n_timed=20;suite_id=s05;clone_run_index=18
2026-09-20,vep-rs,0.1.0-23a294cf,1kg_integrated_chr21,GRCh37,r8gd.8xlarge,19,1.030,718.0,661,0,1789,warm,methodology=cross_instance_parallel_clone;sweep_id=sweep-20260920T012411Z;arch=arm64;condition=sites_only;local_nvme=true;n_timed=20;suite_id=s05;clone_run_index=19
2026-09-20,vep-rs,0.1.0-23a294cf,1kg_integrated_chr21,GRCh37,r8gd.8xlarge,20,1.050,679.9,653,0,1807,warm,methodology=cross_instance_parallel_clone;sweep_id=sweep-20260920T012411Z;arch=arm64;condition=sites_only;local_nvme=true;n_timed=20;suite_id=s05;clone_run_index=20
2026-09-20,vep-rs,0.1.0-23a294cf,1kg_integrated_chr21,GRCh37,r8gd.8xlarge,median_of_20,1.050,712.8,,,,warm,methodology=cross_instance_parallel_clone;sweep_id=sweep-20260920T012411Z;arch=arm64;condition=sites_only;local_nvme=true;n_timed=20;suite_id=s05;p5=0.990;p25=1.030;p75=1.068;p95=1.099;min=0.990;max=1.100;n_clones=20;warmup_run_discarded_per_clone=1;p95_p5_ratio=1.110
2026-09-20,vep-rs,0.1.0-48b2a959,1kg_integrated_chr21,GRCh37,r8id.8xlarge,1,1.090,672.0,935,0,1961,warm,methodology=cross_instance_parallel_clone;sweep_id=sweep-20260920T012411Z;arch=x86_64;condition=sites_only;local_nvme=true;n_timed=20;suite_id=s05;clone_run_index=1
2026-09-20,vep-rs,0.1.0-48b2a959,1kg_integrated_chr21,GRCh37,r8id.8xlarge,2,1.070,679.9,940,0,1886,warm,methodology=cross_instance_parallel_clone;sweep_id=sweep-20260920T012411Z;arch=x86_64;condition=sites_only;local_nvme=true;n_timed=20;suite_id=s05;clone_run_index=2
2026-09-20,vep-rs,0.1.0-48b2a959,1kg_integrated_chr21,GRCh37,r8id.8xlarge,3,1.070,649.9,915,0,1850,warm,methodology=cross_instance_parallel_clone;sweep_id=sweep-20260920T012411Z;arch=x86_64;condition=sites_only;local_nvme=true;n_timed=20;suite_id=s05;clone_run_index=3
2026-09-20,vep-rs,0.1.0-48b2a959,1kg_integrated_chr21,GRCh37,r8id.8xlarge,4,1.140,663.3,887,0,6779,warm,methodology=cross_instance_parallel_clone;sweep_id=sweep-20260920T012411Z;arch=x86_64;condition=sites_only;local_nvme=true;n_timed=20;suite_id=s05;clone_run_index=4
2026-09-20,vep-rs,0.1.0-48b2a959,1kg_integrated_chr21,GRCh37,r8id.8xlarge,5,1.040,676.0,931,0,1925,warm,methodology=cross_instance_parallel_clone;sweep_id=sweep-20260920T012411Z;arch=x86_64;condition=sites_only;local_nvme=true;n_timed=20;suite_id=s05;clone_run_index=5
2026-09-20,vep-rs,0.1.0-48b2a959,1kg_integrated_chr21,GRCh37,r8id.8xlarge,6,1.130,659.9,884,0,7101,warm,methodology=cross_instance_parallel_clone;sweep_id=sweep-20260920T012411Z;arch=x86_64;condition=sites_only;local_nvme=true;n_timed=20;suite_id=s05;clone_run_index=6
2026-09-20,vep-rs,0.1.0-48b2a959,1kg_integrated_chr21,GRCh37,r8id.8xlarge,7,1.090,671.9,924,0,2001,warm,methodology=cross_instance_parallel_clone;sweep_id=sweep-20260920T012411Z;arch=x86_64;condition=sites_only;local_nvme=true;n_timed=20;suite_id=s05;clone_run_index=7
2026-09-20,vep-rs,0.1.0-48b2a959,1kg_integrated_chr21,GRCh37,r8id.8xlarge,8,1.040,666.0,940,1,1865,warm,methodology=cross_instance_parallel_clone;sweep_id=sweep-20260920T012411Z;arch=x86_64;condition=sites_only;local_nvme=true;n_timed=20;suite_id=s05;clone_run_index=8
2026-09-20,vep-rs,0.1.0-48b2a959,1kg_integrated_chr21,GRCh37,r8id.8xlarge,9,1.090,661.9,915,2,1876,warm,methodology=cross_instance_parallel_clone;sweep_id=sweep-20260920T012411Z;arch=x86_64;condition=sites_only;local_nvme=true;n_timed=20;suite_id=s05;clone_run_index=9
2026-09-20,vep-rs,0.1.0-48b2a959,1kg_integrated_chr21,GRCh37,r8id.8xlarge,10,1.090,683.9,904,0,1800,warm,methodology=cross_instance_parallel_clone;sweep_id=sweep-20260920T012411Z;arch=x86_64;condition=sites_only;local_nvme=true;n_timed=20;suite_id=s05;clone_run_index=10
2026-09-20,vep-rs,0.1.0-48b2a959,1kg_integrated_chr21,GRCh37,r8id.8xlarge,11,1.090,669.9,928,0,1811,warm,methodology=cross_instance_parallel_clone;sweep_id=sweep-20260920T012411Z;arch=x86_64;condition=sites_only;local_nvme=true;n_timed=20;suite_id=s05;clone_run_index=11
2026-09-20,vep-rs,0.1.0-48b2a959,1kg_integrated_chr21,GRCh37,r8id.8xlarge,12,1.090,659.9,928,0,1848,warm,methodology=cross_instance_parallel_clone;sweep_id=sweep-20260920T012411Z;arch=x86_64;condition=sites_only;local_nvme=true;n_timed=20;suite_id=s05;clone_run_index=12
2026-09-20,vep-rs,0.1.0-48b2a959,1kg_integrated_chr21,GRCh37,r8id.8xlarge,13,1.120,657.6,916,0,5957,warm,methodology=cross_instance_parallel_clone;sweep_id=sweep-20260920T012411Z;arch=x86_64;condition=sites_only;local_nvme=true;n_timed=20;suite_id=s05;clone_run_index=13
2026-09-20,vep-rs,0.1.0-48b2a959,1kg_integrated_chr21,GRCh37,r8id.8xlarge,14,1.040,648.0,916,0,1922,warm,methodology=cross_instance_parallel_clone;sweep_id=sweep-20260920T012411Z;arch=x86_64;condition=sites_only;local_nvme=true;n_timed=20;suite_id=s05;clone_run_index=14
2026-09-20,vep-rs,0.1.0-48b2a959,1kg_integrated_chr21,GRCh37,r8id.8xlarge,15,1.070,691.9,928,0,1822,warm,methodology=cross_instance_parallel_clone;sweep_id=sweep-20260920T012411Z;arch=x86_64;condition=sites_only;local_nvme=true;n_timed=20;suite_id=s05;clone_run_index=15
2026-09-20,vep-rs,0.1.0-48b2a959,1kg_integrated_chr21,GRCh37,r8id.8xlarge,16,1.070,678.0,932,0,1918,warm,methodology=cross_instance_parallel_clone;sweep_id=sweep-20260920T012411Z;arch=x86_64;condition=sites_only;local_nvme=true;n_timed=20;suite_id=s05;clone_run_index=16
2026-09-20,vep-rs,0.1.0-48b2a959,1kg_integrated_chr21,GRCh37,r8id.8xlarge,17,1.130,679.3,914,0,9230,warm,methodology=cross_instance_parallel_clone;sweep_id=sweep-20260920T012411Z;arch=x86_64;condition=sites_only;local_nvme=true;n_timed=20;suite_id=s05;clone_run_index=17
2026-09-20,vep-rs,0.1.0-48b2a959,1kg_integrated_chr21,GRCh37,r8id.8xlarge,18,1.170,633.3,884,0,6243,warm,methodology=cross_instance_parallel_clone;sweep_id=sweep-20260920T012411Z;arch=x86_64;condition=sites_only;local_nvme=true;n_timed=20;suite_id=s05;clone_run_index=18
2026-09-20,vep-rs,0.1.0-48b2a959,1kg_integrated_chr21,GRCh37,r8id.8xlarge,19,1.050,673.9,927,0,1910,warm,methodology=cross_instance_parallel_clone;sweep_id=sweep-20260920T012411Z;arch=x86_64;condition=sites_only;local_nvme=true;n_timed=20;suite_id=s05;clone_run_index=19
2026-09-20,vep-rs,0.1.0-48b2a959,1kg_integrated_chr21,GRCh37,r8id.8xlarge,20,1.060,663.9,924,0,1833,warm,methodology=cross_instance_parallel_clone;sweep_id=sweep-20260920T012411Z;arch=x86_64;condition=sites_only;local_nvme=true;n_timed=20;suite_id=s05;clone_run_index=20
2026-09-20,vep-rs,0.1.0-48b2a959,1kg_integrated_chr21,GRCh37,r8id.8xlarge,median_of_20,1.090,668.0,,,,warm,methodology=cross_instance_parallel_clone;sweep_id=sweep-20260920T012411Z;arch=x86_64;condition=sites_only;local_nvme=true;n_timed=20;suite_id=s05;p5=1.040;p25=1.063;p75=1.113;p95=1.168;min=1.040;max=1.170;n_clones=20;warmup_run_discarded_per_clone=1;p95_p5_ratio=1.124
2026-09-20,vep-rs,0.1.0-23a294cf,1kg_integrated_chr21_multisample,GRCh37,r8gd.8xlarge,1,1.130,670.0,1374,0,1625,warm,methodology=cross_instance_parallel_clone;sweep_id=sweep-20260920T012411Z;arch=arm64;condition=with_gt;local_nvme=true;n_timed=20;suite_id=s05m;clone_run_index=1
2026-09-20,vep-rs,0.1.0-23a294cf,1kg_integrated_chr21_multisample,GRCh37,r8gd.8xlarge,2,1.160,720.0,1370,0,1848,warm,methodology=cross_instance_parallel_clone;sweep_id=sweep-20260920T012411Z;arch=arm64;condition=with_gt;local_nvme=true;n_timed=20;suite_id=s05m;clone_run_index=2
2026-09-20,vep-rs,0.1.0-23a294cf,1kg_integrated_chr21_multisample,GRCh37,r8gd.8xlarge,3,1.180,692.1,1336,0,1730,warm,methodology=cross_instance_parallel_clone;sweep_id=sweep-20260920T012411Z;arch=arm64;condition=with_gt;local_nvme=true;n_timed=20;suite_id=s05m;clone_run_index=3
2026-09-20,vep-rs,0.1.0-23a294cf,1kg_integrated_chr21_multisample,GRCh37,r8gd.8xlarge,4,1.130,702.0,1376,0,1728,warm,methodology=cross_instance_parallel_clone;sweep_id=sweep-20260920T012411Z;arch=arm64;condition=with_gt;local_nvme=true;n_timed=20;suite_id=s05m;clone_run_index=4
2026-09-20,vep-rs,0.1.0-23a294cf,1kg_integrated_chr21_multisample,GRCh37,r8gd.8xlarge,5,1.170,722.0,1328,0,1871,warm,methodology=cross_instance_parallel_clone;sweep_id=sweep-20260920T012411Z;arch=arm64;condition=with_gt;local_nvme=true;n_timed=20;suite_id=s05m;clone_run_index=5
2026-09-20,vep-rs,0.1.0-23a294cf,1kg_integrated_chr21_multisample,GRCh37,r8gd.8xlarge,6,1.160,708.0,1329,0,1781,warm,methodology=cross_instance_parallel_clone;sweep_id=sweep-20260920T012411Z;arch=arm64;condition=with_gt;local_nvme=true;n_timed=20;suite_id=s05m;clone_run_index=6
2026-09-20,vep-rs,0.1.0-23a294cf,1kg_integrated_chr21_multisample,GRCh37,r8gd.8xlarge,7,1.170,722.0,1332,0,1836,warm,methodology=cross_instance_parallel_clone;sweep_id=sweep-20260920T012411Z;arch=arm64;condition=with_gt;local_nvme=true;n_timed=20;suite_id=s05m;clone_run_index=7
2026-09-20,vep-rs,0.1.0-23a294cf,1kg_integrated_chr21_multisample,GRCh37,r8gd.8xlarge,8,1.180,724.0,1339,0,1774,warm,methodology=cross_instance_parallel_clone;sweep_id=sweep-20260920T012411Z;arch=arm64;condition=with_gt;local_nvme=true;n_timed=20;suite_id=s05m;clone_run_index=8
2026-09-20,vep-rs,0.1.0-23a294cf,1kg_integrated_chr21_multisample,GRCh37,r8gd.8xlarge,9,1.130,714.1,1379,0,1785,warm,methodology=cross_instance_parallel_clone;sweep_id=sweep-20260920T012411Z;arch=arm64;condition=with_gt;local_nvme=true;n_timed=20;suite_id=s05m;clone_run_index=9
2026-09-20,vep-rs,0.1.0-23a294cf,1kg_integrated_chr21_multisample,GRCh37,r8gd.8xlarge,10,1.140,731.9,1375,0,1776,warm,methodology=cross_instance_parallel_clone;sweep_id=sweep-20260920T012411Z;arch=arm64;condition=with_gt;local_nvme=true;n_timed=20;suite_id=s05m;clone_run_index=10
2026-09-20,vep-rs,0.1.0-23a294cf,1kg_integrated_chr21_multisample,GRCh37,r8gd.8xlarge,11,1.150,708.0,1343,0,1896,warm,methodology=cross_instance_parallel_clone;sweep_id=sweep-20260920T012411Z;arch=arm64;condition=with_gt;local_nvme=true;n_timed=20;suite_id=s05m;clone_run_index=11
2026-09-20,vep-rs,0.1.0-23a294cf,1kg_integrated_chr21_multisample,GRCh37,r8gd.8xlarge,12,1.130,704.1,1369,0,1864,warm,methodology=cross_instance_parallel_clone;sweep_id=sweep-20260920T012411Z;arch=arm64;condition=with_gt;local_nvme=true;n_timed=20;suite_id=s05m;clone_run_index=12
2026-09-20,vep-rs,0.1.0-23a294cf,1kg_integrated_chr21_multisample,GRCh37,r8gd.8xlarge,13,1.140,746.0,1370,0,1860,warm,methodology=cross_instance_parallel_clone;sweep_id=sweep-20260920T012411Z;arch=arm64;condition=with_gt;local_nvme=true;n_timed=20;suite_id=s05m;clone_run_index=13
2026-09-20,vep-rs,0.1.0-23a294cf,1kg_integrated_chr21_multisample,GRCh37,r8gd.8xlarge,14,1.130,720.0,1380,0,1848,warm,methodology=cross_instance_parallel_clone;sweep_id=sweep-20260920T012411Z;arch=arm64;condition=with_gt;local_nvme=true;n_timed=20;suite_id=s05m;clone_run_index=14
2026-09-20,vep-rs,0.1.0-23a294cf,1kg_integrated_chr21_multisample,GRCh37,r8gd.8xlarge,15,1.160,750.0,1328,0,1905,warm,methodology=cross_instance_parallel_clone;sweep_id=sweep-20260920T012411Z;arch=arm64;condition=with_gt;local_nvme=true;n_timed=20;suite_id=s05m;clone_run_index=15
2026-09-20,vep-rs,0.1.0-23a294cf,1kg_integrated_chr21_multisample,GRCh37,r8gd.8xlarge,16,1.190,741.9,1317,0,1806,warm,methodology=cross_instance_parallel_clone;sweep_id=sweep-20260920T012411Z;arch=arm64;condition=with_gt;local_nvme=true;n_timed=20;suite_id=s05m;clone_run_index=16
2026-09-20,vep-rs,0.1.0-23a294cf,1kg_integrated_chr21_multisample,GRCh37,r8gd.8xlarge,17,1.130,714.0,1372,0,1782,warm,methodology=cross_instance_parallel_clone;sweep_id=sweep-20260920T012411Z;arch=arm64;condition=with_gt;local_nvme=true;n_timed=20;suite_id=s05m;clone_run_index=17
2026-09-20,vep-rs,0.1.0-23a294cf,1kg_integrated_chr21_multisample,GRCh37,r8gd.8xlarge,18,1.130,717.9,1366,0,1858,warm,methodology=cross_instance_parallel_clone;sweep_id=sweep-20260920T012411Z;arch=arm64;condition=with_gt;local_nvme=true;n_timed=20;suite_id=s05m;clone_run_index=18
2026-09-20,vep-rs,0.1.0-23a294cf,1kg_integrated_chr21_multisample,GRCh37,r8gd.8xlarge,19,1.120,716.0,1378,0,1786,warm,methodology=cross_instance_parallel_clone;sweep_id=sweep-20260920T012411Z;arch=arm64;condition=with_gt;local_nvme=true;n_timed=20;suite_id=s05m;clone_run_index=19
2026-09-20,vep-rs,0.1.0-23a294cf,1kg_integrated_chr21_multisample,GRCh37,r8gd.8xlarge,20,1.130,736.0,1372,0,1841,warm,methodology=cross_instance_parallel_clone;sweep_id=sweep-20260920T012411Z;arch=arm64;condition=with_gt;local_nvme=true;n_timed=20;suite_id=s05m;clone_run_index=20
2026-09-20,vep-rs,0.1.0-23a294cf,1kg_integrated_chr21_multisample,GRCh37,r8gd.8xlarge,median_of_20,1.140,719.0,,,,warm,methodology=cross_instance_parallel_clone;sweep_id=sweep-20260920T012411Z;arch=arm64;condition=with_gt;local_nvme=true;n_timed=20;suite_id=s05m;p5=1.121;p25=1.130;p75=1.168;p95=1.190;min=1.120;max=1.190;n_clones=20;warmup_run_discarded_per_clone=1;p95_p5_ratio=1.062
2026-09-20,vep-rs,0.1.0-48b2a959,1kg_integrated_chr21_multisample,GRCh37,r8id.8xlarge,1,1.440,649.4,1525,0,14231,warm,methodology=cross_instance_parallel_clone;sweep_id=sweep-20260920T012411Z;arch=x86_64;condition=with_gt;local_nvme=true;n_timed=20;suite_id=s05m;clone_run_index=1
2026-09-20,vep-rs,0.1.0-48b2a959,1kg_integrated_chr21_multisample,GRCh37,r8id.8xlarge,2,1.430,644.8,1522,0,13350,warm,methodology=cross_instance_parallel_clone;sweep_id=sweep-20260920T012411Z;arch=x86_64;condition=with_gt;local_nvme=true;n_timed=20;suite_id=s05m;clone_run_index=2
2026-09-20,vep-rs,0.1.0-48b2a959,1kg_integrated_chr21_multisample,GRCh37,r8id.8xlarge,3,1.410,659.6,1509,1,6537,warm,methodology=cross_instance_parallel_clone;sweep_id=sweep-20260920T012411Z;arch=x86_64;condition=with_gt;local_nvme=true;n_timed=20;suite_id=s05m;clone_run_index=3
2026-09-20,vep-rs,0.1.0-48b2a959,1kg_integrated_chr21_multisample,GRCh37,r8id.8xlarge,4,1.410,640.0,1516,0,7698,warm,methodology=cross_instance_parallel_clone;sweep_id=sweep-20260920T012411Z;arch=x86_64;condition=with_gt;local_nvme=true;n_timed=20;suite_id=s05m;clone_run_index=4
2026-09-20,vep-rs,0.1.0-48b2a959,1kg_integrated_chr21_multisample,GRCh37,r8id.8xlarge,5,1.440,678.0,1507,0,16355,warm,methodology=cross_instance_parallel_clone;sweep_id=sweep-20260920T012411Z;arch=x86_64;condition=with_gt;local_nvme=true;n_timed=20;suite_id=s05m;clone_run_index=5
2026-09-20,vep-rs,0.1.0-48b2a959,1kg_integrated_chr21_multisample,GRCh37,r8id.8xlarge,6,1.500,653.1,1508,0,10768,warm,methodology=cross_instance_parallel_clone;sweep_id=sweep-20260920T012411Z;arch=x86_64;condition=with_gt;local_nvme=true;n_timed=20;suite_id=s05m;clone_run_index=6
2026-09-20,vep-rs,0.1.0-48b2a959,1kg_integrated_chr21_multisample,GRCh37,r8id.8xlarge,7,1.450,652.8,1516,0,11723,warm,methodology=cross_instance_parallel_clone;sweep_id=sweep-20260920T012411Z;arch=x86_64;condition=with_gt;local_nvme=true;n_timed=20;suite_id=s05m;clone_run_index=7
2026-09-20,vep-rs,0.1.0-48b2a959,1kg_integrated_chr21_multisample,GRCh37,r8id.8xlarge,8,1.390,638.7,1534,0,13541,warm,methodology=cross_instance_parallel_clone;sweep_id=sweep-20260920T012411Z;arch=x86_64;condition=with_gt;local_nvme=true;n_timed=20;suite_id=s05m;clone_run_index=8
2026-09-20,vep-rs,0.1.0-48b2a959,1kg_integrated_chr21_multisample,GRCh37,r8id.8xlarge,9,1.350,622.5,1574,0,14895,warm,methodology=cross_instance_parallel_clone;sweep_id=sweep-20260920T012411Z;arch=x86_64;condition=with_gt;local_nvme=true;n_timed=20;suite_id=s05m;clone_run_index=9
2026-09-20,vep-rs,0.1.0-48b2a959,1kg_integrated_chr21_multisample,GRCh37,r8id.8xlarge,10,1.440,652.5,1515,0,10334,warm,methodology=cross_instance_parallel_clone;sweep_id=sweep-20260920T012411Z;arch=x86_64;condition=with_gt;local_nvme=true;n_timed=20;suite_id=s05m;clone_run_index=10
2026-09-20,vep-rs,0.1.0-48b2a959,1kg_integrated_chr21_multisample,GRCh37,r8id.8xlarge,11,1.430,619.4,1504,0,10470,warm,methodology=cross_instance_parallel_clone;sweep_id=sweep-20260920T012411Z;arch=x86_64;condition=with_gt;local_nvme=true;n_timed=20;suite_id=s05m;clone_run_index=11
2026-09-20,vep-rs,0.1.0-48b2a959,1kg_integrated_chr21_multisample,GRCh37,r8id.8xlarge,12,1.400,664.2,1520,0,9941,warm,methodology=cross_instance_parallel_clone;sweep_id=sweep-20260920T012411Z;arch=x86_64;condition=with_gt;local_nvme=true;n_timed=20;suite_id=s05m;clone_run_index=12
2026-09-20,vep-rs,0.1.0-48b2a959,1kg_integrated_chr21_multisample,GRCh37,r8id.8xlarge,13,1.420,645.7,1535,0,16398,warm,methodology=cross_instance_parallel_clone;sweep_id=sweep-20260920T012411Z;arch=x86_64;condition=with_gt;local_nvme=true;n_timed=20;suite_id=s05m;clone_run_index=13
2026-09-20,vep-rs,0.1.0-48b2a959,1kg_integrated_chr21_multisample,GRCh37,r8id.8xlarge,14,1.470,633.6,1468,0,14844,warm,methodology=cross_instance_parallel_clone;sweep_id=sweep-20260920T012411Z;arch=x86_64;condition=with_gt;local_nvme=true;n_timed=20;suite_id=s05m;clone_run_index=14
2026-09-20,vep-rs,0.1.0-48b2a959,1kg_integrated_chr21_multisample,GRCh37,r8id.8xlarge,15,1.420,661.8,1546,0,12487,warm,methodology=cross_instance_parallel_clone;sweep_id=sweep-20260920T012411Z;arch=x86_64;condition=with_gt;local_nvme=true;n_timed=20;suite_id=s05m;clone_run_index=15
2026-09-20,vep-rs,0.1.0-48b2a959,1kg_integrated_chr21_multisample,GRCh37,r8id.8xlarge,16,1.450,663.0,1518,0,14974,warm,methodology=cross_instance_parallel_clone;sweep_id=sweep-20260920T012411Z;arch=x86_64;condition=with_gt;local_nvme=true;n_timed=20;suite_id=s05m;clone_run_index=16
2026-09-20,vep-rs,0.1.0-48b2a959,1kg_integrated_chr21_multisample,GRCh37,r8id.8xlarge,17,1.440,657.4,1518,0,8986,warm,methodology=cross_instance_parallel_clone;sweep_id=sweep-20260920T012411Z;arch=x86_64;condition=with_gt;local_nvme=true;n_timed=20;suite_id=s05m;clone_run_index=17
2026-09-20,vep-rs,0.1.0-48b2a959,1kg_integrated_chr21_multisample,GRCh37,r8id.8xlarge,18,1.430,620.8,1495,0,9589,warm,methodology=cross_instance_parallel_clone;sweep_id=sweep-20260920T012411Z;arch=x86_64;condition=with_gt;local_nvme=true;n_timed=20;suite_id=s05m;clone_run_index=18
2026-09-20,vep-rs,0.1.0-48b2a959,1kg_integrated_chr21_multisample,GRCh37,r8id.8xlarge,19,1.410,641.5,1518,0,6009,warm,methodology=cross_instance_parallel_clone;sweep_id=sweep-20260920T012411Z;arch=x86_64;condition=with_gt;local_nvme=true;n_timed=20;suite_id=s05m;clone_run_index=19
2026-09-20,vep-rs,0.1.0-48b2a959,1kg_integrated_chr21_multisample,GRCh37,r8id.8xlarge,20,1.490,632.9,1470,0,11597,warm,methodology=cross_instance_parallel_clone;sweep_id=sweep-20260920T012411Z;arch=x86_64;condition=with_gt;local_nvme=true;n_timed=20;suite_id=s05m;clone_run_index=20
2026-09-20,vep-rs,0.1.0-48b2a959,1kg_integrated_chr21_multisample,GRCh37,r8id.8xlarge,median_of_20,1.430,647.6,,,,warm,methodology=cross_instance_parallel_clone;sweep_id=sweep-20260920T012411Z;arch=x86_64;condition=with_gt;local_nvme=true;n_timed=20;suite_id=s05m;p5=1.352;p25=1.410;p75=1.448;p95=1.499;min=1.350;max=1.500;n_clones=20;warmup_run_discarded_per_clone=1;p95_p5_ratio=1.109
2026-09-20,vep-rs,0.1.0-23a294cf,1kg_highcov_chr21,GRCh38,r8gd.8xlarge,1,1.840,1736.2,752,0,32882,warm,methodology=cross_instance_parallel_clone;sweep_id=sweep-20260920T012411Z;arch=arm64;condition=sites_only;local_nvme=true;n_timed=20;suite_id=s06;clone_run_index=1
2026-09-20,vep-rs,0.1.0-23a294cf,1kg_highcov_chr21,GRCh38,r8gd.8xlarge,2,1.880,1770.2,756,0,25444,warm,methodology=cross_instance_parallel_clone;sweep_id=sweep-20260920T012411Z;arch=arm64;condition=sites_only;local_nvme=true;n_timed=20;suite_id=s06;clone_run_index=2
2026-09-20,vep-rs,0.1.0-23a294cf,1kg_highcov_chr21,GRCh38,r8gd.8xlarge,3,1.910,1768.4,738,0,21983,warm,methodology=cross_instance_parallel_clone;sweep_id=sweep-20260920T012411Z;arch=arm64;condition=sites_only;local_nvme=true;n_timed=20;suite_id=s06;clone_run_index=3
2026-09-20,vep-rs,0.1.0-23a294cf,1kg_highcov_chr21,GRCh38,r8gd.8xlarge,4,1.850,1772.4,751,0,22635,warm,methodology=cross_instance_parallel_clone;sweep_id=sweep-20260920T012411Z;arch=arm64;condition=sites_only;local_nvme=true;n_timed=20;suite_id=s06;clone_run_index=4
2026-09-20,vep-rs,0.1.0-23a294cf,1kg_highcov_chr21,GRCh38,r8gd.8xlarge,5,1.900,1760.4,731,0,26011,warm,methodology=cross_instance_parallel_clone;sweep_id=sweep-20260920T012411Z;arch=arm64;condition=sites_only;local_nvme=true;n_timed=20;suite_id=s06;clone_run_index=5
2026-09-20,vep-rs,0.1.0-23a294cf,1kg_highcov_chr21,GRCh38,r8gd.8xlarge,6,1.870,1772.4,736,0,13003,warm,methodology=cross_instance_parallel_clone;sweep_id=sweep-20260920T012411Z;arch=arm64;condition=sites_only;local_nvme=true;n_timed=20;suite_id=s06;clone_run_index=6
2026-09-20,vep-rs,0.1.0-23a294cf,1kg_highcov_chr21,GRCh38,r8gd.8xlarge,7,1.910,1742.2,728,1,21494,warm,methodology=cross_instance_parallel_clone;sweep_id=sweep-20260920T012411Z;arch=arm64;condition=sites_only;local_nvme=true;n_timed=20;suite_id=s06;clone_run_index=7
2026-09-20,vep-rs,0.1.0-23a294cf,1kg_highcov_chr21,GRCh38,r8gd.8xlarge,8,1.930,1746.4,734,0,9993,warm,methodology=cross_instance_parallel_clone;sweep_id=sweep-20260920T012411Z;arch=arm64;condition=sites_only;local_nvme=true;n_timed=20;suite_id=s06;clone_run_index=8
2026-09-20,vep-rs,0.1.0-23a294cf,1kg_highcov_chr21,GRCh38,r8gd.8xlarge,9,1.850,1800.3,761,0,24740,warm,methodology=cross_instance_parallel_clone;sweep_id=sweep-20260920T012411Z;arch=arm64;condition=sites_only;local_nvme=true;n_timed=20;suite_id=s06;clone_run_index=9
2026-09-20,vep-rs,0.1.0-23a294cf,1kg_highcov_chr21,GRCh38,r8gd.8xlarge,10,1.830,1674.3,763,1,15757,warm,methodology=cross_instance_parallel_clone;sweep_id=sweep-20260920T012411Z;arch=arm64;condition=sites_only;local_nvme=true;n_timed=20;suite_id=s06;clone_run_index=10
2026-09-20,vep-rs,0.1.0-23a294cf,1kg_highcov_chr21,GRCh38,r8gd.8xlarge,11,1.880,1770.1,735,0,25047,warm,methodology=cross_instance_parallel_clone;sweep_id=sweep-20260920T012411Z;arch=arm64;condition=sites_only;local_nvme=true;n_timed=20;suite_id=s06;clone_run_index=11
2026-09-20,vep-rs,0.1.0-23a294cf,1kg_highcov_chr21,GRCh38,r8gd.8xlarge,12,1.830,1740.4,760,0,16457,warm,methodology=cross_instance_parallel_clone;sweep_id=sweep-20260920T012411Z;arch=arm64;condition=sites_only;local_nvme=true;n_timed=20;suite_id=s06;clone_run_index=12
2026-09-20,vep-rs,0.1.0-23a294cf,1kg_highcov_chr21,GRCh38,r8gd.8xlarge,13,1.830,1762.3,758,0,19828,warm,methodology=cross_instance_parallel_clone;sweep_id=sweep-20260920T012411Z;arch=arm64;condition=sites_only;local_nvme=true;n_timed=20;suite_id=s06;clone_run_index=13
2026-09-20,vep-rs,0.1.0-23a294cf,1kg_highcov_chr21,GRCh38,r8gd.8xlarge,14,1.820,1784.3,756,0,14676,warm,methodology=cross_instance_parallel_clone;sweep_id=sweep-20260920T012411Z;arch=arm64;condition=sites_only;local_nvme=true;n_timed=20;suite_id=s06;clone_run_index=14
2026-09-20,vep-rs,0.1.0-23a294cf,1kg_highcov_chr21,GRCh38,r8gd.8xlarge,15,1.850,1720.3,743,0,10189,warm,methodology=cross_instance_parallel_clone;sweep_id=sweep-20260920T012411Z;arch=arm64;condition=sites_only;local_nvme=true;n_timed=20;suite_id=s06;clone_run_index=15
2026-09-20,vep-rs,0.1.0-23a294cf,1kg_highcov_chr21,GRCh38,r8gd.8xlarge,16,1.920,1756.3,731,0,14036,warm,methodology=cross_instance_parallel_clone;sweep_id=sweep-20260920T012411Z;arch=arm64;condition=sites_only;local_nvme=true;n_timed=20;suite_id=s06;clone_run_index=16
2026-09-20,vep-rs,0.1.0-23a294cf,1kg_highcov_chr21,GRCh38,r8gd.8xlarge,17,1.810,1826.3,754,1,8081,warm,methodology=cross_instance_parallel_clone;sweep_id=sweep-20260920T012411Z;arch=arm64;condition=sites_only;local_nvme=true;n_timed=20;suite_id=s06;clone_run_index=17
2026-09-20,vep-rs,0.1.0-23a294cf,1kg_highcov_chr21,GRCh38,r8gd.8xlarge,18,1.830,1810.2,753,0,27623,warm,methodology=cross_instance_parallel_clone;sweep_id=sweep-20260920T012411Z;arch=arm64;condition=sites_only;local_nvme=true;n_timed=20;suite_id=s06;clone_run_index=18
2026-09-20,vep-rs,0.1.0-23a294cf,1kg_highcov_chr21,GRCh38,r8gd.8xlarge,19,1.840,1744.3,752,0,15152,warm,methodology=cross_instance_parallel_clone;sweep_id=sweep-20260920T012411Z;arch=arm64;condition=sites_only;local_nvme=true;n_timed=20;suite_id=s06;clone_run_index=19
2026-09-20,vep-rs,0.1.0-23a294cf,1kg_highcov_chr21,GRCh38,r8gd.8xlarge,20,1.840,1742.2,749,0,23406,warm,methodology=cross_instance_parallel_clone;sweep_id=sweep-20260920T012411Z;arch=arm64;condition=sites_only;local_nvme=true;n_timed=20;suite_id=s06;clone_run_index=20
2026-09-20,vep-rs,0.1.0-23a294cf,1kg_highcov_chr21,GRCh38,r8gd.8xlarge,median_of_20,1.850,1761.4,,,,warm,methodology=cross_instance_parallel_clone;sweep_id=sweep-20260920T012411Z;arch=arm64;condition=sites_only;local_nvme=true;n_timed=20;suite_id=s06;p5=1.811;p25=1.830;p75=1.895;p95=1.930;min=1.810;max=1.930;n_clones=20;warmup_run_discarded_per_clone=1;p95_p5_ratio=1.066
2026-09-20,vep-rs,0.1.0-48b2a959,1kg_highcov_chr21,GRCh38,r8id.8xlarge,1,1.810,1728.2,1042,0,27212,warm,methodology=cross_instance_parallel_clone;sweep_id=sweep-20260920T012411Z;arch=x86_64;condition=sites_only;local_nvme=true;n_timed=20;suite_id=s06;clone_run_index=1
2026-09-20,vep-rs,0.1.0-48b2a959,1kg_highcov_chr21,GRCh38,r8id.8xlarge,2,1.780,1704.3,1082,0,19321,warm,methodology=cross_instance_parallel_clone;sweep_id=sweep-20260920T012411Z;arch=x86_64;condition=sites_only;local_nvme=true;n_timed=20;suite_id=s06;clone_run_index=2
2026-09-20,vep-rs,0.1.0-48b2a959,1kg_highcov_chr21,GRCh38,r8id.8xlarge,3,1.690,1674.3,1085,0,26234,warm,methodology=cross_instance_parallel_clone;sweep_id=sweep-20260920T012411Z;arch=x86_64;condition=sites_only;local_nvme=true;n_timed=20;suite_id=s06;clone_run_index=3
2026-09-20,vep-rs,0.1.0-48b2a959,1kg_highcov_chr21,GRCh38,r8id.8xlarge,4,1.710,1716.3,1084,0,28653,warm,methodology=cross_instance_parallel_clone;sweep_id=sweep-20260920T012411Z;arch=x86_64;condition=sites_only;local_nvme=true;n_timed=20;suite_id=s06;clone_run_index=4
2026-09-20,vep-rs,0.1.0-48b2a959,1kg_highcov_chr21,GRCh38,r8id.8xlarge,5,1.720,1792.3,1091,0,20327,warm,methodology=cross_instance_parallel_clone;sweep_id=sweep-20260920T012411Z;arch=x86_64;condition=sites_only;local_nvme=true;n_timed=20;suite_id=s06;clone_run_index=5
2026-09-20,vep-rs,0.1.0-48b2a959,1kg_highcov_chr21,GRCh38,r8id.8xlarge,6,1.810,1724.1,1043,1,22888,warm,methodology=cross_instance_parallel_clone;sweep_id=sweep-20260920T012411Z;arch=x86_64;condition=sites_only;local_nvme=true;n_timed=20;suite_id=s06;clone_run_index=6
2026-09-20,vep-rs,0.1.0-48b2a959,1kg_highcov_chr21,GRCh38,r8id.8xlarge,7,1.780,1706.3,1061,0,13524,warm,methodology=cross_instance_parallel_clone;sweep_id=sweep-20260920T012411Z;arch=x86_64;condition=sites_only;local_nvme=true;n_timed=20;suite_id=s06;clone_run_index=7
2026-09-20,vep-rs,0.1.0-48b2a959,1kg_highcov_chr21,GRCh38,r8id.8xlarge,8,1.690,1676.3,1095,0,22864,warm,methodology=cross_instance_parallel_clone;sweep_id=sweep-20260920T012411Z;arch=x86_64;condition=sites_only;local_nvme=true;n_timed=20;suite_id=s06;clone_run_index=8
2026-09-20,vep-rs,0.1.0-48b2a959,1kg_highcov_chr21,GRCh38,r8id.8xlarge,9,1.710,1776.3,1085,1,12815,warm,methodology=cross_instance_parallel_clone;sweep_id=sweep-20260920T012411Z;arch=x86_64;condition=sites_only;local_nvme=true;n_timed=20;suite_id=s06;clone_run_index=9
2026-09-20,vep-rs,0.1.0-48b2a959,1kg_highcov_chr21,GRCh38,r8id.8xlarge,10,1.810,1774.2,1059,0,14284,warm,methodology=cross_instance_parallel_clone;sweep_id=sweep-20260920T012411Z;arch=x86_64;condition=sites_only;local_nvme=true;n_timed=20;suite_id=s06;clone_run_index=10
2026-09-20,vep-rs,0.1.0-48b2a959,1kg_highcov_chr21,GRCh38,r8id.8xlarge,11,1.750,1720.3,1065,0,21832,warm,methodology=cross_instance_parallel_clone;sweep_id=sweep-20260920T012411Z;arch=x86_64;condition=sites_only;local_nvme=true;n_timed=20;suite_id=s06;clone_run_index=11
2026-09-20,vep-rs,0.1.0-48b2a959,1kg_highcov_chr21,GRCh38,r8id.8xlarge,12,1.730,1814.3,1098,0,17222,warm,methodology=cross_instance_parallel_clone;sweep_id=sweep-20260920T012411Z;arch=x86_64;condition=sites_only;local_nvme=true;n_timed=20;suite_id=s06;clone_run_index=12
2026-09-20,vep-rs,0.1.0-48b2a959,1kg_highcov_chr21,GRCh38,r8id.8xlarge,13,1.750,1786.3,1073,0,27144,warm,methodology=cross_instance_parallel_clone;sweep_id=sweep-20260920T012411Z;arch=x86_64;condition=sites_only;local_nvme=true;n_timed=20;suite_id=s06;clone_run_index=13
2026-09-20,vep-rs,0.1.0-48b2a959,1kg_highcov_chr21,GRCh38,r8id.8xlarge,14,1.740,1752.1,1080,0,23621,warm,methodology=cross_instance_parallel_clone;sweep_id=sweep-20260920T012411Z;arch=x86_64;condition=sites_only;local_nvme=true;n_timed=20;suite_id=s06;clone_run_index=14
2026-09-20,vep-rs,0.1.0-48b2a959,1kg_highcov_chr21,GRCh38,r8id.8xlarge,15,1.720,1790.2,1106,0,23037,warm,methodology=cross_instance_parallel_clone;sweep_id=sweep-20260920T012411Z;arch=x86_64;condition=sites_only;local_nvme=true;n_timed=20;suite_id=s06;clone_run_index=15
2026-09-20,vep-rs,0.1.0-48b2a959,1kg_highcov_chr21,GRCh38,r8id.8xlarge,16,1.770,1738.1,1076,1,22800,warm,methodology=cross_instance_parallel_clone;sweep_id=sweep-20260920T012411Z;arch=x86_64;condition=sites_only;local_nvme=true;n_timed=20;suite_id=s06;clone_run_index=16
2026-09-20,vep-rs,0.1.0-48b2a959,1kg_highcov_chr21,GRCh38,r8id.8xlarge,17,1.750,1766.2,1095,0,31288,warm,methodology=cross_instance_parallel_clone;sweep_id=sweep-20260920T012411Z;arch=x86_64;condition=sites_only;local_nvme=true;n_timed=20;suite_id=s06;clone_run_index=17
2026-09-20,vep-rs,0.1.0-48b2a959,1kg_highcov_chr21,GRCh38,r8id.8xlarge,18,1.730,1796.1,1086,0,22841,warm,methodology=cross_instance_parallel_clone;sweep_id=sweep-20260920T012411Z;arch=x86_64;condition=sites_only;local_nvme=true;n_timed=20;suite_id=s06;clone_run_index=18
2026-09-20,vep-rs,0.1.0-48b2a959,1kg_highcov_chr21,GRCh38,r8id.8xlarge,19,1.720,1734.2,1093,1,22517,warm,methodology=cross_instance_parallel_clone;sweep_id=sweep-20260920T012411Z;arch=x86_64;condition=sites_only;local_nvme=true;n_timed=20;suite_id=s06;clone_run_index=19
2026-09-20,vep-rs,0.1.0-48b2a959,1kg_highcov_chr21,GRCh38,r8id.8xlarge,20,1.820,1714.1,1049,0,23323,warm,methodology=cross_instance_parallel_clone;sweep_id=sweep-20260920T012411Z;arch=x86_64;condition=sites_only;local_nvme=true;n_timed=20;suite_id=s06;clone_run_index=20
2026-09-20,vep-rs,0.1.0-48b2a959,1kg_highcov_chr21,GRCh38,r8id.8xlarge,median_of_20,1.745,1736.2,,,,warm,methodology=cross_instance_parallel_clone;sweep_id=sweep-20260920T012411Z;arch=x86_64;condition=sites_only;local_nvme=true;n_timed=20;suite_id=s06;p5=1.690;p25=1.720;p75=1.780;p95=1.820;min=1.690;max=1.820;n_clones=20;warmup_run_discarded_per_clone=1;p95_p5_ratio=1.077
2026-09-20,vep-rs,0.1.0-23a294cf,1kg_highcov_chr21_multisample,GRCh38,r8gd.8xlarge,1,2.080,1780.3,1195,0,26290,warm,methodology=cross_instance_parallel_clone;sweep_id=sweep-20260920T012411Z;arch=arm64;condition=with_gt;local_nvme=true;n_timed=20;suite_id=s06m;clone_run_index=1
2026-09-20,vep-rs,0.1.0-23a294cf,1kg_highcov_chr21_multisample,GRCh38,r8gd.8xlarge,2,2.090,1754.1,1225,0,17068,warm,methodology=cross_instance_parallel_clone;sweep_id=sweep-20260920T012411Z;arch=arm64;condition=with_gt;local_nvme=true;n_timed=20;suite_id=s06m;clone_run_index=2
2026-09-20,vep-rs,0.1.0-23a294cf,1kg_highcov_chr21_multisample,GRCh38,r8gd.8xlarge,3,2.130,1816.2,1193,0,23038,warm,methodology=cross_instance_parallel_clone;sweep_id=sweep-20260920T012411Z;arch=arm64;condition=with_gt;local_nvme=true;n_timed=20;suite_id=s06m;clone_run_index=3
2026-09-20,vep-rs,0.1.0-23a294cf,1kg_highcov_chr21_multisample,GRCh38,r8gd.8xlarge,4,2.080,1746.3,1212,0,23047,warm,methodology=cross_instance_parallel_clone;sweep_id=sweep-20260920T012411Z;arch=arm64;condition=with_gt;local_nvme=true;n_timed=20;suite_id=s06m;clone_run_index=4
2026-09-20,vep-rs,0.1.0-23a294cf,1kg_highcov_chr21_multisample,GRCh38,r8gd.8xlarge,5,2.110,1750.3,1186,0,17777,warm,methodology=cross_instance_parallel_clone;sweep_id=sweep-20260920T012411Z;arch=arm64;condition=with_gt;local_nvme=true;n_timed=20;suite_id=s06m;clone_run_index=5
2026-09-20,vep-rs,0.1.0-23a294cf,1kg_highcov_chr21_multisample,GRCh38,r8gd.8xlarge,6,2.100,1812.2,1179,0,22726,warm,methodology=cross_instance_parallel_clone;sweep_id=sweep-20260920T012411Z;arch=arm64;condition=with_gt;local_nvme=true;n_timed=20;suite_id=s06m;clone_run_index=6
2026-09-20,vep-rs,0.1.0-23a294cf,1kg_highcov_chr21_multisample,GRCh38,r8gd.8xlarge,7,2.120,1768.4,1183,0,22335,warm,methodology=cross_instance_parallel_clone;sweep_id=sweep-20260920T012411Z;arch=arm64;condition=with_gt;local_nvme=true;n_timed=20;suite_id=s06m;clone_run_index=7
2026-09-20,vep-rs,0.1.0-23a294cf,1kg_highcov_chr21_multisample,GRCh38,r8gd.8xlarge,8,2.120,1696.1,1192,0,24783,warm,methodology=cross_instance_parallel_clone;sweep_id=sweep-20260920T012411Z;arch=arm64;condition=with_gt;local_nvme=true;n_timed=20;suite_id=s06m;clone_run_index=8
2026-09-20,vep-rs,0.1.0-23a294cf,1kg_highcov_chr21_multisample,GRCh38,r8gd.8xlarge,9,2.080,1734.1,1203,0,15135,warm,methodology=cross_instance_parallel_clone;sweep_id=sweep-20260920T012411Z;arch=arm64;condition=with_gt;local_nvme=true;n_timed=20;suite_id=s06m;clone_run_index=9
2026-09-20,vep-rs,0.1.0-23a294cf,1kg_highcov_chr21_multisample,GRCh38,r8gd.8xlarge,10,2.080,1786.2,1208,0,21434,warm,methodology=cross_instance_parallel_clone;sweep_id=sweep-20260920T012411Z;arch=arm64;condition=with_gt;local_nvme=true;n_timed=20;suite_id=s06m;clone_run_index=10
2026-09-20,vep-rs,0.1.0-23a294cf,1kg_highcov_chr21_multisample,GRCh38,r8gd.8xlarge,11,2.110,1786.2,1180,0,26763,warm,methodology=cross_instance_parallel_clone;sweep_id=sweep-20260920T012411Z;arch=arm64;condition=with_gt;local_nvme=true;n_timed=20;suite_id=s06m;clone_run_index=11
2026-09-20,vep-rs,0.1.0-23a294cf,1kg_highcov_chr21_multisample,GRCh38,r8gd.8xlarge,12,2.070,1766.2,1204,0,27737,warm,methodology=cross_instance_parallel_clone;sweep_id=sweep-20260920T012411Z;arch=arm64;condition=with_gt;local_nvme=true;n_timed=20;suite_id=s06m;clone_run_index=12
2026-09-20,vep-rs,0.1.0-23a294cf,1kg_highcov_chr21_multisample,GRCh38,r8gd.8xlarge,13,2.070,1732.2,1213,0,26467,warm,methodology=cross_instance_parallel_clone;sweep_id=sweep-20260920T012411Z;arch=arm64;condition=with_gt;local_nvme=true;n_timed=20;suite_id=s06m;clone_run_index=13
2026-09-20,vep-rs,0.1.0-23a294cf,1kg_highcov_chr21_multisample,GRCh38,r8gd.8xlarge,14,2.060,1789.9,1212,0,19609,warm,methodology=cross_instance_parallel_clone;sweep_id=sweep-20260920T012411Z;arch=arm64;condition=with_gt;local_nvme=true;n_timed=20;suite_id=s06m;clone_run_index=14
2026-09-20,vep-rs,0.1.0-23a294cf,1kg_highcov_chr21_multisample,GRCh38,r8gd.8xlarge,15,2.110,1782.1,1172,1,19220,warm,methodology=cross_instance_parallel_clone;sweep_id=sweep-20260920T012411Z;arch=arm64;condition=with_gt;local_nvme=true;n_timed=20;suite_id=s06m;clone_run_index=15
2026-09-20,vep-rs,0.1.0-23a294cf,1kg_highcov_chr21_multisample,GRCh38,r8gd.8xlarge,16,2.120,1770.3,1186,0,22520,warm,methodology=cross_instance_parallel_clone;sweep_id=sweep-20260920T012411Z;arch=arm64;condition=with_gt;local_nvme=true;n_timed=20;suite_id=s06m;clone_run_index=16
2026-09-20,vep-rs,0.1.0-23a294cf,1kg_highcov_chr21_multisample,GRCh38,r8gd.8xlarge,17,2.060,1732.3,1208,0,18707,warm,methodology=cross_instance_parallel_clone;sweep_id=sweep-20260920T012411Z;arch=arm64;condition=with_gt;local_nvme=true;n_timed=20;suite_id=s06m;clone_run_index=17
2026-09-20,vep-rs,0.1.0-23a294cf,1kg_highcov_chr21_multisample,GRCh38,r8gd.8xlarge,18,2.060,1750.2,1199,0,24244,warm,methodology=cross_instance_parallel_clone;sweep_id=sweep-20260920T012411Z;arch=arm64;condition=with_gt;local_nvme=true;n_timed=20;suite_id=s06m;clone_run_index=18
2026-09-20,vep-rs,0.1.0-23a294cf,1kg_highcov_chr21_multisample,GRCh38,r8gd.8xlarge,19,2.050,1738.3,1216,0,24770,warm,methodology=cross_instance_parallel_clone;sweep_id=sweep-20260920T012411Z;arch=arm64;condition=with_gt;local_nvme=true;n_timed=20;suite_id=s06m;clone_run_index=19
2026-09-20,vep-rs,0.1.0-23a294cf,1kg_highcov_chr21_multisample,GRCh38,r8gd.8xlarge,20,2.060,1766.2,1212,2,22176,warm,methodology=cross_instance_parallel_clone;sweep_id=sweep-20260920T012411Z;arch=arm64;condition=with_gt;local_nvme=true;n_timed=20;suite_id=s06m;clone_run_index=20
2026-09-20,vep-rs,0.1.0-23a294cf,1kg_highcov_chr21_multisample,GRCh38,r8gd.8xlarge,median_of_20,2.080,1766.2,,,,warm,methodology=cross_instance_parallel_clone;sweep_id=sweep-20260920T012411Z;arch=arm64;condition=with_gt;local_nvme=true;n_timed=20;suite_id=s06m;p5=2.051;p25=2.063;p75=2.110;p95=2.129;min=2.050;max=2.130;n_clones=20;warmup_run_discarded_per_clone=1;p95_p5_ratio=1.039
2026-09-20,vep-rs,0.1.0-48b2a959,1kg_highcov_chr21_multisample,GRCh38,r8id.8xlarge,1,2.380,1820.3,1461,1,29721,warm,methodology=cross_instance_parallel_clone;sweep_id=sweep-20260920T012411Z;arch=x86_64;condition=with_gt;local_nvme=true;n_timed=20;suite_id=s06m;clone_run_index=1
2026-09-20,vep-rs,0.1.0-48b2a959,1kg_highcov_chr21_multisample,GRCh38,r8id.8xlarge,2,2.390,1734.2,1454,0,41038,warm,methodology=cross_instance_parallel_clone;sweep_id=sweep-20260920T012411Z;arch=x86_64;condition=with_gt;local_nvme=true;n_timed=20;suite_id=s06m;clone_run_index=2
2026-09-20,vep-rs,0.1.0-48b2a959,1kg_highcov_chr21_multisample,GRCh38,r8id.8xlarge,3,2.390,1708.3,1435,0,45460,warm,methodology=cross_instance_parallel_clone;sweep_id=sweep-20260920T012411Z;arch=x86_64;condition=with_gt;local_nvme=true;n_timed=20;suite_id=s06m;clone_run_index=3
2026-09-20,vep-rs,0.1.0-48b2a959,1kg_highcov_chr21_multisample,GRCh38,r8id.8xlarge,4,2.340,1714.1,1454,0,38493,warm,methodology=cross_instance_parallel_clone;sweep_id=sweep-20260920T012411Z;arch=x86_64;condition=with_gt;local_nvme=true;n_timed=20;suite_id=s06m;clone_run_index=4
2026-09-20,vep-rs,0.1.0-48b2a959,1kg_highcov_chr21_multisample,GRCh38,r8id.8xlarge,5,2.380,1780.2,1472,1,21229,warm,methodology=cross_instance_parallel_clone;sweep_id=sweep-20260920T012411Z;arch=x86_64;condition=with_gt;local_nvme=true;n_timed=20;suite_id=s06m;clone_run_index=5
2026-09-20,vep-rs,0.1.0-48b2a959,1kg_highcov_chr21_multisample,GRCh38,r8id.8xlarge,6,2.500,1710.1,1423,0,25591,warm,methodology=cross_instance_parallel_clone;sweep_id=sweep-20260920T012411Z;arch=x86_64;condition=with_gt;local_nvme=true;n_timed=20;suite_id=s06m;clone_run_index=6
2026-09-20,vep-rs,0.1.0-48b2a959,1kg_highcov_chr21_multisample,GRCh38,r8id.8xlarge,7,2.360,1734.1,1452,0,45257,warm,methodology=cross_instance_parallel_clone;sweep_id=sweep-20260920T012411Z;arch=x86_64;condition=with_gt;local_nvme=true;n_timed=20;suite_id=s06m;clone_run_index=7
2026-09-20,vep-rs,0.1.0-48b2a959,1kg_highcov_chr21_multisample,GRCh38,r8id.8xlarge,8,2.340,1734.3,1458,0,32354,warm,methodology=cross_instance_parallel_clone;sweep_id=sweep-20260920T012411Z;arch=x86_64;condition=with_gt;local_nvme=true;n_timed=20;suite_id=s06m;clone_run_index=8
2026-09-20,vep-rs,0.1.0-48b2a959,1kg_highcov_chr21_multisample,GRCh38,r8id.8xlarge,9,2.350,1814.3,1481,3,31292,warm,methodology=cross_instance_parallel_clone;sweep_id=sweep-20260920T012411Z;arch=x86_64;condition=with_gt;local_nvme=true;n_timed=20;suite_id=s06m;clone_run_index=9
2026-09-20,vep-rs,0.1.0-48b2a959,1kg_highcov_chr21_multisample,GRCh38,r8id.8xlarge,10,2.370,1766.1,1459,0,44700,warm,methodology=cross_instance_parallel_clone;sweep_id=sweep-20260920T012411Z;arch=x86_64;condition=with_gt;local_nvme=true;n_timed=20;suite_id=s06m;clone_run_index=10
2026-09-20,vep-rs,0.1.0-48b2a959,1kg_highcov_chr21_multisample,GRCh38,r8id.8xlarge,11,2.380,1780.2,1439,0,32711,warm,methodology=cross_instance_parallel_clone;sweep_id=sweep-20260920T012411Z;arch=x86_64;condition=with_gt;local_nvme=true;n_timed=20;suite_id=s06m;clone_run_index=11
2026-09-20,vep-rs,0.1.0-48b2a959,1kg_highcov_chr21_multisample,GRCh38,r8id.8xlarge,12,2.400,1740.2,1467,0,30930,warm,methodology=cross_instance_parallel_clone;sweep_id=sweep-20260920T012411Z;arch=x86_64;condition=with_gt;local_nvme=true;n_timed=20;suite_id=s06m;clone_run_index=12
2026-09-20,vep-rs,0.1.0-48b2a959,1kg_highcov_chr21_multisample,GRCh38,r8id.8xlarge,13,2.330,1766.2,1460,0,32804,warm,methodology=cross_instance_parallel_clone;sweep_id=sweep-20260920T012411Z;arch=x86_64;condition=with_gt;local_nvme=true;n_timed=20;suite_id=s06m;clone_run_index=13
2026-09-20,vep-rs,0.1.0-48b2a959,1kg_highcov_chr21_multisample,GRCh38,r8id.8xlarge,14,2.410,1744.2,1450,0,24985,warm,methodology=cross_instance_parallel_clone;sweep_id=sweep-20260920T012411Z;arch=x86_64;condition=with_gt;local_nvme=true;n_timed=20;suite_id=s06m;clone_run_index=14
2026-09-20,vep-rs,0.1.0-48b2a959,1kg_highcov_chr21_multisample,GRCh38,r8id.8xlarge,15,2.310,1746.3,1474,0,41519,warm,methodology=cross_instance_parallel_clone;sweep_id=sweep-20260920T012411Z;arch=x86_64;condition=with_gt;local_nvme=true;n_timed=20;suite_id=s06m;clone_run_index=15
2026-09-20,vep-rs,0.1.0-48b2a959,1kg_highcov_chr21_multisample,GRCh38,r8id.8xlarge,16,2.420,1824.3,1448,0,33222,warm,methodology=cross_instance_parallel_clone;sweep_id=sweep-20260920T012411Z;arch=x86_64;condition=with_gt;local_nvme=true;n_timed=20;suite_id=s06m;clone_run_index=16
2026-09-20,vep-rs,0.1.0-48b2a959,1kg_highcov_chr21_multisample,GRCh38,r8id.8xlarge,17,2.440,1728.3,1437,0,33744,warm,methodology=cross_instance_parallel_clone;sweep_id=sweep-20260920T012411Z;arch=x86_64;condition=with_gt;local_nvme=true;n_timed=20;suite_id=s06m;clone_run_index=17
2026-09-20,vep-rs,0.1.0-48b2a959,1kg_highcov_chr21_multisample,GRCh38,r8id.8xlarge,18,2.350,1708.2,1471,0,38926,warm,methodology=cross_instance_parallel_clone;sweep_id=sweep-20260920T012411Z;arch=x86_64;condition=with_gt;local_nvme=true;n_timed=20;suite_id=s06m;clone_run_index=18
2026-09-20,vep-rs,0.1.0-48b2a959,1kg_highcov_chr21_multisample,GRCh38,r8id.8xlarge,19,2.320,1730.1,1485,0,28773,warm,methodology=cross_instance_parallel_clone;sweep_id=sweep-20260920T012411Z;arch=x86_64;condition=with_gt;local_nvme=true;n_timed=20;suite_id=s06m;clone_run_index=19
2026-09-20,vep-rs,0.1.0-48b2a959,1kg_highcov_chr21_multisample,GRCh38,r8id.8xlarge,20,2.420,1788.2,1418,1,23137,warm,methodology=cross_instance_parallel_clone;sweep_id=sweep-20260920T012411Z;arch=x86_64;condition=with_gt;local_nvme=true;n_timed=20;suite_id=s06m;clone_run_index=20
2026-09-20,vep-rs,0.1.0-48b2a959,1kg_highcov_chr21_multisample,GRCh38,r8id.8xlarge,median_of_20,2.380,1742.2,,,,warm,methodology=cross_instance_parallel_clone;sweep_id=sweep-20260920T012411Z;arch=x86_64;condition=with_gt;local_nvme=true;n_timed=20;suite_id=s06m;p5=2.311;p25=2.343;p75=2.408;p95=2.497;min=2.310;max=2.500;n_clones=20;warmup_run_discarded_per_clone=1;p95_p5_ratio=1.081
2026-09-20,vep-rs,0.1.0-23a294cf,sv_grch37,GRCh37,r8gd.8xlarge,1,0.600,992.5,605,70,27231,warm,methodology=cross_instance_parallel_clone;sweep_id=sweep-20260920T012411Z;arch=arm64;condition=sites_only;local_nvme=true;n_timed=20;suite_id=s07;clone_run_index=1
2026-09-20,vep-rs,0.1.0-23a294cf,sv_grch37,GRCh37,r8gd.8xlarge,2,0.620,993.2,616,33,26419,warm,methodology=cross_instance_parallel_clone;sweep_id=sweep-20260920T012411Z;arch=arm64;condition=sites_only;local_nvme=true;n_timed=20;suite_id=s07;clone_run_index=2
2026-09-20,vep-rs,0.1.0-23a294cf,sv_grch37,GRCh37,r8gd.8xlarge,3,0.630,986.8,609,35,26262,warm,methodology=cross_instance_parallel_clone;sweep_id=sweep-20260920T012411Z;arch=arm64;condition=sites_only;local_nvme=true;n_timed=20;suite_id=s07;clone_run_index=3
2026-09-20,vep-rs,0.1.0-23a294cf,sv_grch37,GRCh37,r8gd.8xlarge,4,0.610,980.7,606,22,26504,warm,methodology=cross_instance_parallel_clone;sweep_id=sweep-20260920T012411Z;arch=arm64;condition=sites_only;local_nvme=true;n_timed=20;suite_id=s07;clone_run_index=4
2026-09-20,vep-rs,0.1.0-23a294cf,sv_grch37,GRCh37,r8gd.8xlarge,5,0.620,966.9,595,73,26262,warm,methodology=cross_instance_parallel_clone;sweep_id=sweep-20260920T012411Z;arch=arm64;condition=sites_only;local_nvme=true;n_timed=20;suite_id=s07;clone_run_index=5
2026-09-20,vep-rs,0.1.0-23a294cf,sv_grch37,GRCh37,r8gd.8xlarge,6,0.610,953.2,594,51,25767,warm,methodology=cross_instance_parallel_clone;sweep_id=sweep-20260920T012411Z;arch=arm64;condition=sites_only;local_nvme=true;n_timed=20;suite_id=s07;clone_run_index=6
2026-09-20,vep-rs,0.1.0-23a294cf,sv_grch37,GRCh37,r8gd.8xlarge,7,0.620,986.8,591,98,25930,warm,methodology=cross_instance_parallel_clone;sweep_id=sweep-20260920T012411Z;arch=arm64;condition=sites_only;local_nvme=true;n_timed=20;suite_id=s07;clone_run_index=7
2026-09-20,vep-rs,0.1.0-23a294cf,sv_grch37,GRCh37,r8gd.8xlarge,8,0.620,961.1,603,51,26235,warm,methodology=cross_instance_parallel_clone;sweep_id=sweep-20260920T012411Z;arch=arm64;condition=sites_only;local_nvme=true;n_timed=20;suite_id=s07;clone_run_index=8
2026-09-20,vep-rs,0.1.0-23a294cf,sv_grch37,GRCh37,r8gd.8xlarge,9,0.610,978.8,609,38,26423,warm,methodology=cross_instance_parallel_clone;sweep_id=sweep-20260920T012411Z;arch=arm64;condition=sites_only;local_nvme=true;n_timed=20;suite_id=s07;clone_run_index=9
2026-09-20,vep-rs,0.1.0-23a294cf,sv_grch37,GRCh37,r8gd.8xlarge,10,0.610,960.9,581,30,25781,warm,methodology=cross_instance_parallel_clone;sweep_id=sweep-20260920T012411Z;arch=arm64;condition=sites_only;local_nvme=true;n_timed=20;suite_id=s07;clone_run_index=10
2026-09-20,vep-rs,0.1.0-23a294cf,sv_grch37,GRCh37,r8gd.8xlarge,11,0.620,983.0,598,48,26234,warm,methodology=cross_instance_parallel_clone;sweep_id=sweep-20260920T012411Z;arch=arm64;condition=sites_only;local_nvme=true;n_timed=20;suite_id=s07;clone_run_index=11
2026-09-20,vep-rs,0.1.0-23a294cf,sv_grch37,GRCh37,r8gd.8xlarge,12,0.610,966.0,600,26,26495,warm,methodology=cross_instance_parallel_clone;sweep_id=sweep-20260920T012411Z;arch=arm64;condition=sites_only;local_nvme=true;n_timed=20;suite_id=s07;clone_run_index=12
2026-09-20,vep-rs,0.1.0-23a294cf,sv_grch37,GRCh37,r8gd.8xlarge,13,0.610,970.9,606,26,26803,warm,methodology=cross_instance_parallel_clone;sweep_id=sweep-20260920T012411Z;arch=arm64;condition=sites_only;local_nvme=true;n_timed=20;suite_id=s07;clone_run_index=13
2026-09-20,vep-rs,0.1.0-23a294cf,sv_grch37,GRCh37,r8gd.8xlarge,14,0.610,978.7,603,60,26172,warm,methodology=cross_instance_parallel_clone;sweep_id=sweep-20260920T012411Z;arch=arm64;condition=sites_only;local_nvme=true;n_timed=20;suite_id=s07;clone_run_index=14
2026-09-20,vep-rs,0.1.0-23a294cf,sv_grch37,GRCh37,r8gd.8xlarge,15,0.610,955.5,598,20,26428,warm,methodology=cross_instance_parallel_clone;sweep_id=sweep-20260920T012411Z;arch=arm64;condition=sites_only;local_nvme=true;n_timed=20;suite_id=s07;clone_run_index=15
2026-09-20,vep-rs,0.1.0-23a294cf,sv_grch37,GRCh37,r8gd.8xlarge,16,0.620,969.1,593,39,25909,warm,methodology=cross_instance_parallel_clone;sweep_id=sweep-20260920T012411Z;arch=arm64;condition=sites_only;local_nvme=true;n_timed=20;suite_id=s07;clone_run_index=16
2026-09-20,vep-rs,0.1.0-23a294cf,sv_grch37,GRCh37,r8gd.8xlarge,17,0.610,990.8,601,38,26759,warm,methodology=cross_instance_parallel_clone;sweep_id=sweep-20260920T012411Z;arch=arm64;condition=sites_only;local_nvme=true;n_timed=20;suite_id=s07;clone_run_index=17
2026-09-20,vep-rs,0.1.0-23a294cf,sv_grch37,GRCh37,r8gd.8xlarge,18,0.600,944.4,603,60,26490,warm,methodology=cross_instance_parallel_clone;sweep_id=sweep-20260920T012411Z;arch=arm64;condition=sites_only;local_nvme=true;n_timed=20;suite_id=s07;clone_run_index=18
2026-09-20,vep-rs,0.1.0-23a294cf,sv_grch37,GRCh37,r8gd.8xlarge,19,0.610,983.0,609,53,26568,warm,methodology=cross_instance_parallel_clone;sweep_id=sweep-20260920T012411Z;arch=arm64;condition=sites_only;local_nvme=true;n_timed=20;suite_id=s07;clone_run_index=19
2026-09-20,vep-rs,0.1.0-23a294cf,sv_grch37,GRCh37,r8gd.8xlarge,20,0.610,974.9,602,67,26019,warm,methodology=cross_instance_parallel_clone;sweep_id=sweep-20260920T012411Z;arch=arm64;condition=sites_only;local_nvme=true;n_timed=20;suite_id=s07;clone_run_index=20
2026-09-20,vep-rs,0.1.0-23a294cf,sv_grch37,GRCh37,r8gd.8xlarge,median_of_20,0.610,976.8,,,,warm,methodology=cross_instance_parallel_clone;sweep_id=sweep-20260920T012411Z;arch=arm64;condition=sites_only;local_nvme=true;n_timed=20;suite_id=s07;p5=0.600;p25=0.610;p75=0.620;p95=0.630;min=0.600;max=0.630;n_clones=20;warmup_run_discarded_per_clone=1;p95_p5_ratio=1.049
2026-09-20,vep-rs,0.1.0-48b2a959,sv_grch37,GRCh37,r8id.8xlarge,1,0.790,996.5,766,3,28400,warm,methodology=cross_instance_parallel_clone;sweep_id=sweep-20260920T012411Z;arch=x86_64;condition=sites_only;local_nvme=true;n_timed=20;suite_id=s07;clone_run_index=1
2026-09-20,vep-rs,0.1.0-48b2a959,sv_grch37,GRCh37,r8id.8xlarge,2,0.800,965.5,748,3,28694,warm,methodology=cross_instance_parallel_clone;sweep_id=sweep-20260920T012411Z;arch=x86_64;condition=sites_only;local_nvme=true;n_timed=20;suite_id=s07;clone_run_index=2
2026-09-20,vep-rs,0.1.0-48b2a959,sv_grch37,GRCh37,r8id.8xlarge,3,0.790,942.1,763,12,28142,warm,methodology=cross_instance_parallel_clone;sweep_id=sweep-20260920T012411Z;arch=x86_64;condition=sites_only;local_nvme=true;n_timed=20;suite_id=s07;clone_run_index=3
2026-09-20,vep-rs,0.1.0-48b2a959,sv_grch37,GRCh37,r8id.8xlarge,4,0.790,970.2,769,10,28122,warm,methodology=cross_instance_parallel_clone;sweep_id=sweep-20260920T012411Z;arch=x86_64;condition=sites_only;local_nvme=true;n_timed=20;suite_id=s07;clone_run_index=4
2026-09-20,vep-rs,0.1.0-48b2a959,sv_grch37,GRCh37,r8id.8xlarge,5,0.790,979.8,747,6,27388,warm,methodology=cross_instance_parallel_clone;sweep_id=sweep-20260920T012411Z;arch=x86_64;condition=sites_only;local_nvme=true;n_timed=20;suite_id=s07;clone_run_index=5
2026-09-20,vep-rs,0.1.0-48b2a959,sv_grch37,GRCh37,r8id.8xlarge,6,0.830,957.9,773,5,28011,warm,methodology=cross_instance_parallel_clone;sweep_id=sweep-20260920T012411Z;arch=x86_64;condition=sites_only;local_nvme=true;n_timed=20;suite_id=s07;clone_run_index=6
2026-09-20,vep-rs,0.1.0-48b2a959,sv_grch37,GRCh37,r8id.8xlarge,7,0.800,969.6,749,17,28461,warm,methodology=cross_instance_parallel_clone;sweep_id=sweep-20260920T012411Z;arch=x86_64;condition=sites_only;local_nvme=true;n_timed=20;suite_id=s07;clone_run_index=7
2026-09-20,vep-rs,0.1.0-48b2a959,sv_grch37,GRCh37,r8id.8xlarge,8,0.800,992.0,736,6,27866,warm,methodology=cross_instance_parallel_clone;sweep_id=sweep-20260920T012411Z;arch=x86_64;condition=sites_only;local_nvme=true;n_timed=20;suite_id=s07;clone_run_index=8
2026-09-20,vep-rs,0.1.0-48b2a959,sv_grch37,GRCh37,r8id.8xlarge,9,0.800,977.4,769,18,28781,warm,methodology=cross_instance_parallel_clone;sweep_id=sweep-20260920T012411Z;arch=x86_64;condition=sites_only;local_nvme=true;n_timed=20;suite_id=s07;clone_run_index=9
2026-09-20,vep-rs,0.1.0-48b2a959,sv_grch37,GRCh37,r8id.8xlarge,10,0.800,974.5,760,3,28463,warm,methodology=cross_instance_parallel_clone;sweep_id=sweep-20260920T012411Z;arch=x86_64;condition=sites_only;local_nvme=true;n_timed=20;suite_id=s07;clone_run_index=10
2026-09-20,vep-rs,0.1.0-48b2a959,sv_grch37,GRCh37,r8id.8xlarge,11,0.790,971.9,738,1,28078,warm,methodology=cross_instance_parallel_clone;sweep_id=sweep-20260920T012411Z;arch=x86_64;condition=sites_only;local_nvme=true;n_timed=20;suite_id=s07;clone_run_index=11
2026-09-20,vep-rs,0.1.0-48b2a959,sv_grch37,GRCh37,r8id.8xlarge,12,0.780,958.9,764,9,28931,warm,methodology=cross_instance_parallel_clone;sweep_id=sweep-20260920T012411Z;arch=x86_64;condition=sites_only;local_nvme=true;n_timed=20;suite_id=s07;clone_run_index=12
2026-09-20,vep-rs,0.1.0-48b2a959,sv_grch37,GRCh37,r8id.8xlarge,13,0.800,963.5,754,1,27992,warm,methodology=cross_instance_parallel_clone;sweep_id=sweep-20260920T012411Z;arch=x86_64;condition=sites_only;local_nvme=true;n_timed=20;suite_id=s07;clone_run_index=13
2026-09-20,vep-rs,0.1.0-48b2a959,sv_grch37,GRCh37,r8id.8xlarge,14,0.780,975.0,767,4,27755,warm,methodology=cross_instance_parallel_clone;sweep_id=sweep-20260920T012411Z;arch=x86_64;condition=sites_only;local_nvme=true;n_timed=20;suite_id=s07;clone_run_index=14
2026-09-20,vep-rs,0.1.0-48b2a959,sv_grch37,GRCh37,r8id.8xlarge,15,0.790,954.0,774,9,28055,warm,methodology=cross_instance_parallel_clone;sweep_id=sweep-20260920T012411Z;arch=x86_64;condition=sites_only;local_nvme=true;n_timed=20;suite_id=s07;clone_run_index=15
2026-09-20,vep-rs,0.1.0-48b2a959,sv_grch37,GRCh37,r8id.8xlarge,16,0.800,953.9,787,17,27859,warm,methodology=cross_instance_parallel_clone;sweep_id=sweep-20260920T012411Z;arch=x86_64;condition=sites_only;local_nvme=true;n_timed=20;suite_id=s07;clone_run_index=16
2026-09-20,vep-rs,0.1.0-48b2a959,sv_grch37,GRCh37,r8id.8xlarge,17,0.810,936.2,756,4,28603,warm,methodology=cross_instance_parallel_clone;sweep_id=sweep-20260920T012411Z;arch=x86_64;condition=sites_only;local_nvme=true;n_timed=20;suite_id=s07;clone_run_index=17
2026-09-20,vep-rs,0.1.0-48b2a959,sv_grch37,GRCh37,r8id.8xlarge,18,0.790,1014.8,768,0,28625,warm,methodology=cross_instance_parallel_clone;sweep_id=sweep-20260920T012411Z;arch=x86_64;condition=sites_only;local_nvme=true;n_timed=20;suite_id=s07;clone_run_index=18
2026-09-20,vep-rs,0.1.0-48b2a959,sv_grch37,GRCh37,r8id.8xlarge,19,0.780,958.9,765,0,28110,warm,methodology=cross_instance_parallel_clone;sweep_id=sweep-20260920T012411Z;arch=x86_64;condition=sites_only;local_nvme=true;n_timed=20;suite_id=s07;clone_run_index=19
2026-09-20,vep-rs,0.1.0-48b2a959,sv_grch37,GRCh37,r8id.8xlarge,20,0.780,950.0,752,2,27767,warm,methodology=cross_instance_parallel_clone;sweep_id=sweep-20260920T012411Z;arch=x86_64;condition=sites_only;local_nvme=true;n_timed=20;suite_id=s07;clone_run_index=20
2026-09-20,vep-rs,0.1.0-48b2a959,sv_grch37,GRCh37,r8id.8xlarge,median_of_20,0.790,967.6,,,,warm,methodology=cross_instance_parallel_clone;sweep_id=sweep-20260920T012411Z;arch=x86_64;condition=sites_only;local_nvme=true;n_timed=20;suite_id=s07;p5=0.780;p25=0.790;p75=0.800;p95=0.829;min=0.780;max=0.830;n_clones=20;warmup_run_discarded_per_clone=1;p95_p5_ratio=1.063
2026-09-20,vep-rs,0.1.0-23a294cf,sv_grch38,GRCh38,r8gd.8xlarge,1,2.790,2110.7,637,56,36289,warm,methodology=cross_instance_parallel_clone;sweep_id=sweep-20260920T012411Z;arch=arm64;condition=sites_only;local_nvme=true;n_timed=20;suite_id=s08;clone_run_index=1
2026-09-20,vep-rs,0.1.0-23a294cf,sv_grch38,GRCh38,r8gd.8xlarge,2,2.900,2020.6,629,38,36151,warm,methodology=cross_instance_parallel_clone;sweep_id=sweep-20260920T012411Z;arch=arm64;condition=sites_only;local_nvme=true;n_timed=20;suite_id=s08;clone_run_index=2
2026-09-20,vep-rs,0.1.0-23a294cf,sv_grch38,GRCh38,r8gd.8xlarge,3,2.850,2019.4,646,25,33602,warm,methodology=cross_instance_parallel_clone;sweep_id=sweep-20260920T012411Z;arch=arm64;condition=sites_only;local_nvme=true;n_timed=20;suite_id=s08;clone_run_index=3
2026-09-20,vep-rs,0.1.0-23a294cf,sv_grch38,GRCh38,r8gd.8xlarge,4,2.870,2012.0,627,45,39394,warm,methodology=cross_instance_parallel_clone;sweep_id=sweep-20260920T012411Z;arch=arm64;condition=sites_only;local_nvme=true;n_timed=20;suite_id=s08;clone_run_index=4
2026-09-20,vep-rs,0.1.0-23a294cf,sv_grch38,GRCh38,r8gd.8xlarge,5,2.800,2024.5,638,32,34993,warm,methodology=cross_instance_parallel_clone;sweep_id=sweep-20260920T012411Z;arch=arm64;condition=sites_only;local_nvme=true;n_timed=20;suite_id=s08;clone_run_index=5
2026-09-20,vep-rs,0.1.0-23a294cf,sv_grch38,GRCh38,r8gd.8xlarge,6,2.780,2037.1,635,28,33294,warm,methodology=cross_instance_parallel_clone;sweep_id=sweep-20260920T012411Z;arch=arm64;condition=sites_only;local_nvme=true;n_timed=20;suite_id=s08;clone_run_index=6
2026-09-20,vep-rs,0.1.0-23a294cf,sv_grch38,GRCh38,r8gd.8xlarge,7,2.880,2034.1,627,40,37365,warm,methodology=cross_instance_parallel_clone;sweep_id=sweep-20260920T012411Z;arch=arm64;condition=sites_only;local_nvme=true;n_timed=20;suite_id=s08;clone_run_index=7
2026-09-20,vep-rs,0.1.0-23a294cf,sv_grch38,GRCh38,r8gd.8xlarge,8,2.910,2057.2,618,74,33737,warm,methodology=cross_instance_parallel_clone;sweep_id=sweep-20260920T012411Z;arch=arm64;condition=sites_only;local_nvme=true;n_timed=20;suite_id=s08;clone_run_index=8
2026-09-20,vep-rs,0.1.0-23a294cf,sv_grch38,GRCh38,r8gd.8xlarge,9,2.780,2107.5,645,32,39781,warm,methodology=cross_instance_parallel_clone;sweep_id=sweep-20260920T012411Z;arch=arm64;condition=sites_only;local_nvme=true;n_timed=20;suite_id=s08;clone_run_index=9
2026-09-20,vep-rs,0.1.0-23a294cf,sv_grch38,GRCh38,r8gd.8xlarge,10,2.790,1995.2,639,33,34386,warm,methodology=cross_instance_parallel_clone;sweep_id=sweep-20260920T012411Z;arch=arm64;condition=sites_only;local_nvme=true;n_timed=20;suite_id=s08;clone_run_index=10
2026-09-20,vep-rs,0.1.0-23a294cf,sv_grch38,GRCh38,r8gd.8xlarge,11,2.980,2066.6,595,49,31961,warm,methodology=cross_instance_parallel_clone;sweep_id=sweep-20260920T012411Z;arch=arm64;condition=sites_only;local_nvme=true;n_timed=20;suite_id=s08;clone_run_index=11
2026-09-20,vep-rs,0.1.0-23a294cf,sv_grch38,GRCh38,r8gd.8xlarge,12,2.870,2043.9,619,45,35460,warm,methodology=cross_instance_parallel_clone;sweep_id=sweep-20260920T012411Z;arch=arm64;condition=sites_only;local_nvme=true;n_timed=20;suite_id=s08;clone_run_index=12
2026-09-20,vep-rs,0.1.0-23a294cf,sv_grch38,GRCh38,r8gd.8xlarge,13,2.810,2016.7,642,24,37116,warm,methodology=cross_instance_parallel_clone;sweep_id=sweep-20260920T012411Z;arch=arm64;condition=sites_only;local_nvme=true;n_timed=20;suite_id=s08;clone_run_index=13
2026-09-20,vep-rs,0.1.0-23a294cf,sv_grch38,GRCh38,r8gd.8xlarge,14,2.760,2042.8,648,59,35797,warm,methodology=cross_instance_parallel_clone;sweep_id=sweep-20260920T012411Z;arch=arm64;condition=sites_only;local_nvme=true;n_timed=20;suite_id=s08;clone_run_index=14
2026-09-20,vep-rs,0.1.0-23a294cf,sv_grch38,GRCh38,r8gd.8xlarge,15,2.790,2082.4,631,59,35869,warm,methodology=cross_instance_parallel_clone;sweep_id=sweep-20260920T012411Z;arch=arm64;condition=sites_only;local_nvme=true;n_timed=20;suite_id=s08;clone_run_index=15
2026-09-20,vep-rs,0.1.0-23a294cf,sv_grch38,GRCh38,r8gd.8xlarge,16,2.880,2008.3,625,76,35124,warm,methodology=cross_instance_parallel_clone;sweep_id=sweep-20260920T012411Z;arch=arm64;condition=sites_only;local_nvme=true;n_timed=20;suite_id=s08;clone_run_index=16
2026-09-20,vep-rs,0.1.0-23a294cf,sv_grch38,GRCh38,r8gd.8xlarge,17,2.760,2039.4,642,47,37960,warm,methodology=cross_instance_parallel_clone;sweep_id=sweep-20260920T012411Z;arch=arm64;condition=sites_only;local_nvme=true;n_timed=20;suite_id=s08;clone_run_index=17
2026-09-20,vep-rs,0.1.0-23a294cf,sv_grch38,GRCh38,r8gd.8xlarge,18,2.750,2055.0,642,25,35583,warm,methodology=cross_instance_parallel_clone;sweep_id=sweep-20260920T012411Z;arch=arm64;condition=sites_only;local_nvme=true;n_timed=20;suite_id=s08;clone_run_index=18
2026-09-20,vep-rs,0.1.0-23a294cf,sv_grch38,GRCh38,r8gd.8xlarge,19,2.810,2099.7,638,62,36320,warm,methodology=cross_instance_parallel_clone;sweep_id=sweep-20260920T012411Z;arch=arm64;condition=sites_only;local_nvme=true;n_timed=20;suite_id=s08;clone_run_index=19
2026-09-20,vep-rs,0.1.0-23a294cf,sv_grch38,GRCh38,r8gd.8xlarge,20,2.810,2061.6,634,43,34130,warm,methodology=cross_instance_parallel_clone;sweep_id=sweep-20260920T012411Z;arch=arm64;condition=sites_only;local_nvme=true;n_timed=20;suite_id=s08;clone_run_index=20
2026-09-20,vep-rs,0.1.0-23a294cf,sv_grch38,GRCh38,r8gd.8xlarge,median_of_20,2.810,2041.1,,,,warm,methodology=cross_instance_parallel_clone;sweep_id=sweep-20260920T012411Z;arch=arm64;condition=sites_only;local_nvme=true;n_timed=20;suite_id=s08;p5=2.750;p25=2.782;p75=2.878;p95=2.977;min=2.750;max=2.980;n_clones=20;warmup_run_discarded_per_clone=1;p95_p5_ratio=1.082
2026-09-20,vep-rs,0.1.0-48b2a959,sv_grch38,GRCh38,r8id.8xlarge,1,2.670,2007.1,762,0,39209,warm,methodology=cross_instance_parallel_clone;sweep_id=sweep-20260920T012411Z;arch=x86_64;condition=sites_only;local_nvme=true;n_timed=20;suite_id=s08;clone_run_index=1
2026-09-20,vep-rs,0.1.0-48b2a959,sv_grch38,GRCh38,r8id.8xlarge,2,2.660,2116.2,781,1,38188,warm,methodology=cross_instance_parallel_clone;sweep_id=sweep-20260920T012411Z;arch=x86_64;condition=sites_only;local_nvme=true;n_timed=20;suite_id=s08;clone_run_index=2
2026-09-20,vep-rs,0.1.0-48b2a959,sv_grch38,GRCh38,r8id.8xlarge,3,2.660,2013.9,774,2,37659,warm,methodology=cross_instance_parallel_clone;sweep_id=sweep-20260920T012411Z;arch=x86_64;condition=sites_only;local_nvme=true;n_timed=20;suite_id=s08;clone_run_index=3
2026-09-20,vep-rs,0.1.0-48b2a959,sv_grch38,GRCh38,r8id.8xlarge,4,2.630,1990.3,783,1,34437,warm,methodology=cross_instance_parallel_clone;sweep_id=sweep-20260920T012411Z;arch=x86_64;condition=sites_only;local_nvme=true;n_timed=20;suite_id=s08;clone_run_index=4
2026-09-20,vep-rs,0.1.0-48b2a959,sv_grch38,GRCh38,r8id.8xlarge,5,2.630,2035.8,767,1,35105,warm,methodology=cross_instance_parallel_clone;sweep_id=sweep-20260920T012411Z;arch=x86_64;condition=sites_only;local_nvme=true;n_timed=20;suite_id=s08;clone_run_index=5
2026-09-20,vep-rs,0.1.0-48b2a959,sv_grch38,GRCh38,r8id.8xlarge,6,2.760,2047.5,774,0,32880,warm,methodology=cross_instance_parallel_clone;sweep_id=sweep-20260920T012411Z;arch=x86_64;condition=sites_only;local_nvme=true;n_timed=20;suite_id=s08;clone_run_index=6
2026-09-20,vep-rs,0.1.0-48b2a959,sv_grch38,GRCh38,r8id.8xlarge,7,2.650,1968.8,768,2,36956,warm,methodology=cross_instance_parallel_clone;sweep_id=sweep-20260920T012411Z;arch=x86_64;condition=sites_only;local_nvme=true;n_timed=20;suite_id=s08;clone_run_index=7
2026-09-20,vep-rs,0.1.0-48b2a959,sv_grch38,GRCh38,r8id.8xlarge,8,2.600,1989.4,775,2,34586,warm,methodology=cross_instance_parallel_clone;sweep_id=sweep-20260920T012411Z;arch=x86_64;condition=sites_only;local_nvme=true;n_timed=20;suite_id=s08;clone_run_index=8
2026-09-20,vep-rs,0.1.0-48b2a959,sv_grch38,GRCh38,r8id.8xlarge,9,2.670,2036.2,775,0,36744,warm,methodology=cross_instance_parallel_clone;sweep_id=sweep-20260920T012411Z;arch=x86_64;condition=sites_only;local_nvme=true;n_timed=20;suite_id=s08;clone_run_index=9
2026-09-20,vep-rs,0.1.0-48b2a959,sv_grch38,GRCh38,r8id.8xlarge,10,2.630,2062.6,772,1,36040,warm,methodology=cross_instance_parallel_clone;sweep_id=sweep-20260920T012411Z;arch=x86_64;condition=sites_only;local_nvme=true;n_timed=20;suite_id=s08;clone_run_index=10
2026-09-20,vep-rs,0.1.0-48b2a959,sv_grch38,GRCh38,r8id.8xlarge,11,2.610,2101.0,780,0,34857,warm,methodology=cross_instance_parallel_clone;sweep_id=sweep-20260920T012411Z;arch=x86_64;condition=sites_only;local_nvme=true;n_timed=20;suite_id=s08;clone_run_index=11
2026-09-20,vep-rs,0.1.0-48b2a959,sv_grch38,GRCh38,r8id.8xlarge,12,2.630,2038.6,777,1,34927,warm,methodology=cross_instance_parallel_clone;sweep_id=sweep-20260920T012411Z;arch=x86_64;condition=sites_only;local_nvme=true;n_timed=20;suite_id=s08;clone_run_index=12
2026-09-20,vep-rs,0.1.0-48b2a959,sv_grch38,GRCh38,r8id.8xlarge,13,2.630,2019.0,769,2,33476,warm,methodology=cross_instance_parallel_clone;sweep_id=sweep-20260920T012411Z;arch=x86_64;condition=sites_only;local_nvme=true;n_timed=20;suite_id=s08;clone_run_index=13
2026-09-20,vep-rs,0.1.0-48b2a959,sv_grch38,GRCh38,r8id.8xlarge,14,2.620,1988.0,769,2,34227,warm,methodology=cross_instance_parallel_clone;sweep_id=sweep-20260920T012411Z;arch=x86_64;condition=sites_only;local_nvme=true;n_timed=20;suite_id=s08;clone_run_index=14
2026-09-20,vep-rs,0.1.0-48b2a959,sv_grch38,GRCh38,r8id.8xlarge,15,2.630,2055.1,777,22,37572,warm,methodology=cross_instance_parallel_clone;sweep_id=sweep-20260920T012411Z;arch=x86_64;condition=sites_only;local_nvme=true;n_timed=20;suite_id=s08;clone_run_index=15
2026-09-20,vep-rs,0.1.0-48b2a959,sv_grch38,GRCh38,r8id.8xlarge,16,2.660,2038.2,782,0,34166,warm,methodology=cross_instance_parallel_clone;sweep_id=sweep-20260920T012411Z;arch=x86_64;condition=sites_only;local_nvme=true;n_timed=20;suite_id=s08;clone_run_index=16
2026-09-20,vep-rs,0.1.0-48b2a959,sv_grch38,GRCh38,r8id.8xlarge,17,2.710,2056.1,764,1,44660,warm,methodology=cross_instance_parallel_clone;sweep_id=sweep-20260920T012411Z;arch=x86_64;condition=sites_only;local_nvme=true;n_timed=20;suite_id=s08;clone_run_index=17
2026-09-20,vep-rs,0.1.0-48b2a959,sv_grch38,GRCh38,r8id.8xlarge,18,2.730,2018.7,739,0,36808,warm,methodology=cross_instance_parallel_clone;sweep_id=sweep-20260920T012411Z;arch=x86_64;condition=sites_only;local_nvme=true;n_timed=20;suite_id=s08;clone_run_index=18
2026-09-20,vep-rs,0.1.0-48b2a959,sv_grch38,GRCh38,r8id.8xlarge,19,2.610,2051.1,778,0,35709,warm,methodology=cross_instance_parallel_clone;sweep_id=sweep-20260920T012411Z;arch=x86_64;condition=sites_only;local_nvme=true;n_timed=20;suite_id=s08;clone_run_index=19
2026-09-20,vep-rs,0.1.0-48b2a959,sv_grch38,GRCh38,r8id.8xlarge,20,2.630,2003.4,767,2,32431,warm,methodology=cross_instance_parallel_clone;sweep_id=sweep-20260920T012411Z;arch=x86_64;condition=sites_only;local_nvme=true;n_timed=20;suite_id=s08;clone_run_index=20
2026-09-20,vep-rs,0.1.0-48b2a959,sv_grch38,GRCh38,r8id.8xlarge,median_of_20,2.630,2036.0,,,,warm,methodology=cross_instance_parallel_clone;sweep_id=sweep-20260920T012411Z;arch=x86_64;condition=sites_only;local_nvme=true;n_timed=20;suite_id=s08;p5=2.601;p25=2.630;p75=2.667;p95=2.758;min=2.600;max=2.760;n_clones=20;warmup_run_discarded_per_clone=1;p95_p5_ratio=1.061
